Prj_ID,Trt_ID,Trt_Type_Major,Trt_Type_Sub,Treatment_Type,FID_TrtPoly002,ObjectID_Union,ObjectID_CountOverlapping,treatment_count,init_date_est,comp_date_est,Init_Date,Comp_Date,init_est,comp_est,init_comp_elapsed,Plan_Imp,Success,Dates_Confirmed,Units,Num_Units,Treatment_Seeded,Seed_List,Seed_Mix_Name,Seeds_or_Seedlings,Seed_List_Confirmed,Control_Areas,Seed_Application_Rate,Seed_Notes,Objectives,Planned_Implementation,Actual_Implementation,Treatment_Effect_and_Results,Trt_Feature_Type,Feature_Status,How_Feature_Created,Feature_Creation_Date,Total_Acres,BLM_Acres,GIS_Notes,Initiated_By,Trt_Concerns,Trt_Concerns_Desc,Problems_Apply_Trt,Problems_Apply_Trt_Desc,Conditions_At_Trt,Conditions_At_Trt_Desc,Trt_Notes,User_Updated,init_m,init_d,init_y,init_m_est,init_d_est,comp_m,comp_d,comp_y,comp_m_est,comp_d_est
10938,29587,Vegetation/Soil Manipulation,Soil Disturbance,Soil Disturbance: Chaining,18997,3590,2266,3,2009-01-15,2009-03-15,1/15/2009,3/15/2009,actual,actual,59,Implemented,None,2,Acres,3103,0,NA,NA,NA,NA,NA,NA,NA,"\u2022 Reduce pinyon and juniper establishment on sagebrush ecological sites in order to\r\nimprove the overall vegetative composition within the ecological site potential and\r\nimprove the health, vigor and production of perennial grass, forb and shrub species\r\n\r\n\u2022 Improve the available habitat for neighboring sage grouse, mule deer and elk populations\r\n\r\n\u2022 Reduce the risk of large, uncontrolled wild fires by reducing fuel loading and continuity\r\nwithin the South Spring Valley watershed and meet FRCC 1\r\n\r\n\u2022 Restore the historic disturbance regime within the project area","The mechanical treatment, chaining, uses a large anchor chain approximately 100-200 feet long pulled in a 'U&$ shape behind two tractors or dozers. Most green chaining are done as a two-way, meaning chained one way and then chained back the opposite way for higher tree mortality.",NA,NA,Polygon,Confirmed,"Digitized by BLM field office personnel, method unknown",NA,3103.545756,3102.107607,NA,NA,None,NA,None,NA,None,NA,NA,10:38:00,1,15,2009,01,15,3,15,2009,03,15
10938,29589,Vegetation/Soil Manipulation,Soil Disturbance,Soil Disturbance: Chaining,18998,3591,2266,3,2009-01-15,2009-03-15,1/15/2009,3/15/2009,actual,actual,59,Implemented,None,2,Acres,3103,0,NA,NA,NA,NA,NA,NA,NA,"\u2022 Reduce pinyon and juniper establishment on sagebrush ecological sites in order to\r\nimprove the overall vegetative composition within the ecological site potential and\r\nimprove the health, vigor and production of perennial grass, forb and shrub species\r\n\r\n\u2022 Improve the available habitat for neighboring sage grouse, mule deer and elk populations\r\n\r\n\u2022 Reduce the risk of large, uncontrolled wild fires by reducing fuel loading and continuity\r\nwithin the South Spring Valley watershed and meet FRCC 1\r\n\r\n\u2022 Restore the historic disturbance regime within the project area","The mechanical treatment, chaining, uses a large anchor chain approximately 100-200 feet long pulled in a 'U&$ shape behind two tractors or dozers. Most green chaining are done as a two-way, meaning chained one way and then chained back the opposite way for higher tree mortality.",NA,NA,Polygon,Confirmed,"Digitized by BLM field office personnel, method unknown",NA,3103.545756,3102.107607,NA,NA,None,NA,None,NA,None,NA,NA,10:38:00,1,15,2009,01,15,3,15,2009,03,15
474,1269,Vegetation/Soil Manipulation,Soil Disturbance,Soil Disturbance: Chaining,848,9069,3237,3,1966-06-27,1966-12-01,6/27/1966,12/1/1966,actual,actual,157,Implemented,None,2,Acres,3900,0,NA,NA,NA,NA,NA,NA,NA,NA,NA,Area was chained one way with heavy-ships anchor chain (70# 1ft.) pulled by two D-8 tractors.,NA,Polygon,Confirmed,Digitized by LTDL data entry personnel using a confirmed map,9/4/2012,4336.290877,4336.290887,NA,NA,Unknown,NA,None,NA,None,NA,NA,37:07:00,6,27,1966,06,27,12,1,1966,12,01
474,1271,Vegetation/Soil Manipulation,Soil Disturbance,Soil Disturbance: Chaining,850,9071,3237,3,1966-06-19,1966-12-01,6/19/1966,12/1/1966,actual,actual,165,Implemented,None,2,Acres,3900,0,NA,NA,NA,NA,NA,NA,NA,NA,NA,"After application of seed, area was chained 2nd time in opposite direction",NA,Polygon,Confirmed,Digitized by LTDL data entry personnel using a confirmed map,9/4/2012,4336.290877,4336.290887,NA,NA,Unknown,NA,None,NA,None,NA,NA,37:07:00,6,19,1966,06,19,12,1,1966,12,01
7593,20735,Vegetation/Soil Manipulation,Soil Disturbance,Soil Disturbance: Chaining,13154,9834,3900,3,1967-10-05,1967-11-24,10/5/1967,11/24/1967,actual,actual,50,Implemented,Unknown,1,Acres,1200,0,No seed list,NA,NA,NA,NA,NA,NA,...chaining...,"After the area has been seeded, the tractors shall then return over the same area dragging the chain in exactly the opposite direction from the first pass, thus chaining the entire area twice. Small islands of trees shall be left as wildlife shelters.\r\n\r\nThe contractor shall furnish...tractors...\r\n\r\nThe chain furnished by the government...",The entire area was then chained again in the opposite direction.,Unknown.,Polygon,Confirmed,Digitized by LTDL data entry personnel using a confirmed map,2/10/2014,1193.037356,1164.617025,NA,Contractor,Other (See Related Notes),...chaining the area twice.,Unknown,NA,Unknown,NA,Treatment funded by BLM''s Soil & Watershed Conservation program.\r\n\r\nEstimated initiation and completion dates based on project start and end dates indicated in Project Completion Report.\r\n\r\nPlanned cost based on halving total planned cost of $8400 for the two chaining treatments indicated in Project Estimate.,04:00:00,10,5,1967,10,05,11,24,1967,11,24
7593,20733,Vegetation/Soil Manipulation,Soil Disturbance,Soil Disturbance: Chaining,13155,9835,3900,3,1967-10-05,1967-11-24,10/5/1967,11/24/1967,actual,actual,50,Implemented,Unknown,1,Acres,1200,-1,Confirmed seed list,Miners Mountain Aerial Seeding Mix,Seeds,Confirmed on Paper,Unknown,Unknown,"The seed mix did not indicate whether bulk or PLS rates were used, therefore, unknown has been listed and all seed mix information has been entered into the Bulk category. \r\n\r\nRate of seeding unspecified.",...chaining...,"The tractors shall make one pass with the chain, after which the area will be seeded... During the seeding operation the chaining will be suspended...\r\n\r\nIslands of trees will be left for game habitat within exterior boundaries of chaining.\r\n\r\nDuring the chaining operation, straight lines & trees along boundaries will be avoided -- curved lines will be encouraged to improve esthetic values.\r\n\r\nTwo (2) ""seed dribblers&& will be furnished by the government...so attached that &&browse&& seed will be dropped from the dribblers on the track pad just as it is ready to break over and be covered by the action of the tractor cleats and anchor chain.\r\n\r\nSeed dribblers will only be used on the first chaining.","Seedbed was prepared by pulling anchor chain between two D-8 Caterpillar tractors.\r\n\r\nChaining was done under contract with Earl Sawyer & Sons, Hatch, UT. A browse seed dribbler was attached to one tractor to seed fourwing saltbush.",Unknown.,Polygon,Confirmed,Digitized by LTDL data entry personnel using a confirmed map,2/10/2014,1193.037356,1164.617025,NA,Contractor,Seedbed Preparation,Seedbed was prepared by [chaining].,Unknown,NA,Unknown,NA,Treatment funded by BLM''s Soil & Watershed Conservation program.\r\n\r\nEstimated initiation and completion dates based on project start and end dates indicated in Project Completion Report.\r\n\r\nPlanned cost based on halving total planned cost of $8400 for the two chaining treatments indicated in Project Estimate.,04:00:00,10,5,1967,10,05,11,24,1967,11,24
16813,45316,Seeding,Ground Seeding,Ground Seeding: Dribble,27112,12465,4213,7,2017-01-17,2017-01-17,1/17/2017,1/17/2017,actual,actual,0,Implemented,See Comments,2,Acres,323,-1,Confirmed seed list,West Govemmenl Creek Dribbler 1,Seeds,Confirmed on Paper,Unknown,Species Specific,PLS lbs/ac: 0.57\r\nSeed was mixed at GBRC in Ephraim.\r\nMix Lot #: cr-re-wgcd1-17,Objective: Perennial species at least 40% composition of the total plant community after the 5th full growing\r\nseason (2021) following the fire.,NA,"\u2026dribbler seed mixes were applied as part of the chaining operations. Normally, we just have one dribbler mix. \u2026Due to a wide variety of shrubs that went into the dribbler mix and a shortage of cliffrose, the DWR and BLM decided to have two separtae dribbler mixes. One mix was dribbled out of one dozer and the other was dribbled out of the second dozer.","2017: Seeded and volunteer plant material look very good the first year following the fire. Composition and vigor of seeded species is very impressive. Perennial composition has already reached and exceeded the 5-year 40% composition objective. The 40% composition objective is measured using nested plot frequency of perennial vegetation. Relative frequency of perennial species in 2017 averaged approximately 73% for three monitoring locations.\r\n2018: Three Nested Plot Frequency transects were completed on the West Government Creek ESR on\r\nMay 31 and June 14, 2018. Seeded and volunteer plant material continue to look very good into\r\nthe second year following the fire. Plant vigor of seeded species is excellent. Perennial\r\ncomposition once again exceeded the 5-year 40% composition objective. The 40% composition\r\nobjective is measured using nested plot frequency of perennial vegetation. Relative frequency of\r\nperennial species in 2018 averaged approximately 70% for three monitoring locations.\r\n\r\n2019: Two Nested Plot Frequency transects were completed on the West Government Creek ESR on June 25 and June 29, 2019. Seeded and volunteer plant material continue to look very good into the second year following the fire. Plant vigor of seeded species is excellent. Perennial composition once again exceeded the 5-year 40% composition objective. The 40% composition objective is measured using nested plot frequency of perennial vegetation. Relative frequency of perennial species in 2018 averaged approximately 60% for two monitoring locations. Detailed vegetation monitoring results are documented below.\r\n\r\n2020: Three Nested Plot Frequency transects were completed on the West Government Creek ESR on June 17 and June 18, 2020. Seeded and volunteer plant material continue to look vigorous into the fourth year following the fire. Perennial composition once again exceeded the 5-year 40% composition objective. The 40% composition objective is measured using nested plot frequency of perennial vegetation. Relative frequency of perennial species in 2020 was a phenomenal average of 83% for three monitoring locations. Detailed vegetation monitoring results are documented below.\r\n\r\n2021: Due to budget restrictions vegetation and weeds monitoring was not conducted during the 2021 field season. The West Government Creek ESR project has met its objective of 40% relative perennial frequency composition in the first and all subsequent years for monitored sites.",Polygon,Confirmed,"Digitized by BLM field office personnel, method unknown",1/1/1900 0:00,376.3360277,376.3360277,NA,Unknown,"Establishment of seeded species, Habitat for wildlife, Habitat productivity, Habitat quality, Habitat for greater sage grouse, Erosion, Invasive species, Invasion by non-native annuals, Invasion by cheatgrass, Noxious weeds",Establish perennial species,NA,NA,NA,NA,"The dribbler seeding was done as part of chaining operations and only 323 acres of chaining was completed so, it is assumed that only 323 acres was seeded with the dribbler mix.\r\n\r\nSeed mix cost: $19,257.55\r\nApplication cost: Unknown",23:17:00,1,17,2017,01,17,1,17,2017,01,17
16813,45317,Seeding,Ground Seeding,Ground Seeding: Dribble,27113,12466,4213,7,2017-01-17,2017-01-17,1/17/2017,1/17/2017,actual,actual,0,Implemented,See Comments,2,Acres,323,-1,Confirmed seed list,West Government Creek Dribbler 2,Seeds,Confirmed on Paper,Unknown,Species Specific,PLS lbs/ac: 0.37\r\nSeed was mixed at GBRC in Ephraim.\r\nMix Lot #: cr-re-wgcd2-17,Objective: Perennial species at least 40% composition of the total plant community after the 5th full growing\r\nseason (2021) following the fire.,NA,"\u2026dribbler seed mixes were applied as part of the chaining operations\u2026Due to a wide variety of shrubs that went into the dribbler mix and a shortage of cliffrose, the DWR and BLM decided to have two separtae dribbler mixes. One mix was dribbled out of one dozer and the other was dribbled out of the second dozer.","2017: Seeded and volunteer plant material look very good the first year following the fire. Composition and vigor of seeded species is very impressive. Perennial composition has already reached and exceeded the 5-year 40% composition objective. The 40% composition objective is measured using nested plot frequency of perennial vegetation. Relative frequency of perennial species in 2017 averaged approximately 73% for three monitoring locations.\r\n\r\n2018: Three Nested Plot Frequency transects were completed on the West Government Creek ESR on\r\nMay 31 and June 14, 2018. Seeded and volunteer plant material continue to look very good into\r\nthe second year following the fire. Plant vigor of seeded species is excellent. Perennial\r\ncomposition once again exceeded the 5-year 40% composition objective. The 40% composition\r\nobjective is measured using nested plot frequency of perennial vegetation. Relative frequency of\r\nperennial species in 2018 averaged approximately 70% for three monitoring locations.\r\n\r\n2019: Two Nested Plot Frequency transects were completed on the West Government Creek ESR on June 25 and June 29, 2019. Seeded and volunteer plant material continue to look very good into the second year following the fire. Plant vigor of seeded species is excellent. Perennial composition once again exceeded the 5-year 40% composition objective. The 40% composition objective is measured using nested plot frequency of perennial vegetation. Relative frequency of perennial species in 2018 averaged approximately 60% for two monitoring locations. Detailed vegetation monitoring results are documented below.\r\n\r\n2020: Three Nested Plot Frequency transects were completed on the West Government Creek ESR on June 17 and June 18, 2020. Seeded and volunteer plant material continue to look vigorous into the fourth year following the fire. Perennial composition once again exceeded the 5-year 40% composition objective. The 40% composition objective is measured using nested plot frequency of perennial vegetation. Relative frequency of perennial species in 2020 was a phenomenal average of 83% for three monitoring locations. Detailed vegetation monitoring results are documented below.\r\n\r\n2021: Due to budget restrictions vegetation and weeds monitoring was not conducted during the 2021 field season. The West Government Creek ESR project has met its objective of 40% relative perennial frequency composition in the first and all subsequent years for monitored sites.",Polygon,Confirmed,"Digitized by BLM field office personnel, method unknown",1/1/1900 0:00,376.3360277,376.3360277,NA,Unknown,"Establishment of seeded species, Habitat for wildlife, Habitat productivity, Habitat quality, Habitat for greater sage grouse, Erosion, Invasive species, Invasion by non-native annuals, Invasion by cheatgrass, Noxious weeds",Establish perennial species,NA,NA,NA,NA,"The dribbler seeding was done as part of chaining operations and only 323 acres of chaining was completed so, it is assumed that only 323 acres was seeded with the dribbler mix.\r\n\r\nSeed mix cost: $19,257.55\r\nApplication cost: Unknown",23:17:00,1,17,2017,01,17,1,17,2017,01,17
1096,3014,Vegetation/Soil Manipulation,Soil Disturbance,Soil Disturbance: Chaining,1930,9144,4623,3,1966-09-27,1966-12-14,9/27/1966,12/14/1966,actual,actual,78,Implemented,None,2,Acres,3043,0,NA,NA,NA,NA,NA,NA,NA,To prevent erosion and to increase the carrying capacity of the area for deer and cattle.,"The seed bed will be prepared by double chaining, using 40 lb. anchor chain pulled between two D-8 tractors.","3,043 acres of pinyon juniper were chained twice with 40 lb. anchor chain pulled between two D-8 cats.",NA,Polygon,Confirmed,Digitized by LTDL data entry personnel using a confirmed map,7/11/2014,3510.25082,3410.038983,NA,NA,"Brush control, Carrying capacity, Erosion",Purpose is to prevent erosion and to increase the carrying capacity of the area for deer and cattle.,None,NA,None,NA,NA,59:11:00,9,27,1966,09,27,12,14,1966,12,14
1096,3016,Vegetation/Soil Manipulation,Soil Disturbance,Soil Disturbance: Chaining,1932,9146,4623,3,1966-09-27,1966-12-14,9/27/1966,12/14/1966,actual,actual,78,Implemented,NA,0,Acres,3043,0,NA,NA,NA,NA,NA,NA,NA,To prevent erosion and to increase the carrying capacity of the area for deer and cattle.,"The seed bed will be prepared by double chaining, using 40 lb. anchor chain pulled between two D-8 tractors.","3,043 acres of pinyon juniper were chained twice with 40 lb. anchor chain pulled between two D-8 cats.",NA,Polygon,Confirmed,Digitized by LTDL data entry personnel using a confirmed map,7/11/2014,3510.25082,3410.038983,NA,NA,"Brush control, Carrying capacity, Erosion",Purpose is to prevent erosion and to increase the carrying capacity of the area for deer and cattle.,None,NA,None,NA,NA,03:06:00,9,27,1966,09,27,12,14,1966,12,14
11545,31326,Seeding,Seeding,Seeding,20110,10114,4703,3,1955-07-01,1956-05-20,7/1/1955,5/20/1956,actual,actual,324,Implemented,None,2,Acres,188,-1,Unknown seed list,NA,Seeds,Unknown Seed List Origin,Unknown,NA,NA,Reseed 188 acres of land.,188 acres of hard pan soil have been ripped to a depth of approximately been ripped to a depth of approximately 24 inches and reseeded with crested wheat and sand drop.,NA,NA,Polygon,Confirmed,Digitized by LTDL data entry personnel using a confirmed map,6/19/2014,987.0637531,987.0672052,NA,NA,"Carrying capacity, Dam degradation, Flooding, Rangeland health, Seedbed preparation, Watershed degradation",A dam has been constructed to divert the water from Ten Mile Wash into spreader area. 1.7 miles of spreader dikes have been ripped to a depth of approximately 24 inches and reseeded with crested wheat and sand drop. 362 acres of virgin soil have been reseeded with crested wheat and sand drop.,None,NA,None,NA,NA,21:05:00,7,1,1955,07,01,5,20,1956,05,20
11545,31327,Seeding,Seeding,Seeding,20111,10115,4703,3,1955-07-01,1956-05-20,7/1/1955,5/20/1956,actual,actual,324,Implemented,None,2,Acres,362,-1,Unknown seed list,NA,Seeds,Unknown Seed List Origin,Unknown,NA,NA,To reseed the area.,362 acres of virgin soil have been reseeded with crested wheat and sand drop.,NA,NA,Polygon,Confirmed,Digitized by LTDL data entry personnel using a confirmed map,6/19/2014,987.0637531,987.0672052,NA,NA,"Carrying capacity, Dam degradation, Flooding, Rangeland health, Seedbed preparation, Watershed degradation",A dam has been constructed to divert the water from Ten Mile Wash into spreader area. 1.7 miles of spreader dikes have been ripped to a depth of approximately 24 inches and reseeded with crested wheat and sand drop. 362 acres of virgin soil have been reseeded with crested wheat and sand drop.,None,NA,None,NA,NA,21:24:00,7,1,1955,07,01,5,20,1956,05,20
8563,23426,Vegetation/Soil Manipulation,Soil Disturbance,Soil Disturbance: Chaining,14943,11033,4767,4,1966-07-07,1966-12-05,7/7/1966,12/5/1966,actual,actual,151,Implemented,Unknown,1,Acres,2400,0,NA,NA,NA,NA,NA,NA,NA,Eradicate pinyon juniper,Pinon-juniper will be eradicated by\r\nchaining with a large ship's anchor chain suspended between two crawler-type tractors.,Two D-8 tractors pulled a chain which weighed 90# and 47# per link to remove pinon-juniper\r\ntrees which were the dominate vegetation.,NA,Polygon,Confirmed,Digitized by LTDL data entry personnel using a confirmed map,3/18/2013,3144.471159,3143.010073,NA,BLM,Seedbed Preparation,"This project is proposed for pinon-juniper eradication and replacement by the better\r\nforage species, such as grass and browse plants.",None,NA,None,NA,NA,56:07:00,7,7,1966,07,07,12,5,1966,12,05
8563,23428,Vegetation/Soil Manipulation,Soil Disturbance,Soil Disturbance: Chaining,14945,11035,4767,4,1966-07-07,1966-12-05,7/7/1966,12/5/1966,actual,actual,151,Implemented,Unknown,1,Acres,2400,0,NA,NA,NA,NA,NA,NA,NA,to harrow the\r\nseed into the soil mantle,"Second chaining, BLM equipment (at 100Ac./day)\r\n\r\nImmediately after seed application, the project area will be rechained",The area was back chained to cover the seed.,NA,Polygon,Confirmed,Digitized by LTDL data entry personnel using a confirmed map,11/21/2013,3144.471159,3143.010073,NA,BLM,Seedbed Preparation,To harrow the seed into the soil mantle.,None,NA,None,NA,NA,35:27:00,7,7,1966,07,07,12,5,1966,12,05
1270,3585,Vegetation/Soil Manipulation,Soil Disturbance,Soil Disturbance: Chaining,2308,14054,6392,3,1962-11-20,1962-12-08,11/20/1962,12/8/1962,actual,actual,18,Implemented,None,0,Acres,910,0,NA,NA,NA,NA,NA,NA,NA,NA,NA,Seeding: The chaining area was aerially seeded to Crested Wheatgrass seed before the area was chained.,NA,Polygon,Confirmed,Digitized by LTDL data entry personnel using a confirmed map,6/13/2016,1093.397055,1076.656299,acreage is off due to digitization of hand drawn map,BLM,Establishment of seeded species,NA,None,NA,None,NA,Cost for project was confirmed on paper totaling $5891.00. Cost for seeding total: $5.12/ac. For 910 acres totaling 5205.20. \r\nTwo separate chainings were performed one for soil preparation and one to help implement seed. \r\n$5891.00 - $5205.20 = 685.80(total chaining cost) \r\nEach chaining cost $342.90,36:00:00,11,20,1962,11,20,12,8,1962,12,08
1270,3586,Vegetation/Soil Manipulation,Soil Disturbance,Soil Disturbance: Chaining,2309,14055,6392,3,1962-11-20,1962-12-08,11/20/1962,12/8/1962,actual,actual,18,Implemented,None,0,Acres,910,0,NA,NA,NA,NA,NA,NA,NA,NA,NA,"Preparation: The area was chained, one way, with a 75lb/ft. anchor chain. It was pulled by two D-8's",NA,Polygon,Confirmed,Digitized by LTDL data entry personnel using a confirmed map,6/13/2016,1093.397055,1076.656299,acreage is off due to digitization of hand drawn map,BLM,Seedbed preparation,NA,None,NA,None,NA,Cost for project was confirmed on paper totaling $5891.00. Cost for seeding total cost: $5.12/ac. For 910 acres totaling 5205.20. \r\nTwo separate chainings were performed one for soil preparation and one to help implement seed. \r\n$5891.00 - $5205.20 = 685.80(total chaining cost) \r\nEach chaining cost $342.90,37:31:00,11,20,1962,11,20,12,8,1962,12,08
6949,48390,Seeding,Aerial Seeding,Aerial Seeding,12087,19988,9832,2,2015-02-01,2015-02-20,2/1/2015,2/20/2015,actual,actual,19,Implemented,Not Successful,2,Acres,2624,-1,Confirmed seed list,NA,Seeds,Confirmed on Paper,Unknown,Species Specific,Monitoring report states that 4lb./ac was seeded but the bulk pounds used and acres only equates to 3lb./ac.,"Objective: The objective of this treatment is to establish, within 1 to 3 years, big sagebrush and native grasses in big sagebrush ecological sites that had high vegetation top kill of shrubs in priority sage-grouse priority areas.",Unknown,"Contributed funds were used to purchase and seed approximately 2624 acres on the Lost Fire. Seeding occurred in February of 2015. In addition, contributed funds were also used to pay for the aerial seeding contract. Based on field data collected during the summer of 2015, the treatment has yet to meet the established criteria.","Plots were established within the aerial seeding polygons to determine if the treatment met the established criteria of >0.5 big sagebrush seedlings per M\xb2. Data was collected using the same methodology as used during the collection of monitoring data to monitor the recovery of the natural vegetation. Based on the data collected, the criterion was not met.",Polygon,Confirmed,Digitized by LTDL data entry personnel using a confirmed map,12/4/2018,2661.741709,2661.74,NA,Contractor,"Habitat for wildlife, Habitat for sage grouse, Habitat quality, Vegetal cover",Establish big sagebrush and native grasses in big sagebrush ecological sites in priority sage-grouse priority areas.,NA,NA,NA,NA,NA,14:26:00,2,1,2015,02,01,2,20,2015,02,20
19856,49223,Seeding,Aerial Seeding,Aerial Seeding,31073,19989,9832,2,2015-02-01,2015-02-20,2/1/2015,2/20/2015,actual,actual,19,Implemented,Unknown,1,Acres,2624,-1,Confirmed seed list,NA,Seeds,Confirmed on Paper,Unknown,Species Specific,NA,"The objective of this treatment is to establish, within 1 to 3 years, big sagebrush and native grasses in\r\nbig sagebrush ecological sites that had high vegetation top kill of shrubs in priority sage-grouse priority areas.",NA,"Contributed funds were used to purchase and seed\r\napproximately 2624 acres on the Lost Fire. Seeding occurred\r\nin February of 2015. In addition, contributed funds were also\r\nused to pay for the aerial seeding contract.","Based on field\r\ndata collected during the summer of 2015, the treatment has\r\nyet to meet the established criteria.\r\n\r\nPlots were established within the aerial seeding polygons to determine if the treatment met the\r\nestablished criteria of >0.5 big sagebrush seedlings per M\xb2. Data was collected using the same\r\nmethodology as used during the collection of monitoring data to monitor the recovery of the\r\nnatural vegetation. Based on the data collected, the criterion was not met.",Polygon,Confirmed,Digitized by LTDL data entry personnel using a confirmed map,3/18/2019,2710.27,2709.49,NA,Contractor,Habitat quality,"The Lost Fire occurred on the Bureau of Land Management (BLM) Northern California District\r\n(NOD), Surprise Field Office (SFO) area. It was one of 7 fires that started on the 5th of August\r\nin NOD by lightning. The fire was located approximately 21 miles east/southeast of the town of\r\nEagleville, CA. The fire started approximately 1 mile north of the Lost Creek Road near the Los\r\nAngeles Department of Water and Power twin 500 KV power lines. When first reported by a\r\nNevada Department of Wildlife employee, the fire was estimated between 500 \u2013 800 acres in\r\nsize and growing. During the initial time period, the SFO Surprise Valley Fire Station was\r\nfighting several new lightning fires. Initial attack suppression forces were dispatched by the\r\nSusanville Interagency Dispatch Center and Jerry Wheeler DC-3206 assumed the role as Lost\r\nIncident Commander. Around the time of ignition, surface winds increased from the southwest\r\nand ranged from 5 to 8 mph with gusts up to 15 mph. On August 5th, a ridge of high pressure\r\nover the Four Corners region intensified while a thermal trough developed over central Nevada.\r\nThe combination of these two climatic features increased heating and resulted in the\r\ndevelopment of an extremely dry air mass over the fire area. High temperatures were 5 to 8\r\ndegrees above normal and ranged from 92 to 97 degrees. Corresponding minimum relative\r\nhumidity (RH) values dropped to 5-9 percent. The lowest RH recorded during the fire was 2\r\npercent. On August 5th, the fire exceeded the capabilities of initial response efforts and the fire\r\nburned through the evening and was estimated to be approximately 9,000 acres by the morning\r\nof August 6th. During the afternoon and evening of August 6th and 7th, the fire made significant\r\nruns to the east and northeast, consuming approximately 15,000 acres each day. On August 8th,\r\nthe fire spread primarily northeast and southeast following fuels and terrain for another 15,000\r\nacres. Suppression actions and a major change in fuel type reduced fire spread on August 9th, but\r\nthe fire area still increased in size by approximately 3,900 acres. The fire was contained on\r\nAugust 12th at approximately 61,537 acres.",NA,NA,NA,NA,NA,45:30:00,2,1,2015,02,01,2,20,2015,02,20
6949,48390,Seeding,Aerial Seeding,Aerial Seeding,12087,34408,9909,3,2015-02-01,2015-02-20,2/1/2015,2/20/2015,actual,actual,19,Implemented,Not Successful,2,Acres,2624,-1,Confirmed seed list,NA,Seeds,Confirmed on Paper,Unknown,Species Specific,Monitoring report states that 4lb./ac was seeded but the bulk pounds used and acres only equates to 3lb./ac.,"Objective: The objective of this treatment is to establish, within 1 to 3 years, big sagebrush and native grasses in big sagebrush ecological sites that had high vegetation top kill of shrubs in priority sage-grouse priority areas.",Unknown,"Contributed funds were used to purchase and seed approximately 2624 acres on the Lost Fire. Seeding occurred in February of 2015. In addition, contributed funds were also used to pay for the aerial seeding contract. Based on field data collected during the summer of 2015, the treatment has yet to meet the established criteria.","Plots were established within the aerial seeding polygons to determine if the treatment met the established criteria of >0.5 big sagebrush seedlings per M\xb2. Data was collected using the same methodology as used during the collection of monitoring data to monitor the recovery of the natural vegetation. Based on the data collected, the criterion was not met.",Polygon,Confirmed,Digitized by LTDL data entry personnel using a confirmed map,12/4/2018,2661.741709,2661.74,NA,Contractor,"Habitat for wildlife, Habitat for sage grouse, Habitat quality, Vegetal cover",Establish big sagebrush and native grasses in big sagebrush ecological sites in priority sage-grouse priority areas.,NA,NA,NA,NA,NA,14:26:00,2,1,2015,02,01,2,20,2015,02,20
19856,49223,Seeding,Aerial Seeding,Aerial Seeding,31073,34409,9909,3,2015-02-01,2015-02-20,2/1/2015,2/20/2015,actual,actual,19,Implemented,Unknown,1,Acres,2624,-1,Confirmed seed list,NA,Seeds,Confirmed on Paper,Unknown,Species Specific,NA,"The objective of this treatment is to establish, within 1 to 3 years, big sagebrush and native grasses in\r\nbig sagebrush ecological sites that had high vegetation top kill of shrubs in priority sage-grouse priority areas.",NA,"Contributed funds were used to purchase and seed\r\napproximately 2624 acres on the Lost Fire. Seeding occurred\r\nin February of 2015. In addition, contributed funds were also\r\nused to pay for the aerial seeding contract.","Based on field\r\ndata collected during the summer of 2015, the treatment has\r\nyet to meet the established criteria.\r\n\r\nPlots were established within the aerial seeding polygons to determine if the treatment met the\r\nestablished criteria of >0.5 big sagebrush seedlings per M\xb2. Data was collected using the same\r\nmethodology as used during the collection of monitoring data to monitor the recovery of the\r\nnatural vegetation. Based on the data collected, the criterion was not met.",Polygon,Confirmed,Digitized by LTDL data entry personnel using a confirmed map,3/18/2019,2710.27,2709.49,NA,Contractor,Habitat quality,"The Lost Fire occurred on the Bureau of Land Management (BLM) Northern California District\r\n(NOD), Surprise Field Office (SFO) area. It was one of 7 fires that started on the 5th of August\r\nin NOD by lightning. The fire was located approximately 21 miles east/southeast of the town of\r\nEagleville, CA. The fire started approximately 1 mile north of the Lost Creek Road near the Los\r\nAngeles Department of Water and Power twin 500 KV power lines. When first reported by a\r\nNevada Department of Wildlife employee, the fire was estimated between 500 \u2013 800 acres in\r\nsize and growing. During the initial time period, the SFO Surprise Valley Fire Station was\r\nfighting several new lightning fires. Initial attack suppression forces were dispatched by the\r\nSusanville Interagency Dispatch Center and Jerry Wheeler DC-3206 assumed the role as Lost\r\nIncident Commander. Around the time of ignition, surface winds increased from the southwest\r\nand ranged from 5 to 8 mph with gusts up to 15 mph. On August 5th, a ridge of high pressure\r\nover the Four Corners region intensified while a thermal trough developed over central Nevada.\r\nThe combination of these two climatic features increased heating and resulted in the\r\ndevelopment of an extremely dry air mass over the fire area. High temperatures were 5 to 8\r\ndegrees above normal and ranged from 92 to 97 degrees. Corresponding minimum relative\r\nhumidity (RH) values dropped to 5-9 percent. The lowest RH recorded during the fire was 2\r\npercent. On August 5th, the fire exceeded the capabilities of initial response efforts and the fire\r\nburned through the evening and was estimated to be approximately 9,000 acres by the morning\r\nof August 6th. During the afternoon and evening of August 6th and 7th, the fire made significant\r\nruns to the east and northeast, consuming approximately 15,000 acres each day. On August 8th,\r\nthe fire spread primarily northeast and southeast following fuels and terrain for another 15,000\r\nacres. Suppression actions and a major change in fuel type reduced fire spread on August 9th, but\r\nthe fire area still increased in size by approximately 3,900 acres. The fire was contained on\r\nAugust 12th at approximately 61,537 acres.",NA,NA,NA,NA,NA,45:30:00,2,1,2015,02,01,2,20,2015,02,20
14644,37565,Seeding,Drill Seeding,Ground Seeding: Drill,24480,90323,56120,5,1965-07-19,1965-10-11,7/19/1965,10/11/1965,actual,actual,84,Implemented,Successful,2,Acres,2000,-1,Confirmed seed list,AGCR,Seeds,Confirmed on Paper,Unknown,Species Specific,95.28% pure seed and 83% germination.,To seed crested wheatgrass.,Seeding will be done in the fall of 1965 on the 1966 FY program.,"Seeding was accomplished July 19 through October 11, 1965, using 2 drill hook-up with 4 rangeland drills. The sandy bottom area in the NW 1/4 of Sec. 28 was seeding with an Oregon press seeder.",An excellent stand of crested wheatgrass was obtained.,Polygon,Confirmed,"Digitized by BLM field office personnel, using paper map",NA,2567.568751,2396.778482,NA,BLM,"Establishment of seeded species, Forage for livestock, Erosion,",NA,NA,NA,NA,NA,NA,51:25:00,7,19,1965,07,19,10,11,1965,10,11
14644,37566,Seeding,Drill Seeding,Ground Seeding: Drill,24481,90324,56120,5,1965-07-19,1965-10-11,7/19/1965,10/11/1965,actual,actual,84,Implemented,Unknown,2,Acres,480,-1,Confirmed seed list,Bitterbrush,Seeds,Confirmed on Paper,Unknown,Species Specific,NA,To seed bitterbrush.,Seeding will be done in the fall of 1965 on the 1966 FY program.,"Seeding was accomplished July 19 through October 11, 1965, using 2 drill hook-up with 4 rangeland drills. The sandy bottom area in the NW 1/4 of Sec. 28 was seeding with an Oregon press seeder. Bitterbrush was seeded using the center seed feeder of each drill while seeding AGCR in the other feeders. The bitterbrush seed was hulled and treated with 2% endren. 250 lbs. of bitterbrush was donated by Oregon State Game Commission and drilled on the high rocky kill area in Secs. 20 and 21.",Some plants observed. Dry summer may have affected growth.,Polygon,Confirmed,"Digitized by BLM field office personnel, using paper map",NA,474.4613403,471.339742,NA,BLM,"Erosion, Establishment of seeded species,",NA,NA,NA,NA,NA,NA,53:40:00,7,19,1965,07,19,10,11,1965,10,11
555,1466,Seeding,Aerial Seeding,Aerial Seeding,956,272398,56459,3,2008-06-15,2008-06-15,00/00/2008,00/00/2008,estimated month and day,estimated month and day,0,Implemented,None,1,Acres,3490,-1,Confirmed seed list,ESR Aerial Seed Mix,Seeds,Confirmed on Paper,Unknown,Species Specific,NA,Stabilize soils and limit erosion on upper elevation steep slopes within the burn area to reduce erosion from wind and to re-establish important habitat for mule deer and other wildlife species.,During implementation we had excellent moisture with snow covered ground with good even distribution of seeded species. Winds did not exceed 3-5 MPH during implementation.,We found seeded species (predominately small burnet and forage kochia) to be widely spaced (2 -10 meters) but evenly distributed across all the areas traveled through in route to our randomly selected monitoring sites.,"We found seeded species (predominately small burnet and forage kochia)\r\nto be widely spaced (2 -10 meters) but evenly distributed across all the areas traveled through in route to\r\nour randomly selected monitoring sites. Only density was read the initial year. Using the USGS monitoring\r\nmethodology (Modified from: Monitoring Manuel for Grasses, Shrublands and Savannah Ecosystems,\r\nHerrick et al 2005.) being recommended for ESR, the average for each site was the following: Site 1=0.4\r\nrooted plants/m\xb2. Although this falls below our original objective: 3 rooted plants/m\xb2, I believe our\r\nobjective was too high for this project in that our goal was to stabilize exposed soils in addition to reestablishing\r\nand/or improving forage for wildlife, not to create a vegetation community structure stand\r\nchange. Given the degree of natural recovery of surviving grasses, the establishment of small burnet and\r\nforage kochia (forage) and Wyoming Big sagebrush seedlings(Sage grouse crucial habitat) observed on\r\nmuch of the project (but not showing up in transects), we concluded this first year was partially successful\r\nin achieving our goals if not our objectives. We further believe this seeding will enhance and quicken the\r\nrecovery of this burned area.",Polygon,Confirmed,"Digitized by BLM field office personnel, method unknown",NA,3334.297788,3203.270437,NA,BLM and Cooperators,"Habitat for sage grouse, Erosion, Invasion by Cheatgrass, Noxious Weeds, Habitat for mule deer","The Barrel Springs Fire started by lightning on July 16, 2007. The fire burned approximately\r\n3,604 acres of public lands and was contained on July 21st, 2007. The Barrel Springs Fire burned important Mule Deer winter range.\r\nProposed Burned Area Rehabilitation Treatments:\r\n\r\no Burned areas closed to livestock grazing within portions of the Star Peak and Dolly\r\nHayden allotments for 2 years or until monitoring stabilization objectives are met.\r\n\r\no Aerial seed 3,490 acres of upper slope burn areas utilizing fixed winged aircraft.\r\n\r\no Conduct 25 acres of noxious weed inventory and treat noxious weeds with BLM\r\napproved herbicides, as necessary.",None,NA,None,NA,NA,46:56:00,00,00,2008,06,15,00,00,2008,06,15
555,1467,Seeding,Aerial Seeding,Aerial Seeding,957,272399,56459,3,2008-06-15,2008-06-15,00/00/2008,00/00/2008,estimated month and day,estimated month and day,0,Implemented,None,1,Acres,3490,-1,Confirmed seed list,BAR Aerial Seeding Mix,Seeds,Confirmed on Paper,Unknown,Species Specific,NA,Stabilize soils and limit erosion on upper elevation steep slopes within the burned area to reduce erosion from wind and water events and to re-establish important habitat for mule deer and other wildlife species.,NA,During implementation we had excellent moisture with snow covered ground with good even distribution of seeded species. Winds did not exceed 3-5 MPH during implementation.,"We found seeded species (predominately small burnet and forage kochia)\r\nto be widely spaced (2 -10 meters) but evenly distributed across all the areas traveled through in route to\r\nour randomly selected monitoring sites. Only density was read the initial year. Using the USGS monitoring\r\nmethodology (Modified from: Monitoring Manuel for Grasses, Shrublands and Savannah Ecosystems,\r\nHerrick et al 2005.) being recommended for ESR, the average for each site was the following: Site 1=0.4\r\nrooted plants/m\xb2. Although this falls below our original objective: 3 rooted plants/m\xb2, I believe our\r\nobjective was too high for this project in that our goal was to stabilize exposed soils in addition to reestablishing\r\nand/or improving forage for wildlife, not to create a vegetation community structure stand\r\nchange. Given the degree of natural recovery of surviving grasses, the establishment of small burnet and\r\nforage kochia (forage) and Wyoming Big sagebrush seedlings(Sage grouse crucial habitat) observed on\r\nmuch of the project (but not showing up in transects), we concluded this first year was partially successful\r\nin achieving our goals if not our objectives. We further believe this seeding will enhance and quicken the\r\nrecovery of this burned area.",Polygon,Confirmed,"Digitized by BLM field office personnel, method unknown",NA,3334.297788,3203.270437,NA,BLM and Cooperators,"Habitat for sage grouse, Erosion, Invasion by Cheatgrass, Noxious Weeds, Habitat for mule deer","The Barrel Springs Fire started by lightning on July 16, 2007. The fire burned approximately\r\n3,604 acres of public lands and was contained on July 21st, 2007. The Barrel Springs Fire burned important Mule Deer winter range.\r\nProposed Burned Area Rehabilitation Treatments:\r\n\r\no Burned areas closed to livestock grazing within portions of the Star Peak and Dolly\r\nHayden allotments for 2 years or until monitoring stabilization objectives are met.\r\n\r\no Aerial seed 3,490 acres of upper slope burn areas utilizing fixed winged aircraft.\r\n\r\no Conduct 25 acres of noxious weed inventory and treat noxious weeds with BLM\r\napproved herbicides, as necessary.",None,NA,None,NA,NA,48:38:00,00,00,2008,06,15,00,00,2008,06,15
3651,10246,Seeding,Aerial Seeding,Aerial Seeding,6324,273181,56461,3,2007-06-15,2010-06-15,00/00/2007,00/00/2010,estimated month and day,estimated month and day,1096,Implemented,None,1,Acres,610,-1,Confirmed seed list,Aerial Wildlife Mix,Seeds,Confirmed on Paper,Unknown,Species Specific,NA,Stabilize soils and limit erosion on upper elevation slopes within the burn area,NA,During implementation the ground was snow covered and cold. Seed was disseminated evenly throughout the project. Coverage looked very good.,"Monitoring protocol was based on the recommended ES&R USGS monitoring methodology (modified from: Monitoring Manual for Grasses, Shrublands, and Savannah Ecosystems, Herrick et al 2005). Overall, seeded species were observed in somewhat even distribution (although relatively widely spaced: 2-25 meters) throughout the treatment area.  \r\nOnly density data was collected during first year monitoring with an average of 0.1 rooted plants/m\xb2.  While this average falls below our density objective of 3 rooted plants/m\xb2, our goals were to stabilize soils and re-establish and/or improve forage for wildlife rather than create a vegetation community structure stand change.  It is also important to consider that precipitation for this region during the first year reached 75% of the100 year average for the area. The degree of natural recovery by surviving grasses paired with the establishment of small burnet, forage kochia and Wyoming big sagebrush (crucial sage grouse habitat) observed through much of the treatment area (although not represented in the monitoring transects) has leads to the conclusion, that the first year was partially successful in achieving our goals, if not our objectives.  We have confidence that this seeding will accelerate the recovery of this burned area. \r\nSecond year monitoring showed moderate gains in the density of seeded species from .1 rooted plants/m\xb2  to .2 rooted plants/m\xb2; this equates to an increase from an average of 405 plants per acre to 809 plants per acre.  Perennial cover was also measured in the second year (using USGS protocol); we achieved 8.1% total cumulative perennial cover with an objective of 17.5% perennial cover. Second year precipitation for the region was 68% of the 100 year average.  Given that the cover objectives for the area have not been met, grazing closure for this area will remain in effect for one more grazing season and monitoring is necessary for an additional year.",Polygon,Confirmed,Not Determined,00/00/0000,564.9697058,537.4188296,NA,Contractor,"Habitat for sage grouse, Erosion, Noxious Weeds, Fire hazard, Provide forage for wildlife",This area is an important part of the East Range Sage Grouse PMU (Population Management Unit)Both Canadian and Scotch thistle along with Russian knapweed occur on transportation routes into the burned areas. The potential for weed invasion onto burned areas is extremely high due to the close proximity of these sources.,None,NA,None,NA,NA,43:42:00,00,00,2007,06,15,00,00,2010,06,15
3651,10249,Seeding,Aerial Seeding,Aerial Seeding,6325,273182,56461,3,2007-06-15,2010-06-15,00/00/2007,00/00/2010,estimated month and day,estimated month and day,1096,Implemented,Partially Successful,1,Acres,610,-1,Confirmed seed list,BAR Aerial Seeding,Seeds,Confirmed on Paper,Unknown,Species Specific,NA,Stabilize soils and limit erosion on upper elevation slopes within the burn area.,NA,During implementation the ground was snow covered and cold. Seed was disseminated evenly throughout the project. Coverage looked very good.,"We found seeded species (predominately small burnet and forage kochia) to be\r\nwidely spaced (2 -10 meters) but evenly distributed across all the areas traveled through in route to our\r\nrandomly selected monitoring sites. Two sites were setup for this first year with only density read the\r\ninitial year. Using the USGS monitoring methodology (Modified from: Monitoring Manuel for Grasses,\r\nShrublands and Savannah Ecosystems, Herrick et al 2005.) being recommended for ESR, the average for\r\neach site was the following: Site 1=0.03 rooted plants/m\xb2, Site 2=2.2 rooted plants/m\xb2. Although this falls\r\nbelow our original objective: 3 rooted plants/m\xb2, I believe our objective was too high for this project in that\r\nour goal was to stabilize exposed soils in addition to re-establishing and/or improving forage for wildlife,\r\nnot to create a vegetation community structure stand change. Given the degree of natural recovery of\r\nsurviving grasses, the establishment of small burnet and forage kochia (forage) and Wyoming Big\r\nsagebrush seedlings(Sage grouse crucial habitat) observed on much of the project (but not showing up in\r\ntransects) we concluded this first year was partially successful in achieving our goals if not our objectives.\r\nWe further believe this seeding will enhance and quicken the recovery of this burned area.",Polygon,Confirmed,Not Determined,00/00/0000,564.9697058,537.4188296,NA,BLM and Cooperators,"Habitat for sage grouse, Erosion, Noxious Weeds, Fire hazard, Provide forage for wildlife",This area is an important part of the East Range Sage Grouse PMU (Population Management Unit)Both Canadian and Scotch thistle along with Russian knapweed occur on transportation routes into the burned areas. The potential for weed invasion onto burned areas is extremely high due to the close proximity of these sources.,None,NA,None,NA,NA,06:13:00,00,00,2007,06,15,00,00,2010,06,15
5415,14976,Seeding,Aerial Seeding,Aerial Seeding: Fixed Wing,9409,270472,58462,2,2013-02-15,2013-02-16,2/15/2013,2/16/2013,actual,actual,1,Implemented,See Comments,2,Acres,2953.4,-1,Confirmed seed list,NA,Seeds,Confirmed on Paper,Unknown,Species Specific,"Area was seeded with additional Wyoming big sage, which is why there is two entries for this treatment.\r\n\r\nTreatment 10.","The objectives for cover will be to obtain 70% of all perennial plant cover found in the associated reference site, or, when not possible, achieve 50% of the lowest value for perennial cover associated with the appropriate ecological or range site by the need of the third year. Density objectives for aerially seeded areas will be based on having one seeded species firmly rooted per square meter by first or second growing season following seeding.","Aerial seeding was vital in mitigating the potential loss of Greater sage grouse habitat in the Montana, Granite, and Bilk Creek mountain ranges. Without treatment the burned areas are extremely susceptible to exotic annual dominance; this would jeopardize the Greater sage grouse, mule deer herds and other wildlife that depend on this area year-round and especially in the winter months. The areas selected are predominantly upland areas where topography is unsuitable for drill seeding due to slope and accessibility. All aerial seeding occurred in sage grouse PPH or PGH that was severely burned. Sage grouse habitat in the Bilk, Trout Creek, and Montana Mountains is widely regarded as being exceptionally productive when compared with other areas designated as sage grouse PPH. The application cost of aerial seeding is fairly high, but the risk of not seeding is the loss of species and structural diversity that will reduce the overall short and long-term value of the land.","Original ESR-funded aerial contract was for 45,284 acres. Since contract bid was based on pounds of seed, not acres, some leftover seed from original project (avoided unburned islands) was used to increase treatment area with ESR funds. Nevada Dept. of Wildlife, Ruby Mitigation Fund, and NGO private contributors also contributed seed and aircraft time to increase accomplishments.","See interim Report 2012 - Plot ID's: T10-A1-HOL-13, T10-A1FiveMileNative-HOL-14. \r\n\r\nT10-A1-HOL-13\r\nTreatment: Aerially seeded A. tridentata ssp. wyomingensis, P. secunda, L. cinereus, A.\r\nhymenoides, A. cristatum, and A. canescens.\r\n2015: Seeded species density at this plot exceeded the objective. Percent perennial cover\r\nexceeded the ES&R objective but does not meet the livestock closure objective. B.\r\ntectorum was the most dominant species with 40.0% cover. P. secunda and P. spicata\r\nconstituted 17.3% cover, and there was approximately 2% coverage each for several other\r\nperennial forbs and grasses. S. altissimum and D. pinnata were also present.\r\n2014: Density of seeded species does meet the monitoring objective. Two L. cinereus\r\nspecies and 31 P. secunda species were observed within the 1m x 1m quadrats along the\r\ntransects. Plot does meet the ESR percent perennial cover objective but fails to meet the\r\nlivestock closure objective. From the LPI data, percent perennial cover species include: A.\r\nthurberianum, B. sagittata, C. acuminata, Lupinus, Phacelia hastata, L. cinereus, E.\r\nelymoides, C. viscidiflorus, and P. spicata. Deep-rooted, cool-season perennial grasses\r\nslightly reduced, and B. tectorum is common throughout the plot, affecting the expected\r\nfunctional/structural vegetation groups.\r\n2013: Density of seeded species does not meet the monitoring objective and only 8 L.\r\ncinereus seedlings were observed in the belt transect. Plot does not meet the ESR or\r\nlivestock closure percent perennial cover objectives. From the LPI data, percent perennial\r\ncover species include: A. hymenoides, B. sagittata, C. acuminata, Lupinus, P. hastata and\r\nP. spicata. Deep-rooted, cool-season perennial grasses slightly reduced and co-dominate\r\nthe plot, especially P. spicata, L. cinereus, and A. hymenoides. Grasses are re-sprouting.\r\n\r\nT10-A1FiveMileNative-HOL-14\r\nTreatment: Aerially seeded A. tridentata ssp. wyomingensis, P. secunda, L. cinereus, A.\r\nhymenoides, A. cristatum, and A. canescens, Bassia prostrate, and P. spicata\r\n2015: Seeded species density, at 2.133 plants/m2, exceeded the objective. At 8.0%,\r\nperennial cover fell short of both ES&R and livestock closure objectives. B. tectorum was\r\ndominant on this plot, with S. altissimum, H. glomeratus, and S. tragus also present.\r\n2014: Density of seeded species does meet the monitoring objective for the plot. Seeded\r\nspecies includes P. spicata and P. secunda. Plot does not meet either the ESR or livestock\r\nclosure objectives for percent perennial cover. B. tectorum and H. glomeratus are present\r\non the plot.",Polygon,Confirmed,"Digitized by BLM field office personnel, method unknown",NA,4249.879274,4249.896961,NA,Contractor,"Habitat for antelope, Habitat for desert bighorn sheep, Habitat for wildlife, Invasion by cheatgrass, Invasion by non-native annuals, Invasive species, Loss of native vegetation, Loss of perennials, Loss of sagebrush, Loss of vegetation, Watershed health","The BLM has made the determination that as a result of the Holloway Fire, affected vegetative communities, particularly sage brush communities within Sage Grouse Preliminary Priority Habitat (PPH) and Preliminary General Habitat (PGH), are at risk from long term habitat degradation due to the presence of invasive annual grasses and other noxious weeds within new\r\ndisturbance. In addition to impacts to Sage Grouse, habitat values for Lahontan cutthroat trout, bighorn sheep, pronghorn antelope, mule deer, migratory birds, and pollinator species have also been seriously compromised. Soil resources are at risk from combined wind and water erosion, wildlife habitat values have been unacceptably compromised with limited potential for natural recovery, and other resources on the public lands are at immediate risk of erosion or other damage.",None,NA,None,NA,"It is unclear if the additional ARTRW8 Seeding is also being reported as Treatment 13 or if Treatment 13 is yet another additional ARTRW8 seeding for this area.\r\nPlot ID's: T10-A1-HOL-13, T10-A1FiveMileNative-HOL-14.",40:00:00,2,15,2013,02,15,2,16,2013,02,16
5415,14979,Seeding,Aerial Seeding,Aerial Seeding: Fixed Wing,9411,270473,58462,2,2013-02-16,2013-02-16,2/16/2013,2/16/2013,actual,actual,0,Implemented,See Comments,2,Acres,401.4,-1,Confirmed seed list,NA,Seeds,Confirmed on Paper,Unknown,Species Specific,Treatment 13.,"The objectives for cover will be to obtain 70% of all perennial plant cover found in the associated reference site, or, when not possible, achieve 50% of the lowest value for perennial cover associated with the appropriate ecological or range site by the need of the third year. Density objectives for aerially seeded areas will be based on having one seeded species firmly rooted per square meter by first or second growing season following seeding.","Aerial seeding was vital in mitigating the potential loss of Greater sage grouse habitat in the Montana, Granite, and Bilk Creek mountain ranges. Without treatment the burned areas are extremely susceptible to exotic annual dominance; this would jeopardize the Greater sage grouse, mule deer herds and other wildlife that depend on this area year-round and especially in the winter months. The areas selected are predominantly upland areas where topography is unsuitable for drill seeding due to slope and accessibility. All aerial seeding occurred in sage grouse PPH or PGH that was severely burned. Sage grouse habitat in the Bilk, Trout Creek, and Montana Mountains is widely regarded as being exceptionally productive when compared with other areas designated as sage grouse PPH. The application cost of aerial seeding is fairly high, but the risk of not seeding is the loss of species and structural diversity that will reduce the overall short and long-term value of the land.","Original ESR-funded aerial contract was for 45,284 acres. Since contract bid was based on pounds of seed, not acres, some leftover seed from original project (avoided unburned islands) was used to increase treatment area with ESR funds. Nevada Dept. of Wildlife, Ruby Mitigation Fund, and NGO private contributors also contributed seed and aircraft time to increase accomplishments.","See interim Report 2012 - Plot ID's: T10-A1-HOL-13, T11-A1Deepcreek-HOL-14, T10-A1FiveMileNative-HOL-14\r\n\r\nT10-A1-HOL-13\r\nTreatment: Aerially seeded A. tridentata ssp. wyomingensis, P. secunda, L. cinereus, A.\r\nhymenoides, A. cristatum, and A. canescens.\r\n2015: Seeded species density at this plot exceeded the objective. Percent perennial cover\r\nexceeded the ES&R objective but does not meet the livestock closure objective. B.\r\ntectorum was the most dominant species with 40.0% cover. P. secunda and P. spicata\r\nconstituted 17.3% cover, and there was approximately 2% coverage each for several other\r\nperennial forbs and grasses. S. altissimum and D. pinnata were also present.\r\n2014: Density of seeded species does meet the monitoring objective. Two L. cinereus\r\nspecies and 31 P. secunda species were observed within the 1m x 1m quadrats along the\r\ntransects. Plot does meet the ESR percent perennial cover objective but fails to meet the\r\nlivestock closure objective. From the LPI data, percent perennial cover species include: A.\r\nthurberianum, B. sagittata, C. acuminata, Lupinus, Phacelia hastata, L. cinereus, E.\r\nelymoides, C. viscidiflorus, and P. spicata. Deep-rooted, cool-season perennial grasses\r\nslightly reduced, and B. tectorum is common throughout the plot, affecting the expected\r\nfunctional/structural vegetation groups.\r\n2013: Density of seeded species does not meet the monitoring objective and only 8 L.\r\ncinereus seedlings were observed in the belt transect. Plot does not meet the ESR or\r\nlivestock closure percent perennial cover objectives. From the LPI data, percent perennial\r\ncover species include: A. hymenoides, B. sagittata, C. acuminata, Lupinus, P. hastata and\r\nP. spicata. Deep-rooted, cool-season perennial grasses slightly reduced and co-dominate\r\nthe plot, especially P. spicata, L. cinereus, and A. hymenoides. Grasses are re-sprouting.\r\n\r\nT10-A1FiveMileNative-HOL-14\r\nTreatment: Aerially seeded A. tridentata ssp. wyomingensis, P. secunda, L. cinereus, A.\r\nhymenoides, A. cristatum, and A. canescens, Bassia prostrate, and P. spicata\r\n2015: Seeded species density, at 2.133 plants/m2, exceeded the objective. At 8.0%,\r\nperennial cover fell short of both ES&R and livestock closure objectives. B. tectorum was\r\ndominant on this plot, with S. altissimum, H. glomeratus, and S. tragus also present.\r\n2014: Density of seeded species does meet the monitoring objective for the plot. Seeded\r\nspecies includes P. spicata and P. secunda. Plot does not meet either the ESR or livestock\r\nclosure objectives for percent perennial cover. B. tectorum and H. glomeratus are present\r\non the plot.",Polygon,Confirmed,"Digitized by BLM field office personnel, method unknown",NA,6506.511087,6506.546078,NA,Contractor,"Habitat for antelope, Habitat for desert bighorn sheep, Habitat for wildlife, Invasion by cheatgrass, Invasion by non-native annuals, Invasive species, Loss of native vegetation, Loss of perennials, Loss of sagebrush, Loss of vegetation, Watershed health","The BLM has made the determination that as a result of the Holloway Fire, affected vegetative communities, particularly sage brush communities within Sage Grouse Preliminary Priority Habitat (PPH) and Preliminary General Habitat (PGH), are at risk from long term habitat degradation due to the presence of invasive annual grasses and other noxious weeds within new\r\ndisturbance. In addition to impacts to Sage Grouse, habitat values for Lahontan cutthroat trout, bighorn sheep, pronghorn antelope, mule deer, migratory birds, and pollinator species have also been seriously compromised. Soil resources are at risk from combined wind and water erosion, wildlife habitat values have been unacceptably compromised with limited potential for natural recovery, and other resources on the public lands are at immediate risk of erosion or other damage.",None,NA,None,NA,GIS acreage is inconsistent with claimed treated acreages.,41:15:00,2,16,2013,02,16,2,16,2013,02,16
6887,18945,Seeding,Drill Seeding,Ground Seeding: Drill,11980,270770,59136,2,2012-11-15,2013-12-15,11/15/2012,12/15/2013,actual,actual,395,Implemented,None,2,Acres,925.1,-1,Confirmed seed list,Mix 1,Seeds,Confirmed on Paper,Unknown,Species Specific,NA,"The objectives for cover will be to obtain 70% of all perennial plant cover found in the associated reference site, or, when not possible, achieve 50% of the lowest value for perennial cover associated with the appropriate ecological or range site by the end of the third year. Density objectives for aerially seeded areas will be based on having three seeded species firmly rooted per square meter by first or second growing season following seeding.","Drill seed or broadcast and harrow seed a total of 2,948 acres with competitive perennial\r\ngrasses and forbs. This activity will be coordinated with chemical control of invasive\r\nannual plant species.\r\nApproximately 2,538 (of the 2,948 acre total) acres will be seeded within former cheatgrass\r\ndie-off areas, with the remaining 410 acres to occur in areas which were identified as\r\nhaving a high potential for wind erosion and non-native species invasion. Establishment of\r\nperennial grasses/shrubs will be necessary to stabilize soils in these identified areas.","Drill seeding occurred within historic cheatgrass ""die-off&& areas utilizing Siberian Wheatgrass, Sandberg\u2019s bluegrass Indian ricegrass, and 4-wing saltbush mix. Entire area was then broadcast seeded (on snow) with Wyoming sagebrush.","T4-A2-LOCY-13\r\nTreatment: aerially seeded with A. tridentata ssp. vaseyana, P. secunda, and A.\r\nmillefolium\r\n2015: The plot meets the ESR objective for perennial cover. It does not meet the\r\nlivestock closure objective. The plot meets the objective for density of seeded species.\r\nThe flora is relatively diverse in this plot. B. tectorum is common to codominant and\r\noccupies much of the understory. Some soil degradation has occurred, as shown by\r\nconnected water-flow patterns, reduced soil stability, and pedestalling on perennial\r\nplants.",Polygon,Confirmed,"Digitized by BLM field office personnel, method unknown",NA,925.7453481,925.7240451,NA,NA,"Habitat for antelope, Habitat for desert bighorn sheep, Habitat for greater sage grouse, Habitat for mule deer, Loss of perennials, Loss of native vegetation, Loss of riparian vegetation, Loss of sagebrush, Loss of vegetation, Invasive species",NA,None,NA,None,NA,NA,05:13:00,11,15,2012,11,15,12,15,2013,12,15
6887,18947,Seeding,Drill Seeding,Ground Seeding: Drill,11982,270771,59136,2,2012-11-15,2013-12-15,11/15/2012,12/15/2013,actual,actual,395,Implemented,None,2,Acres,690,-1,Confirmed seed list,Broadcast Mix,Seeds,Confirmed on Paper,Unknown,Species Specific,NA,"The objectives for cover will be to obtain 70% of all perennial plant cover found in the associated reference site, or, when not possible, achieve 50% of the lowest value for perennial cover associated with the appropriate ecological or range site by the end of the third year. Density objectives for aerially seeded areas will be based on having three seeded species firmly rooted per square meter by first or second growing season following seeding.","Drill seed or broadcast and harrow seed a total of 2,948 acres with competitive perennial\r\ngrasses and forbs. This activity will be coordinated with chemical control of invasive\r\nannual plant species.\r\nApproximately 2,538 (of the 2,948 acre total) acres will be seeded within former cheatgrass\r\ndie-off areas, with the remaining 410 acres to occur in areas which were identified as\r\nhaving a high potential for wind erosion and non-native species invasion. Establishment of\r\nperennial grasses/shrubs will be necessary to stabilize soils in these identified areas.","Drill seeding occurred within historic cheatgrass ""die-off&& areas utilizing Siberian Wheatgrass, Sandberg\u2019s bluegrass Indian ricegrass, and 4-wing saltbush mix. Entire area was then broadcast seeded (on snow) with Wyoming sagebrush.",NA,Polygon,Confirmed,"Digitized by BLM field office personnel, method unknown",NA,1637.272587,1637.248035,NA,BLM,"Habitat for antelope, Habitat for desert bighorn sheep, Habitat for greater sage grouse, Habitat for mule deer, Loss of perennials, Loss of native vegetation, Loss of riparian vegetation, Loss of sagebrush, Loss of vegetation, Invasive species",NA,None,NA,None,NA,NA,08:52:00,11,15,2012,11,15,12,15,2013,12,15
7236,19842,Seeding,Aerial Seeding,Aerial Seeding: Rotor Wing,12545,277604,59361,4,2011-11-01,2011-11-03,11/1/2011,11/3/2011,actual,actual,2,Implemented,None,2,Acres,2405,-1,Confirmed seed list,NA,Seeds,Confirmed on Paper,Unknown,Species Specific,"The seed mix did not indicate whether bulk or PLS rates were used, therefore, unknown has been listed and all seed mix information has been entered into the Bulk category.","The objectives for cover will be to obtain 70% of all perennial plant cover found in the associated reference site,\r\nor, when not possible, achieve 50% of the lowest value for perennial cover associated with the appropriate ecological or range site by the end of the third year.\r\nDensity objectives for aerially seeded areas will be based on having one seeded species firmly rooted per square meter by first or second growing season following seeding.","Involves aerially seeding Wyoming sagebrush over 2400 acres of burned area, not to include the forage kochia treatment area (See Treatment Map). This species has proven important to wildlife habitat and is competitive against non-native invasive species.","Aerial Seeded 2,405 acres with Wyoming big sagebrush (Artemisia tridentata ssp. wyomingensis).",NA,Polygon,Confirmed,"Digitized by BLM field office personnel, method unknown",NA,2404.755587,2402.073668,NA,NA,"Habitat for greater sage grouse, Habitat for desert bighorn sheep, Habitat for antelope, Habitat for mule deer, Invasion by cheatgrass, Invasion by non-native annuals, Rangeland health, Loss of perennialsLoss of sagebrush, Loss of vegetation",NA,None,NA,None,NA,NA,28:38:00,11,1,2011,11,01,11,3,2011,11,03
7236,19843,Seeding,Aerial Seeding,Aerial Seeding: Rotor Wing,12546,277605,59361,4,2011-11-01,2011-11-03,11/1/2011,11/3/2011,actual,actual,2,Implemented,None,2,Acres,330,-1,Confirmed seed list,NA,Seeds,Confirmed on Paper,Unknown,Species Specific,"The seed mix did not indicate whether bulk or PLS rates were used, therefore, unknown has been listed and all seed mix information has been entered into the Bulk category.","The objectives for cover will be to obtain 70% of all perennial plant cover found in the associated reference site,\r\nor, when not possible, achieve 50% of the lowest value for perennial cover associated with the appropriate ecological or range\r\nsite by the ned of the third year.\r\nDensity objectives for aerially seeded areas will be based on having one seeded species firmly rooted per square meter by first\r\nor second growing season following seeding.",Aerially seed forage kochia across approximately 330 acres on an area that was the ignition point for this fire and the Martin Creek Fire of 2007.,Aerial Seeded 330 acres with forage kochia (Bassia prostrata).,NA,Polygon,Confirmed,"Digitized by BLM field office personnel, method unknown",NA,327.4288891,327.4291944,NA,NA,"Habitat for greater sage grouse, Habitat for desert bighorn sheep, Habitat for antelope, Habitat for mule deer, Invasion by cheatgrass, Invasion by non-native annuals, Rangeland health, Loss of perennialsLoss of sagebrush, Loss of vegetation",NA,None,NA,None,NA,NA,29:44:00,11,1,2011,11,01,11,3,2011,11,03
21508,55686,Herbicide/Weeds/Chemical,Herbicide,Herbicide Application,34650,272058,60571,2,2018-10-01,2018-10-05,10/1/2018,10/5/2018,actual,actual,4,Implemented,Unknown,2,Acres,5313,0,No seed list,NA,NA,NA,NA,NA,NA,"The objective of the weed treatments is to prevent the increase of existing weed populations and the establishment of additional noxious weed species within the burn area until desirable vegetation can re-establish. Initial treatment should kill and/or control from 80-90% of targeted weed populations, depending upon the type of weed and/or density of the infestation. Retreatment by spot spraying on remaining weeds will also be completed under R2.","Aerial Herbicide Treatment (Herbicide Treatment Map). One aerial application of imazapic herbicide to reduce the threat of invasive annual grasses pose to priority Greater Sage-grouse habitat. The aerial herbicide application would be applied on the entire 5,313 acres of the burned area. Imazapic would be applied at a six ounce per acre rate and include appropriate adjuvants.","Aerial Herbicide Application of 5,313 acres completed in October 2018 (FY19). Aerial invasive annual grass/weed treatments within the burned area should occur the first year (FY19) if funding can be secured in time to treat within proper biological/environmental windows. The proposed seeding areas are the focus of the aerial herbicide treatment of imazapic to prepare the seed bed for drill and aerial.\r\n\r\nAn aerial herbicide was completed where they spread 6 ounces of Imazapic on a plateau.",None,Polygon,Confirmed,"Digitized by BLM field office personnel, method unknown",11/9/2020,5311.9,5311.9,NA,Contractor,"Brush control, Habitat productivity, Habitat quality, Rangeland health, Invasion by cheatgrass, Invasive species, Noxious weeds, Seedbed preparation","Habitats for sagebrush obligate species were adversely modified by the fire. Pre-fire vegetation communities within the fire boundary vary due to the 2012 Long Draw fire that also burned the entire area. Natural recovery of native bunchgrasses was successful following the Long Draw fire however, the Resource Advisor noted that cheatgrass is present throughout the burned area but there is a portion where it was the dominant species. Drill seeding native grasses, forbs, and sagebrush would help prevent the increase of cheatgrass and help rehabilitate the burned area so it would be more resilient to future wildfires. Planting Wyoming big sagebrush seedlings throughout burned areas of the PAC would speed the recovery of the native plant community and provide habitat for sagebrush obligate wildlife species.",Unknown,No documentation.,Unknown,No documentation.,NA,34:51:00,10,1,2018,10,01,10,5,2018,10,05
22148,58276,Herbicide/Weeds/Chemical,Herbicide,Herbicide Application,36025,272059,60571,2,2018-10-02,2018-10-05,10/2/2018,10/5/2018,actual,actual,3,Implemented,Unknown,2,Acres,5311.9,0,No seed list,NA,NA,NA,NA,NA,NA,To conduct a herbicide.,No documentation.,A herbicide was completed.,None,Polygon,Confirmed,"Digitized by BLM field office personnel, method unknown",5/6/2021,5311.9,5311.9,NA,Unknown,"Habitat productivity, Habitat quality, Rangeland health, Brush control",Habitat Improvement.,Unknown,No documentation.,Unknown,No documentation.,Herbicide was applied at different frequencies at different locations.,47:18:00,10,2,2018,10,02,10,5,2018,10,05
21508,55686,Herbicide/Weeds/Chemical,Herbicide,Herbicide Application,34650,278215,60659,4,2018-10-01,2018-10-05,10/1/2018,10/5/2018,actual,actual,4,Implemented,Unknown,2,Acres,5313,0,No seed list,NA,NA,NA,NA,NA,NA,"The objective of the weed treatments is to prevent the increase of existing weed populations and the establishment of additional noxious weed species within the burn area until desirable vegetation can re-establish. Initial treatment should kill and/or control from 80-90% of targeted weed populations, depending upon the type of weed and/or density of the infestation. Retreatment by spot spraying on remaining weeds will also be completed under R2.","Aerial Herbicide Treatment (Herbicide Treatment Map). One aerial application of imazapic herbicide to reduce the threat of invasive annual grasses pose to priority Greater Sage-grouse habitat. The aerial herbicide application would be applied on the entire 5,313 acres of the burned area. Imazapic would be applied at a six ounce per acre rate and include appropriate adjuvants.","Aerial Herbicide Application of 5,313 acres completed in October 2018 (FY19). Aerial invasive annual grass/weed treatments within the burned area should occur the first year (FY19) if funding can be secured in time to treat within proper biological/environmental windows. The proposed seeding areas are the focus of the aerial herbicide treatment of imazapic to prepare the seed bed for drill and aerial.\r\n\r\nAn aerial herbicide was completed where they spread 6 ounces of Imazapic on a plateau.",None,Polygon,Confirmed,"Digitized by BLM field office personnel, method unknown",11/9/2020,5311.9,5311.9,NA,Contractor,"Brush control, Habitat productivity, Habitat quality, Rangeland health, Invasion by cheatgrass, Invasive species, Noxious weeds, Seedbed preparation","Habitats for sagebrush obligate species were adversely modified by the fire. Pre-fire vegetation communities within the fire boundary vary due to the 2012 Long Draw fire that also burned the entire area. Natural recovery of native bunchgrasses was successful following the Long Draw fire however, the Resource Advisor noted that cheatgrass is present throughout the burned area but there is a portion where it was the dominant species. Drill seeding native grasses, forbs, and sagebrush would help prevent the increase of cheatgrass and help rehabilitate the burned area so it would be more resilient to future wildfires. Planting Wyoming big sagebrush seedlings throughout burned areas of the PAC would speed the recovery of the native plant community and provide habitat for sagebrush obligate wildlife species.",Unknown,No documentation.,Unknown,No documentation.,NA,34:51:00,10,1,2018,10,01,10,5,2018,10,05
22148,58276,Herbicide/Weeds/Chemical,Herbicide,Herbicide Application,36025,278217,60659,4,2018-10-02,2018-10-05,10/2/2018,10/5/2018,actual,actual,3,Implemented,Unknown,2,Acres,5311.9,0,No seed list,NA,NA,NA,NA,NA,NA,To conduct a herbicide.,No documentation.,A herbicide was completed.,None,Polygon,Confirmed,"Digitized by BLM field office personnel, method unknown",5/6/2021,5311.9,5311.9,NA,Unknown,"Habitat productivity, Habitat quality, Rangeland health, Brush control",Habitat Improvement.,Unknown,No documentation.,Unknown,No documentation.,Herbicide was applied at different frequencies at different locations.,47:18:00,10,2,2018,10,02,10,5,2018,10,05
8474,23184,Vegetation/Soil Manipulation,Soil Disturbance,Soil Disturbance: Cultipacking,14787,423972,61570,6,1954-09-01,1954-09-28,9/1/1954,9/28/1954,actual,actual,27,Implemented,See Comments,2,Acres,1633,0,NA,NA,NA,NA,NA,NA,NA,"The purpose of this project is to provide additional forage to alleviate the grazing load on the adjoining range, help control soil erosion and increase the AUMs of feed on this depleted part of the Federal Range.\r\n\r\nCultipacking is used to cover the seed.","By contract, the BLM will arrange seeding operation and provide crested wheatgrass seed at approximately 5 lbs. viable seed per acre. Mr. Willis Packer will supply the necessary funds for seeding on approximately 80 acres on his private land prior to operation.","John Ascuena seeded. The coverage was thorough and completion satisfactory. \r\nJohn Ascuena used various drills, single disc with exceeding heavy duty and weight cultipackers, tongue pulled off the sheeps foot variety which we feel are the best obtainable for the best results. Two to five drills in the bank.",The coverage was thorough and completion satisfactory. Unknown specifics for cultipacking.,Polygon,Confirmed,Digitized by LTDL data entry personnel using a confirmed map,5/3/2013,2079.238663,1881.393771,NA,Contractor,"Erosion, Noxious Weeds, Provide forage for livestock, Rangeland health, Watershed degradation","The purpose of this project is to provide additional forage to alleviate the grazing load on the adjoining range, help control soil erosion and increase the AUMs of feed on this depleted part of the Federal Range.",None,NA,None,NA,NA,36:17:00,9,1,1954,09,01,9,28,1954,09,28
11929,32256,Vegetation/Soil Manipulation,Soil Disturbance,Soil Disturbance: Cultipacking,20731,423975,61570,6,1954-09-15,1954-09-28,9/15/1954,9/28/1954,actual,actual,13,Implemented,See Comments,2,Acres,420,0,NA,NA,NA,NA,NA,NA,NA,"The purpose of this project is to provide additional forage to alleviate the grazing load on the adjoining range, help control erosion and increase the AUMs of feed on this depleted part of the Federal Range.","By contract, the BLM will arrange seeding operation and provide crested wheatgrass seed at approximately 5 lbs. viable seed per acre. Further, Mrs. N.C. Trembath will provide the necessary funds for seeding on 50 acres of her private land prior to operations.",Various types of single disc drills were used followed by extra heavy sheep's foot type cultipackers.\r\nJohn Ascuena seeded.,The coverage and completion was satisfactory.,Polygon,Confirmed,Digitized by LTDL data entry personnel using a confirmed map,5/22/2013,509.1365915,474.0987805,From the Final Project Report.,Contractor,"Erosion, Noxious Weeds, Provide forage for livestock, Rangeland health, Watershed degradation","The purpose of this project is to provide additional forage to alleviate the grazing load on the adjoining range, help control erosion and increase the AUMs of feed on this depleted part of the Federal Range.",None,NA,None,NA,NA,05:06:00,9,15,1954,09,15,9,28,1954,09,28
7836,21410,Seeding,Aerial Seeding,Aerial Seeding: Rotor Wing,13609,290830,61650,2,2007-01-15,2007-01-15,1/00/2007,1/00/2007,estimated day,estimated day,0,Implemented,Partially Successful,2,Acres,1929.04,-1,Confirmed seed list,Wildlife Mix,Seeds,Confirmed on Paper,Unknown,Unknown,NA,"The primary objective of the treatment is to aerially seed areas of the fire that are critical to wildlife, or most at risk for long-term irreversible damage due to the effects of the fire. Anatone bluebunch wheatgrass, Idaho fescue and Basin big sage were seeded to add vegetation structure and species richness to the treatment areas.\r\nEstablish three seeded plants per square meter rooted firmly in soil with consideration for site selection factors of soils, topography, native release of desirable species, and potential for seedling establishment.  Provide cover and forage for wildlife and BLM Special Status Species/migratory birds, including crucial winter habitat for mule deer, and sage grouse habitat.","Aerially seed approximately 1,929 acres with a low elevation wildlife mixture of Idaho Fescue, \u201cAnatone\u201d Bluebunch Wheatgrass, and Wyoming Big Sagebrush.  \r\n\r\n\u2022\tLower elevation on 1,570 acres.  The seed mix is Wyoming big sagebrush, basin big sagebrush Bannock cultivar), thickspike wheatgrass and Western yarrow.\r\n\r\nAcres treated will be seeded aerially based on ecological site potentials with the use of a helicopter with a seed broadcast bucket.  Seeding in swaths (e.g. seed application on 80 foot swath, leave 160 foot swath and apply again) that allow for plant establishment and future seed sources will be prioritized on any \u201clarge\u201d areas that burned completely.  Selective spot seeding will also be considered due to the mosaic of vegetation types affected and to avoid intact unburned areas to where specific sagebrush species will be seeded considering site potential.  Acreage would be duplicated on those areas where aerial seeding and on-ground antelope bitterbrush seeding occurs on the same affected site.  Bluebunch wheatgrass might be substituted with Snake River wheatgrass, a native perennial species.\r\n\r\nSeed mixtures shown in this subsection would allow for additional rehabilitation of wildlife habitat as well as allow watershed protection and reduce erosion potential.  The consideration of acreage seeded includes, 1) two-tracks for potential vegetated fuel breaks separate from this DNA, 2) private lands and 3) the estimated unburned areas within the perimeter. The seeding would provide cover and forage for at least 250 wildlife species that inhabit sagebrush habitats and interspersed riparian/meadow habitat including sage grouse and mule deer, migratory birds and Special Status Species.  It would also provide vegetation needed for ecological site dynamics.","Anatone bluebunch wheatgrass, Idaho fescue and Basin big sage were seeded to add vegetation structure and species richness to the treatment areas.\r\n\r\nThe aerial wildlife seeding was completed in January by helicopter through an aircraft rental agreement. The ground crew consisted of BLM helitack and a project inspector. AG Nav maps of the aerial seeding were completed for the project file.","BLM monitoring personnel assess the seeding areas yearly to evaluate treatment success.  Effectiveness is based on establishment of three seeded plants per square meter rooted firmly in the soil with consideration to site selection factors such as soils, topography, native release of desirable species, and the potential for seedling establishment. Monitoring data is shared with range staff to provide comparisons with unburned reference sites.\r\n\r\nMonitoring Results: \r\n2007 \u2013Bluebunch Wheatgrass was also seeded at MUBB \u2013 01 with the Aerial Watershed Protection seeding (\u201cdouble seeded\u201d) and so an absolute determination of seeding success by treatment cannot be made for this monitoring location.  At MUBB \u2013 01 total seeded species exceeded the objective density of three seeded plants per square meter, with Wyoming Big Sagebrush making the greatest contribution. \r\n2008 \u2013 At MUWD \u2013 01 Idaho Fescue was recorded at a density of near one and one half plant per square meter. \r\n2009 \u2013 At MUWD \u2013 01 Idaho Fescue was recorded at a density of over one plant per square meter.  At MUBB \u2013 01 Bluebunch Wheatgrass was recorded at a density approaching one-half plant per square meter, but it was \u201cdouble seeded\u201d at this location, as mentioned above.  The presence of seeded species at both monitoring locations at low moderate or moderate densities during the final year of monitoring allows us to rate this seeding as partially successful.",Polygon,Confirmed,"Digitized by BLM field office personnel, using an aircraft GPS unit",NA,1930.09327,1822.103582,NA,NA,"Habitat for antelope, Habitat for mule deer, Habitat for sage grouse, Impact on Cultural Resources, Loss of cultural sites, Erosion, Invasion by non-native annuals, Special Status Species, Provide forage for wildlife, Provide cover for wildlife","Implementation of the proposed action described in the Emergency Stabilization and Rehabilitation Plan DNA for the Mudd Fire will protect soils in the burned area, including preventing potential loss of soil due to wind and water erosion&* will reduce potential invasion and establishment of noxious weeds and cheatgrass&* will provide quality forage for livestock and wildlife&* and will facilitate meeting established standards and guidelines for livestock grazing.",None,NA,None,NA,WLSM,42:26:00,1,00,2007,01,15,1,00,2007,01,15
7836,21411,Seeding,Aerial Seeding,Aerial Seeding: Rotor Wing,13610,290831,61650,2,2007-01-15,2007-01-15,1/00/2007,1/00/2007,estimated day,estimated day,0,Implemented,Unknown,2,Acres,1984,-1,Confirmed seed list,Sage Grouse Mix,Seeds,Confirmed on Paper,Unknown,Unknown,NA,"The primary objective of the treatment is to aerially seed areas of the fire that are critical to sage grouse, a BLM sensitive species, and most at risk for long-term irreversible damage due to the effects of the fire. Sagebrush was seeded to add vegetation structure and species richness to the treatment areas.",This treatment was done in January with a helicopter by a contract agreement. AgNav maps of the aerial seeding were completed for the project file. Aerial seeding was monitored to ensure that seed was being dispersed in the proper area and at the specified rate. A project inspector was present throughout the process to ensure the treatment met contract specifications.,"The data for this summary came from study site MUAWD-01.\r\nSeeded species per square meter were observed with the following density: \r\nWyoming big sagebrush, .04\r\nTotal Seeded species per square meter:.04\r\n\r\nNative release species observed within the transects included POSE, SIHY, MESP, ELCI2, STTH2, CHFR, PHLO2, CRAC2, GARA2, AMTE, MEAL, ARAB12, AGGL, LASE, MEOB, PHHO, LODI, LUPIN, ERMI, CHVI8, AMUT\r\n\r\nData has been submitted to rangeland specialists to compare seeded sites to unburned reference sites and determine if and when seeded areas have recovered sufficiently to reinstate livestock grazing in the treatment area.","BLM monitoring personnel assess the seeding areas yearly to evaluate treatment success.  Effectiveness is based on establishment of three seeded plants per square meter rooted firmly in the soil with consideration to site selection factors such as soils, topography, native release of desirable species, and the potential for seedling establishment. Monitoring data is shared with range staff to provide comparisons with unburned reference sites.",Polygon,Confirmed,"Digitized by BLM field office personnel, using an aircraft GPS unit",NA,1930.093586,1822.106268,"Same area as aerial Wildlife seeding, different attributes.",NA,"Habitat for antelope, Habitat for mule deer, Habitat for sage grouse, Impact on Cultural Resources, Loss of cultural sites, Erosion, Invasion by non-native annuals, Special Status Species, Provide forage for wildlife, Provide cover for wildlife","Implementation of the proposed action described in the Emergency Stabilization and Rehabilitation Plan DNA for the Mudd Fire will protect soils in the burned area, including preventing potential loss of soil due to wind and water erosion&* will reduce potential invasion and establishment of noxious weeds and cheatgrass&* will provide quality forage for livestock and wildlife&* and will facilitate meeting established standards and guidelines for livestock grazing.",None,NA,None,NA,WLSM-Sage\r\n\r\nONLY 2007 and 2008 monitoring results available.,06:02:00,1,00,2007,01,15,1,00,2007,01,15
22004,72662,Seeding,Aerial Seeding,Aerial Seeding,35479,296093,61844,4,2020-01-28,2020-01-28,1/28/2020,1/28/2020,actual,actual,0,Implemented,Successful,2,Acres,627,-1,Planned seed list,Aerial Seed Chaining,Seeds,Plan,Unknown,Species Specific,"This treatment is only a portion of the planned aerial seeding. Bulk/acre and PLS/Acre auto calculated using treatment acres, rather than planned.","The objective of the aerial seeding treatment is to revegetate the burned area with a well-adapted species mix that provides forage and will promote structural and species diversity within the burned area. Objectives will be considered met for the aerial seed mix if 1 seeded native forb, 3 seeded native grasses, 0.3 seeded shrubs, and 1 seeded non-native shrubs are observed within five years in post-fire monitoring.","Aerially seed approximately 1,818 acres of Indian ricegrass, bottlebrush squirreltail, blue flax, Rocky Mountain penstemon, small burnet and Wyoming big sagebrush. This treatment will be completed in the fall/winter of 2019 after the area has laid fallow for a year following an Imazapic treatment in the fall of 2018","Aerial Seeding Completed, confirmed by As Built Map and Monitoring Report. Implemented in Winter of 2020,","Recommendations:\r\nThe ESR rehabilitation objectives of the aerial seeding have not been met. Closures were issued for the Snow Water Lake allotment, Pasture C which contains points Echo 01, Echo 01A, and Echo 01B. Since none of those plots have reached their objectives it is recommended that the closure remain in place so that the area may receive proper rest so that seeded species may establish. No closures were issued surrounding the Echo 02, Echo 02A, and Echo 02B plots so further monitoring is advised so that proper rest and grazing management can be implemented to allow for seed plants to establish.\r\nDensity Results:\r\n2021: The rehab objective of 1 seeded native forb, 3 seeded native grasses, 0.3 seeded shrubs, and 1 seeded non-native shrubs have not been met. Echo 01 was the only plot to meet any of the objectives with the seeded grass Indian ricegrass at 3.75/m2.\r\nAIM Data Results:\r\nCover\r\n2021: Average foliar cover was moderately low (32.78%). The plot was dominated by perennial grasses (18.89) with low amounts of cheatgrass (2.67%). Indian ricegrass (39.16%) and Crested wheatgrass (Agropyron cristatum) (43.37) dominated the perennial grasses.\r\nGaps and Erosion\r\n2021: The most frequently occurring gaps were 101-200cm comprising of an average 25.09% of gaps observed on plot. The 3 other ranges spanned 13-18% of the coverage so overall there was a large amount of gap which correlates appropriately with the moderately low amount of foliar cover observed on plot.\r\nNo data was collected about signs of erosion present on site.\r\nSpecies Richness\r\n2021: Species richness was moderately high for each plot. Perennials out-number annuals.",Polygon,Confirmed,Digitized by LTDL data entry personnel using a confirmed map,3/27/2024,662.81,652.05,Treatment acres lower than feature acres.,BLM,"Cover for wildlife, Establishment of seeded species, Forage for wildlife, Forage for livestock, Vegetal cover, Unprotected treatment area, Sagebrush, Rangeland health, Noxious weeds, Loss of sagebrush, Loss of vegetation, Loss of native vegetation, Loss of desirable species, Habitat quality, Habitat for wildlife","The steep topography and heavy fuels contributed to high fire intensity, and much of the protective, vegetative cover and the seed bank were destroyed. Because the fire perimeter is located within Greater sage-grouse PHMA, GHMA and OHMA, important habitat for mule deer, antelope, and elk and immediately adjacent to CVSD habitat, it is important to reestablish species such as big sagebrush, which don\u2019t typically recover quickly after fire and provide\r\nimportant cover and forage for wildlife, and perennial grasses which stabilize soils. Other resource concerns include invasion of invasive species and noxious weeds, soil erosion, and watershed function.",NA,NA,NA,NA,Planned Cost and Seed list shared with related aerial seeding treatment.,53:23:00,1,28,2020,01,28,1,28,2020,01,28
22004,72663,Seeding,Aerial Seeding,Aerial Seeding,35480,296094,61844,4,2020-01-28,2020-01-28,1/28/2020,1/28/2020,actual,actual,0,Implemented,Unknown,2,Acres,362,-1,Confirmed seed list,Forage Kochia Aerial Seeding,Seeds,Confirmed on Paper,Unknown,Species Specific,NA,Aerial seeding of Forage Kochia.,Unknown,"Forage Kochia aerial seeded in the southern most section of the fire perimeter, confirmed by As Built Map.",Unknown,Polygon,Confirmed,Digitized by LTDL data entry personnel using a confirmed map,3/27/2024,379.88,378.25,NA,Unknown,Loss of desirable species,Revegetate,NA,NA,NA,NA,"All information from this treatment comes from the As Built Map, other than one mention in monitoring report ""Sagebrush and kochia mixture 624 acres covered January 28, 2020""\r\n\r\nWritten on the map is the number 021973, which matches the Range Improvement Project ID for the 2018 aerial seeding.",08:20:00,1,28,2020,01,28,1,28,2020,01,28
22004,72662,Seeding,Aerial Seeding,Aerial Seeding,35479,297175,61852,5,2020-01-28,2020-01-28,1/28/2020,1/28/2020,actual,actual,0,Implemented,Successful,2,Acres,627,-1,Planned seed list,Aerial Seed Chaining,Seeds,Plan,Unknown,Species Specific,"This treatment is only a portion of the planned aerial seeding. Bulk/acre and PLS/Acre auto calculated using treatment acres, rather than planned.","The objective of the aerial seeding treatment is to revegetate the burned area with a well-adapted species mix that provides forage and will promote structural and species diversity within the burned area. Objectives will be considered met for the aerial seed mix if 1 seeded native forb, 3 seeded native grasses, 0.3 seeded shrubs, and 1 seeded non-native shrubs are observed within five years in post-fire monitoring.","Aerially seed approximately 1,818 acres of Indian ricegrass, bottlebrush squirreltail, blue flax, Rocky Mountain penstemon, small burnet and Wyoming big sagebrush. This treatment will be completed in the fall/winter of 2019 after the area has laid fallow for a year following an Imazapic treatment in the fall of 2018","Aerial Seeding Completed, confirmed by As Built Map and Monitoring Report. Implemented in Winter of 2020,","Recommendations:\r\nThe ESR rehabilitation objectives of the aerial seeding have not been met. Closures were issued for the Snow Water Lake allotment, Pasture C which contains points Echo 01, Echo 01A, and Echo 01B. Since none of those plots have reached their objectives it is recommended that the closure remain in place so that the area may receive proper rest so that seeded species may establish. No closures were issued surrounding the Echo 02, Echo 02A, and Echo 02B plots so further monitoring is advised so that proper rest and grazing management can be implemented to allow for seed plants to establish.\r\nDensity Results:\r\n2021: The rehab objective of 1 seeded native forb, 3 seeded native grasses, 0.3 seeded shrubs, and 1 seeded non-native shrubs have not been met. Echo 01 was the only plot to meet any of the objectives with the seeded grass Indian ricegrass at 3.75/m2.\r\nAIM Data Results:\r\nCover\r\n2021: Average foliar cover was moderately low (32.78%). The plot was dominated by perennial grasses (18.89) with low amounts of cheatgrass (2.67%). Indian ricegrass (39.16%) and Crested wheatgrass (Agropyron cristatum) (43.37) dominated the perennial grasses.\r\nGaps and Erosion\r\n2021: The most frequently occurring gaps were 101-200cm comprising of an average 25.09% of gaps observed on plot. The 3 other ranges spanned 13-18% of the coverage so overall there was a large amount of gap which correlates appropriately with the moderately low amount of foliar cover observed on plot.\r\nNo data was collected about signs of erosion present on site.\r\nSpecies Richness\r\n2021: Species richness was moderately high for each plot. Perennials out-number annuals.",Polygon,Confirmed,Digitized by LTDL data entry personnel using a confirmed map,3/27/2024,662.81,652.05,Treatment acres lower than feature acres.,BLM,"Cover for wildlife, Establishment of seeded species, Forage for wildlife, Forage for livestock, Vegetal cover, Unprotected treatment area, Sagebrush, Rangeland health, Noxious weeds, Loss of sagebrush, Loss of vegetation, Loss of native vegetation, Loss of desirable species, Habitat quality, Habitat for wildlife","The steep topography and heavy fuels contributed to high fire intensity, and much of the protective, vegetative cover and the seed bank were destroyed. Because the fire perimeter is located within Greater sage-grouse PHMA, GHMA and OHMA, important habitat for mule deer, antelope, and elk and immediately adjacent to CVSD habitat, it is important to reestablish species such as big sagebrush, which don\u2019t typically recover quickly after fire and provide\r\nimportant cover and forage for wildlife, and perennial grasses which stabilize soils. Other resource concerns include invasion of invasive species and noxious weeds, soil erosion, and watershed function.",NA,NA,NA,NA,Planned Cost and Seed list shared with related aerial seeding treatment.,53:23:00,1,28,2020,01,28,1,28,2020,01,28
22004,72663,Seeding,Aerial Seeding,Aerial Seeding,35480,297176,61852,5,2020-01-28,2020-01-28,1/28/2020,1/28/2020,actual,actual,0,Implemented,Unknown,2,Acres,362,-1,Confirmed seed list,Forage Kochia Aerial Seeding,Seeds,Confirmed on Paper,Unknown,Species Specific,NA,Aerial seeding of Forage Kochia.,Unknown,"Forage Kochia aerial seeded in the southern most section of the fire perimeter, confirmed by As Built Map.",Unknown,Polygon,Confirmed,Digitized by LTDL data entry personnel using a confirmed map,3/27/2024,379.88,378.25,NA,Unknown,Loss of desirable species,Revegetate,NA,NA,NA,NA,"All information from this treatment comes from the As Built Map, other than one mention in monitoring report ""Sagebrush and kochia mixture 624 acres covered January 28, 2020""\r\n\r\nWritten on the map is the number 021973, which matches the Range Improvement Project ID for the 2018 aerial seeding.",08:20:00,1,28,2020,01,28,1,28,2020,01,28
2213,6050,Seeding,Aerial Seeding,Aerial Seeding: Fixed Wing,3883,290238,62229,2,2007-01-15,2007-01-15,1/00/2007,1/00/2007,estimated day,estimated day,0,Implemented,Fully Successful,2,Acres,10062.15,-1,Confirmed seed list,Aerial Watershed Protection,Seeds,Confirmed on Paper,Unknown,Unknown,ESR and BAR seeds located from monitoring summary.,"The primary objective of the treatment is to seed watershed areas of the burn that are at highest risk for significant erosion and non-native species invasion. Watersheds are especially at risk as they generally had the greatest build up of vegetation pre-fire, causing the fire to burn hot and destroy all vegetation and species in the seedbank. \r\nEstablish three seeded plants per square meter rooted firmly in soil with consideration for site selection factors of soils, topography, native release of desirable species, and potential for seedling establishment.  Protect watershed areas from erosion.","Aerially seed approximately 10062 acres with a watershed protection mixture (\u201cCharleston Watershed Mix\u201d) of \u201cSherman\u201d Big Bluegrass, \u201cBannock\u201d Thickspike Wheatgrass, \u201cSecar\u201d Snake River Wheatgrass, and \u201cMagnar\u201d Basin Wildrye.\r\n\r\nAdd Western Yarrow and Basin Big Sagebrush to the watershed protection seed mixture (\u201cCharleston watershed mix\u201d) of native grasses.","Due to the availability of water and other resources necessary for regrowth, a mix of both native and non-native species (Snake River wheatgrass, Sherman big bluegrass, Magnar and trailhead Basin wild rye, Bluebunch wheatgrass, Siberian wheatgrass, Idaho Fescue, and Schwendimar and Bannock thickspike wheatgrass) was selected. Additional shrubs were added to the mix, and are discussed in the Burned Area Rehabilitation treatment monitoring section.\r\n\r\nImplementation Monitoring:  \r\nThe aerial watershed protection seeding was completed during January via fixed wing through an aircraft rental agreement. The ground crew consisted of BLM helitack and a project inspector.  AG Nav maps of the aerial seeding were completed for the project file.  Aerial seeding was monitored to ensure the correct species seed mixture was dispersed over the targeted area at the specified rate. The project inspector ensured treatment met contract specifications.\r\n\r\nBAR addition of western yarrow and sagebrush:\r\n\u201cDelar\u201d Small Burnet may have been substituted for Western Yarrow at some indeterminate locations. \r\nBecause implementation was done concurrently with the aerial watershed protection seeding applied under emergency stabilization, only seed costs are reflected here.","BLM monitoring personnel assess the seeding areas yearly to evaluate treatment success.  Effectiveness is based on establishment of three seeded plants per square meter rooted firmly in the soil with consideration to site selection factors such as soils, topography, native release of desirable species, and the potential for seedling establishment. Monitoring data is shared with range staff to provide comparisons with unburned reference sites.\r\n\r\nThe Charleston Aerial Watershed Protection Seeding was monitored at seven separate locations (CHWS \u2013 01, CHWS \u2013 02, CHWS \u2013 03, CHWS \u2013 04, CHWS \u2013 05, CHWS \u2013 06, CHWS \u2013 07) specifically established to monitor this treatment on all range grazing allotments affected by the fire. \r\n\r\nMonitoring Results: \r\n2007 \u2013 Total seeded species density exceeded the objective density of three plants per square meter at all monitoring locations.  Thickspike Wheatgrass typically made the greatest contribution to total seeded species density.  Basin Wildrye was also very successful\r\n2008 \u2013 Total seeded species density continued to exceed the objective density of three plants per square meter at CHWS \u2013 01, CHWS \u2013 02, CHWS \u2013 03, and CHWS \u2013 05, appearing to increase slightly at CHWS \u2013 01 CHWS \u2013 02, and CHWS \u2013 03.  Total seeded species density appeared to decline at CHWS \u2013 04, CHWS \u2013 05, CHWS \u2013 05, and CHWS \u2013 07.  Thickspike Wheatgrass continued to make the greatest contribution to total seeded species density.  All other seeded species declined dramatically and were not recorded, except at CHWS \u2013 04, where Basin Wildrye was recorded at moderate density.  Downward trend in seeded species at CHWS \u2013 04 and CHWS \u2013 05 appears unrelated to competition from native release Sandberg\u2019s Bluegrass: at these monitoring locations Sandberg\u2019s Bluegrass density varied from very high to low-moderate. \r\nThe apparent disappearance of the majority of the seeded species of grasses during the second year of monitoring is problematic, and may be the result of a variety of causes.  Different technicians read the plots at different times of year between 2007 and 2008.  Seedlings may have become established the first year that later died off or went dormant because of persistent drought.  \u201cQuadrat drift\u201d along the paced transects used to monitor this treatment may also have played a role: density fluctuations should be evaluated cautiously.  Disappearance of most seeded species of grasses from the monitoring record the second year may not actually reflect their loss.  Data collected during the third monitoring year may help clarify these problems. \r\n2009 \u2013 Thickspike Wheatgrass density at CHWS \u2013 01 exceeded the target density by nearly four times.  Thickspike Wheatgrass density at CHWS \u2013 02 exceeded the target density by nearly five times.  Total seeded species density for CHWS \u2013 03 approaches the target density, with Thickspike wheatgrass making the greatest contribution.  Thickspike Wheatgrass density for CHWS \u2013 04 exceeds the target density by almost five times.  At CHWS \u2013 05, only one specimen of Snake River Wheatgrass was recorded, other seeded species were not recorded.  At CHWS \u2013 06, Thickspike Wheatgrass exceeded the target density.  At CHWS \u2013 07 Basin Wildrye achieved a density of one and one-half plant per square meter during the final year: other seeded species were not recorded.  Abundant spring rains in later May and early June apparently benefited the establishment and success of this treatment with the monitoring period.  Thickspike Wheatgrass typically made the greatest contribution to seeded species density, exceeding the target density of three plants per square meter by four to five times at CHWS \u2013 01, CHWS \u2013 02, and CHWS \u2013 04.  The other seeded grass species appeared to return during the final year of monitoring, suggesting that their absence during 2008 only reflected dormancy and not extirpation.  Many previously unrecorded species appeared in the native release at monitoring sites across the treatment, also reflecting the abundant later spring precipitation.  \u201cOn average,\u201d considering the extremely high densities recorded for Thickspike Wheatgrass at many of the monitoring locations and how well established many seeded species appear to be across the treatment, the Charleston Aerial watershed Protection Seeding should be considered fully successful. \r\n\r\nBAR addition:\r\n2007 \u2013 Total seeded species density exceeded the objective density of three plants per square meter at all monitoring locations.  Thickspike Wheatgrass typically made the greatest contribution to total seeded species density.  \r\n2008 \u2013 Total seeded species density continued to exceed the objective density of three plants per square meter at CHWS \u2013 01, CHWS \u2013 02, and CHWS \u2013 03, appearing to increase slightly at CHWS \u2013 01 and CHWS \u2013 02, and appearing to decline slightly at CHWS \u2013 03.  Thickspike Wheatgrass continued to make the greatest contribution to total seeded species density.  \r\nMinor density fluctuations should be evaluated cautiously: they may result from non-repeatability of individual quadrats along a paced transect.  At CHWS \u2013 04 and CHWS \u2013 05 total seeded species densities appeared to undergo steep declines.  Causes of opposite fluctuations in seeded densities between monitoring locations are unknown.  Downward trend in seeded species at CHWS \u2013 04 and CHWS \u2013 05 appears unrelated to competition from native release Sandberg\u2019s Bluegrass: at these monitoring locations Sandberg\u2019s Bluegrass density varied from very high to low-moderate. \r\n2009 \u2013 Small Burnet went unrecorded during the final monitoring year.  It\u2019s presence in the seed mixture was not uniform, and lack of record for the presence of the species the final year may be the result of \u201cquadrat drift\u201d along the paced transects used to monitor this treatment.  Basin Big Sagebrush appeared to be well established at low to moderate densities at most monitoring locations by the close of the monitoring period.  Western Yarrow exceeded the objective density at CHWS \u2013 03, but the species was \u201cdouble seeded\u201d at this location (as discussed in the analysis of the treatment above.)  At other locations Western Yarrow appeared well-established at low to moderate densities by the final year.  Basin Big Sagebrush and Western Yarrow were both recorded at low density at CHWS \u2013 05. Basin Big Sagebrush was recorded at very low density and Western Yarrow was not recorded at CHWS \u2013 07.  Results varied at the  numerous monitoring locations, but we may consider the addition of sagebrush and yarrow to the Charleston Aerial Watershed Protection Seeding partially successful. \r\nRegarding native release, reasons for the apparent precipitous decline in Sandberg\u2019s Bluegrass density at CHWS \u2013 03 from 2008 to 2009 are not known, but may reflect non-repeatability of individual quadrats along the paced transect.  Many previously unrecorded species were encountered at CHWS \u2013 03 during 2009: they may have out-competed the Sandberg\u2019s Bluegrass.  Alternately, the Prairie Junegrass and Kentucky Bluegrass identified during 2009 may have been previously misidentified as Sandberg\u2019s Bluegrass.",Polygon,Confirmed,"Digitized by BLM field office personnel, using an aircraft GPS unit",NA,10066.10747,9251.196463,NA,NA,"Erosion, Habitat for antelope, Habitat for mule deer, Habitat for sage grouse, Impact on Cultural Resources, Invasion by Cheatgrass, Livestock in treated area, Loss of cultural sites, Noxious Weeds","Implementation of the proposed action described in the Emergency Stabilization and Rehabilitation Plan DNA for the Charleston Complex will protect soils in the burned area, including preventing potential loss of soil due to wind and water erosion&* will reduce potential invasion and establishment of noxious weeds and cheatgrass&* will provide quality forage for livestock and wildlife&* and will facilitate meeting established standards and guidelines for livestock grazing.  \r\n\r\nExclusion of livestock grazing is necessary to allow seedling establishment, restore plant vigor and seed production, and to allow reestablishment of preferred species and to deter invasion of undesirable species.  The proposed fence will be constructed around the burn perimeter to keep grazing animals off the recovering burn to allow establishment of seeded and pre-fire vegetation species.  This temporary fencing will be used in conjunction with existing fences to protect the burn area from grazing.  This fencing and subsequent rest from grazing will allow for plants to re-establish and develop effective root depths and root reserves.  Vegetation establishment will help reduce the risk of dust and ash storms decreasing visibility on Interstate 80.  Vegetation establishment will help reduce the risk of accelerated soil erosion and mud flows into Mary&$s River and other areas of concern and provide for soil stabilization.  Vegetation associated with wetlands, riparian zones, and floodplains will be allowed to reestablish. \r\n\r\nThe broadcast seedings within drainages and low lying areas and aerial seeding on slopes will provide for soil stabilization and will reduce the potential invasion of cheatgrass, and any other nonnative noxious weeds.  The seedings will also provide cover and forage for area wildlife populations and nesting habitat for migratory birds.  Successful seeding of some drainages and the low lying areas near the South Fork of the Humboldt River and its tributaries will help reduce runoff and trap sediment, which will help prevent further degradation to the water quality.  Successful seeding of the drainages and low lying areas will also help protect aquatic species habitat from receiving excessive amounts of sediment and provide for streambank stabilization.\r\n\r\nControl of noxious weeds is consistent with the management plans for the resource and will help protect the ecological integrity, biodiversity, and site productivity of this shrub-steppe plant community.  Treatment of noxious weeds is necessary to comply with Nevada State Laws, to implement the Integrated Weed Management Program of the Elko Field Office, and to be responsible neighbors to the adjacent private landowners.  Working cooperatively with local weed management groups and private landowners will achieve better weed management.\r\n\r\nThe proposed action conforms to the 1985 Wells Resource Management Plan (RMP), as it was amended for fire management on September 29, 2004.  The decision for fire rehabilitation from the Approved Fire Management Amendment, page 20, is to \u201cConduct fire rehabilitation activities to emulate historic or pre-fire ecosystem structure, functioning, diversity and/or to restore a healthy stable ecosystem.\u201d  The proposed action is consistent with resource objectives of the plan and with other Federal, state, local and tribal laws, regulations, policies and plans to the maximum extent possible.",None,NA,None,NA,Watershed Seeding\r\n***BAR addition of sagebrush and western yarrow was only partially successful. ***,37:05:00,1,00,2007,01,15,1,00,2007,01,15
2213,6046,Seeding,Aerial Seeding,Aerial Seeding: Fixed Wing,3885,290239,62229,2,2007-01-15,2007-01-15,1/00/2007,1/00/2007,estimated day,estimated day,0,Implemented,Partially Successful,2,Acres,4296.25,-1,Confirmed seed list,WLSM High Elevation,Seeds,Confirmed on Paper,Unknown,Species Specific,"A seed list dated January 19, 2007 titled Charleston Fire Rehabilitation Mountain Mix is listed above.  The Acreage on it is different than that on the MonFund reports.","The primary objective of the treatment is to aerially seed areas of the fire that are critical to wildlife, or most at risk for long-term irreversible damage due to the effects of the fire. The high elevation areas treated with this mix are especially susceptible to permanent habitat conversion as they do not respond well to fire and are slow to reestablish.","Aerially seed approximately 4296 acres with a high elevation wildlife mix of Western Yarrow and Mountain Big Sagebrush.\r\n\r\nThis plan calls for EVERY THIRD SWATH seeding over 14,976 acres FOR A TOTAL OF 4992 ACRES.  All public lands.",Sagebrush and yarrow were seeded to add vegetation structure and species richness to treated areas.  \r\nThe aerial wildlife seeding was completed in January via fixed wing through an aircraft rental agreement. The ground crew consisted of BLM helitack and a project inspector. AG Nav maps of the aerial seeding were completed for the project file.  Aerial seeding was monitored to ensure the correct seed mixture was dispersed over the target area at the specified rate.  A project inspector was present to ensure treatment met contract specifications.,"BLM monitoring personnel assess the seeding areas yearly to evaluate treatment success.  Effectiveness is based on establishment of three seeded plants per square meter rooted firmly in the soil with consideration to site selection factors such as soils, topography, native release of desirable species, and the potential for seedling establishment. Monitoring data is shared with range staff to provide comparisons with unburned reference sites.\r\n\r\nThe Charleston Aerial Wildlife (High Elevation) Seeding was monitored at three separate locations. One was specifically established to monitor this treatment (CHWH \u2013 01), one was established to monitor the Aerial Watershed Protection Seeding where it is overlapped by the Aerial Wildlife (High Elevation) Seeding (CHWS \u2013 03), and one was established to monitor native release on a Mountain Ridge range site within the high elevation wildlife seeding (CHNR \u2013 05). \r\n\r\nMonitoring Results: \r\n2007 \u2013 At CHWH \u2013 01, Western Yarrow was present at a density near one and three-quarters plants square meter (exceeding the objective density of one plant per square meter), Mountain Big Sagebrush was recorded at a density approaching one-half plant per square meter.  At CHWS \u2013 03, Western Yarrow appeared to increase to a density approaching three plants per square meter (well exceeding the objective density of one plant per square meter), Mountain Big Sagebrush was present at a density near one-third plant per square meter.  At CHNR \u2013 05 neither Western Yarrow nor Mountain Big Sagebrush were recorded. \r\n2008 \u2013 At CHWH \u2013 01, Western Yarrow appeared to decline in density by more than one plant per square meter, Mountain Big Sagebrush was not recorded.  At CHWS \u2013 03, Western Yarrow maintained a density near two and one-half plants per square meter but Mountain Big Sagebrush was not recorded.  Fluctuations should be evaluated cautiously because individual quadrat frames are not absolutely repeatable from year to year along a paced transect.  At CHNR \u2013 05 Western Yarrow was not recorded but Mountain Big Sagebrush approached a density of one-half plant per square meter. \r\n2009 \u2013 Monitoring plot CHNR \u2013 05  was specifically established to monitor native release at the request of the Elko range staff and only monitored ESR treatments incidentally.  It was not re-read by ESR staff during the final year of monitoring.  \r\nWestern Yarrow exceeded the objective density of three plants per square meter at CHWS \u2013 03 during the final year of monitoring.  Western Yarrow was observed in abundance in the areas surrounding CHWS \u2013 03, visible in parallel whitish \u201cstripes\u201d across the upland landscape that indicated flight paths.  Since Western Yarrow was \u201cdouble seeded\u201d at the CHWS \u2013 03 monitoring location (that is, seeded with both the Aerial Wildlife (high elevation) Seeding and the Aerial Watershed Protection Seeding that overlapped there,) an exact determination of which treatment provided the yarrow that was recorded cannot be made.  However, evidence of both seedings was clear where a slightly broader whitish stripe ran diagonally to the upland parallel stripes, down the middle of the V-shaped intermittent drainage seeded during the watershed protection treatment.  Western Yarrow was recorded at a moderate density exceeding one-third plant per square meter at CHWH \u2013 01; Mountain Big Sagebrush was not recorded.  Success varied between monitoring locations and throughout the monitoring period.  The Charleston Aerial Wildlife (high elevation) Seeding may be considered partially successful based upon solely upon observations and recorded density for Western Yarrow at CHWS \u2013 03.   Mountain Big Sagebrush was generally less successful, but was recorded at several locations at low-to-moderate density over the monitoring period, and fluctuations may result from absolute non-repeatability of individual quadrats along the paced transects used to monitor this treatment.",Polygon,Confirmed,"Digitized by BLM field office personnel, using an aircraft GPS unit",NA,4297.715391,4200.861984,NA,NA,"Erosion, Habitat for antelope, Habitat for mule deer, Habitat for sage grouse, Impact on Cultural Resources, Invasion by Cheatgrass, Livestock in treated area, Loss of cultural sites, Noxious Weeds","Implementation of the proposed action described in the Emergency Stabilization and Rehabilitation Plan DNA for the Charleston Complex will protect soils in the burned area, including preventing potential loss of soil due to wind and water erosion&* will reduce potential invasion and establishment of noxious weeds and cheatgrass&* will provide quality forage for livestock and wildlife&* and will facilitate meeting established standards and guidelines for livestock grazing.  \r\n\r\nExclusion of livestock grazing is necessary to allow seedling establishment, restore plant vigor and seed production, and to allow reestablishment of preferred species and to deter invasion of undesirable species.  The proposed fence will be constructed around the burn perimeter to keep grazing animals off the recovering burn to allow establishment of seeded and pre-fire vegetation species.  This temporary fencing will be used in conjunction with existing fences to protect the burn area from grazing.  This fencing and subsequent rest from grazing will allow for plants to re-establish and develop effective root depths and root reserves.  Vegetation establishment will help reduce the risk of dust and ash storms decreasing visibility on Interstate 80.  Vegetation establishment will help reduce the risk of accelerated soil erosion and mud flows into Mary&$s River and other areas of concern and provide for soil stabilization.  Vegetation associated with wetlands, riparian zones, and floodplains will be allowed to reestablish. \r\n\r\nThe broadcast seedings within drainages and low lying areas and aerial seeding on slopes will provide for soil stabilization and will reduce the potential invasion of cheatgrass, and any other nonnative noxious weeds.  The seedings will also provide cover and forage for area wildlife populations and nesting habitat for migratory birds.  Successful seeding of some drainages and the low lying areas near the South Fork of the Humboldt River and its tributaries will help reduce runoff and trap sediment, which will help prevent further degradation to the water quality.  Successful seeding of the drainages and low lying areas will also help protect aquatic species habitat from receiving excessive amounts of sediment and provide for streambank stabilization.\r\n\r\nControl of noxious weeds is consistent with the management plans for the resource and will help protect the ecological integrity, biodiversity, and site productivity of this shrub-steppe plant community.  Treatment of noxious weeds is necessary to comply with Nevada State Laws, to implement the Integrated Weed Management Program of the Elko Field Office, and to be responsible neighbors to the adjacent private landowners.  Working cooperatively with local weed management groups and private landowners will achieve better weed management.\r\n\r\nThe proposed action conforms to the 1985 Wells Resource Management Plan (RMP), as it was amended for fire management on September 29, 2004.  The decision for fire rehabilitation from the Approved Fire Management Amendment, page 20, is to \u201cConduct fire rehabilitation activities to emulate historic or pre-fire ecosystem structure, functioning, diversity and/or to restore a healthy stable ecosystem.\u201d  The proposed action is consistent with resource objectives of the plan and with other Federal, state, local and tribal laws, regulations, policies and plans to the maximum extent possible.",None,NA,None,NA,WLSM High Elevation,17:18:00,1,00,2007,01,15,1,00,2007,01,15
7892,21603,Closure/Exclosure,Closure,"Closures (OHV, Livestock, Area): Livestock Closure",13722,427328,62787,3,2008-06-15,2010-06-15,00/00/2008,00/00/2010,estimated month and day,estimated month and day,730,Implemented,Partially Successful,1,Acres,7802,0,NA,NA,NA,NA,NA,NA,NA,The majority of the burned area would be closed to livestock grazing to promote recovery of burned vegetation and facilitate the establishment of seeded species. The recommencement of livestock grazing use would ultimately depend on monitoring and meeting of ES plan objectives. Recovery of the burned area would be monitored for availability to grazing on a yearly basis. The monitoring for grazing availability and recommendations for opening the burned area to livestock would be the responsibility of an interdisciplinary team.,Livestock closure in effect until ES & BAR (S2 & R3) objectives have been met:\r\n\r\nSeeded Perennial Grasses = 5/m\xb2 & = 60 % Seed Heads\r\n\r\n\r\nACMIO = 1/m\xb2 \r\nARTRT + ARTRW8 = 1/10m\xb2,"A livestock closure was implemented to foster natural recovery and allow for the establishment of aerial and drill seeded species. Collection of vegetation data to assess recovery and establishment of seeded species was contracted to Ecosystem Management Inc. BLM staff monitored for unauthorized livestock use during allotment inspections and while implementing ES/BAR treatments. \r\n\r\nContract was delayed in Contracting Office and before implementation livestock was observed in recovery area.\r\n\r\nA livestock closure was implemented to foster natural recovery and allow for the establishment of aerial and drill seeded species. Collection of vegetation data to assess recovery and establishment of seeded species was performed by BLM. BLM staff monitored for unauthorized livestock use during allotment inspections and while implementing ES/BAR treatments.\r\n\r\nPartially Successful: A livestock closure was implemented to provide for the establishment of ground and aerial seeded species. Vegetation data was collected to assess seeded species establishment progress. BLM staff monitored for unauthorized livestock use during allotment inspections and while implementing ES/BAR treatments. Fence repair and construction were not completed as scheduled, and on several occasions livestock were observed within treatment area.  Livestock use may have impeded establishment of seeded species on the southern portion of the drill seeding area.  First year monitoring is inherently inconclusive, but data indicates a moderate to high establishment of seeded grasses and a very low density of aerial seeded species.",NA,Polygon,Confirmed,Digitized by LTDL data entry personnel using a map of unknown origin,8/18/2010,11609.58385,10712.78734,"The area within the Bruneau office was digitized and uploaded as the livestock closure for this office, the entire fire was generally closed to grazing.",BLM,"Habitat for desert bighorn sheep, Habitat for mule deer, Habitat for sage grouse, Invasion by Cheatgrass, Invasion by non-native annuals","The fire had tremendous impacts to sage-grouse habitat, mule deer winter range, bighorn sheep habitat, and healthy sagebrush steppe habitat left within southern Idaho and northern Nevada.  Severe impacts to cultural resource values, forage for wildlife and livestock, watershed health and aquatic species also occurred as a result of this fire.  The landscape level impacts are expected to take many years to fully address and likely extend well past the life of this plan.",None,NA,None,NA,NA,11:10:00,00,00,2008,06,15,00,00,2010,06,15
7893,21622,Closure/Exclosure,Closure,"Closures (OHV, Livestock, Area): Livestock Closure",13737,427330,62787,3,2008-06-15,2010-06-15,00/00/2008,00/00/2010,estimated month and day,estimated month and day,730,Implemented,Fully Successful,1,Acres,425815,0,NA,NA,NA,NA,NA,NA,NA,To protect the burned areas from unauthorized livestock use in order to help ensure vegetation recovery.,To ensure that the agreement is written and presented to the permittee.,"A handful of sites were reviewed by an Interdisciplinary Team to evaluate reintroduction of grazing to those select pastures.  Cover, seedhead production counts, and grass pulls to test rooting strength were used to evaluate the recovery of these sites and to help determine if they could withstand grazing.  The results were written into memos outlining the criteria for reintroduction of grazing, and the terms to be held up while grazing occurs, such as duration, timing, and utilization percentages.  The East 71 Pasture of Grassy Hills AMP Allotment and Turner Cedar Butte Allotment have met the criteria established post Murphy Fire and are scheduled to be reopened in the fall of 2008.  Other sites have been identified for review in late August and early September, and are being analyzed currently.  If the criteria for reopening are met, then the pastures will be open during their normal seasons of use.  In 2009, all of the sites will have the grazing reintroduction monitoring performed in addition to the normal monitoring procedures, unless grazing has been implemented at that site prior to the second year of monitoring.\r\n\r\nThe Natural Recovery sites which were rested to livestock grazing in order to aid in recovery area recovering as expected in the first year following a fire.  Four areas have been identified as needing treatment in the form of herbicide control for cheatgrass and seeding the appropriate seed mix for the site.  These sites will be monitored as seeding treatments following treatment.  Erosion is an issue at some sites, but appears to be minimizing.  Further monitoring is needed to determine if a trend towards natural recovery is being made.",Effectiveness monitoring will include visits to the site by range staff and other BLM employees to ensure that there is no livestock within the burned area and that no unauthorized use has taken place.,Polygon,Confirmed,Not Determined,NA,652208.5972,482054.9286,NA,BLM,"Endangered Species, Erosion, Invasion by Cheatgrass, Invasion by non-native annuals, Loss of Perennials, Noxious Weeds, Provide cover for wildlife, Provide forage for wildlife, Threatened Species",NA,None,NA,None,NA,NA,57:19:00,00,00,2008,06,15,00,00,2010,06,15
7892,21603,Closure/Exclosure,Closure,"Closures (OHV, Livestock, Area): Livestock Closure",13722,428847,63038,4,2008-06-15,2010-06-15,00/00/2008,00/00/2010,estimated month and day,estimated month and day,730,Implemented,Partially Successful,1,Acres,7802,0,NA,NA,NA,NA,NA,NA,NA,The majority of the burned area would be closed to livestock grazing to promote recovery of burned vegetation and facilitate the establishment of seeded species. The recommencement of livestock grazing use would ultimately depend on monitoring and meeting of ES plan objectives. Recovery of the burned area would be monitored for availability to grazing on a yearly basis. The monitoring for grazing availability and recommendations for opening the burned area to livestock would be the responsibility of an interdisciplinary team.,Livestock closure in effect until ES & BAR (S2 & R3) objectives have been met:\r\n\r\nSeeded Perennial Grasses = 5/m\xb2 & = 60 % Seed Heads\r\n\r\n\r\nACMIO = 1/m\xb2 \r\nARTRT + ARTRW8 = 1/10m\xb2,"A livestock closure was implemented to foster natural recovery and allow for the establishment of aerial and drill seeded species. Collection of vegetation data to assess recovery and establishment of seeded species was contracted to Ecosystem Management Inc. BLM staff monitored for unauthorized livestock use during allotment inspections and while implementing ES/BAR treatments. \r\n\r\nContract was delayed in Contracting Office and before implementation livestock was observed in recovery area.\r\n\r\nA livestock closure was implemented to foster natural recovery and allow for the establishment of aerial and drill seeded species. Collection of vegetation data to assess recovery and establishment of seeded species was performed by BLM. BLM staff monitored for unauthorized livestock use during allotment inspections and while implementing ES/BAR treatments.\r\n\r\nPartially Successful: A livestock closure was implemented to provide for the establishment of ground and aerial seeded species. Vegetation data was collected to assess seeded species establishment progress. BLM staff monitored for unauthorized livestock use during allotment inspections and while implementing ES/BAR treatments. Fence repair and construction were not completed as scheduled, and on several occasions livestock were observed within treatment area.  Livestock use may have impeded establishment of seeded species on the southern portion of the drill seeding area.  First year monitoring is inherently inconclusive, but data indicates a moderate to high establishment of seeded grasses and a very low density of aerial seeded species.",NA,Polygon,Confirmed,Digitized by LTDL data entry personnel using a map of unknown origin,8/18/2010,11609.58385,10712.78734,"The area within the Bruneau office was digitized and uploaded as the livestock closure for this office, the entire fire was generally closed to grazing.",BLM,"Habitat for desert bighorn sheep, Habitat for mule deer, Habitat for sage grouse, Invasion by Cheatgrass, Invasion by non-native annuals","The fire had tremendous impacts to sage-grouse habitat, mule deer winter range, bighorn sheep habitat, and healthy sagebrush steppe habitat left within southern Idaho and northern Nevada.  Severe impacts to cultural resource values, forage for wildlife and livestock, watershed health and aquatic species also occurred as a result of this fire.  The landscape level impacts are expected to take many years to fully address and likely extend well past the life of this plan.",None,NA,None,NA,NA,11:10:00,00,00,2008,06,15,00,00,2010,06,15
7893,21622,Closure/Exclosure,Closure,"Closures (OHV, Livestock, Area): Livestock Closure",13737,428849,63038,4,2008-06-15,2010-06-15,00/00/2008,00/00/2010,estimated month and day,estimated month and day,730,Implemented,Fully Successful,1,Acres,425815,0,NA,NA,NA,NA,NA,NA,NA,To protect the burned areas from unauthorized livestock use in order to help ensure vegetation recovery.,To ensure that the agreement is written and presented to the permittee.,"A handful of sites were reviewed by an Interdisciplinary Team to evaluate reintroduction of grazing to those select pastures.  Cover, seedhead production counts, and grass pulls to test rooting strength were used to evaluate the recovery of these sites and to help determine if they could withstand grazing.  The results were written into memos outlining the criteria for reintroduction of grazing, and the terms to be held up while grazing occurs, such as duration, timing, and utilization percentages.  The East 71 Pasture of Grassy Hills AMP Allotment and Turner Cedar Butte Allotment have met the criteria established post Murphy Fire and are scheduled to be reopened in the fall of 2008.  Other sites have been identified for review in late August and early September, and are being analyzed currently.  If the criteria for reopening are met, then the pastures will be open during their normal seasons of use.  In 2009, all of the sites will have the grazing reintroduction monitoring performed in addition to the normal monitoring procedures, unless grazing has been implemented at that site prior to the second year of monitoring.\r\n\r\nThe Natural Recovery sites which were rested to livestock grazing in order to aid in recovery area recovering as expected in the first year following a fire.  Four areas have been identified as needing treatment in the form of herbicide control for cheatgrass and seeding the appropriate seed mix for the site.  These sites will be monitored as seeding treatments following treatment.  Erosion is an issue at some sites, but appears to be minimizing.  Further monitoring is needed to determine if a trend towards natural recovery is being made.",Effectiveness monitoring will include visits to the site by range staff and other BLM employees to ensure that there is no livestock within the burned area and that no unauthorized use has taken place.,Polygon,Confirmed,Not Determined,NA,652208.5972,482054.9286,NA,BLM,"Endangered Species, Erosion, Invasion by Cheatgrass, Invasion by non-native annuals, Loss of Perennials, Noxious Weeds, Provide cover for wildlife, Provide forage for wildlife, Threatened Species",NA,None,NA,None,NA,NA,57:19:00,00,00,2008,06,15,00,00,2010,06,15
21003,53133,Seeding,Seedling Planting,Seedling Planting (Shrub/Tree): Hand Planting,33475,432028,63348,6,2019-10-04,2019-10-05,10/4/2019,10/5/2019,actual,actual,1,Implemented,Unknown,2,Acres,4100,-1,Confirmed seed list,NA,Seedlings,Confirmed on Paper,Unknown,Species Specific,Cost per seedling:\r\n$ 0.78  grow\r\n$ 0.25  hand plant,"For entire contract area: Hand plant 375,000 seedlings in the Jarbidge and Burley Field Office area of the Twin Falls District BLM.","For entire contract area: Hand plant 375,000 seedlings in the Jarbidge and Burley Field Office area of the Twin Falls District BLM. \r\n\r\n2.1 SEEDLING PREPARATION\r\nA. The Contractor shall be responsible for removal of seedlings from the packaging prior to planting.\r\nB. The Contractor will be required to consolidate and organize all packaging used to transport seedlings\r\nincluding containers, plastic wrapping, plastic bags, and boxes.\r\nC. The Contractor will protect products from damage while loading and in transit to project unit(s).\r\n2.2 SITE PREPARATION\r\nA. Preparing the Planting Hole - Planting holes shall be located near the center of the prepared area and shall be\r\noriented at an angle between perpendicular to the slope and true vertical (see Attachment). Planting holes\r\nmust be two inches deeper than the maximum root length of the seedlings.\r\n2.3 PLANTING METHODS\r\nA. The following requirements will apply to all planting units, unless identified otherwise.\r\nB. Proper selection of planting site is important to provide protection from animal damage, sun, wind, loose\r\ndebris, and other agents detrimental to seedling survival and growth.\r\nC. Plant spacing will be 8-15 feet and plants will be planted in large groups utilizing a grid pattern by planting\r\ncrews. Planting grid patterns must cover the entire planting project unit with exceptions for avoidance areas\r\n(see section H below) or as allowed by the Project Inspector due to site conditions.\r\nD. Plants will be placed no closer than 3 feet away from existing live brush plants, but could be placed closer to\r\nstanding dead shrubs.\r\nE. Clearing efforts will be required to prepare the site for planting and maintaining required spacing.\r\nF. An unplantable area (spot) will be indicated by the Project Inspector prior to planting on the project site. The\r\nProject Inspector will make the determination whether a site is plantable or unplantable.\r\nG. Where an unplantable spot is encountered: The planter shall move over the unplantable spot and plant in the\r\nclosest plantable spot available, and then resume required spacing. Examples of unplantable spots are:\r\nI. Rock outcrops, talus slopes, and areas of stone, cobbles or gravel or 12"" deep.\r\n2. Sites with obvious rodent or insect (ant hills) activity.\r\n3. Sites with obvious run-off, i.e. bottom of drainages.\r\n4. Animal & human travel paths - planting sites shall be a minimum of five feet, each side, from travel\r\npaths.\r\n5. Within .25 miles of livestock troughs or supplement sites.\r\n6. Within 50 feet of two-track roads or fence lines.\r\n7. Within 300 feet of main travel roads.\r\n8. Cultural avoidance areas as identified on the project maps.\r\nH. Planting will not occur on slick spots where they exist, or near other sensitive areas.","This project consisted of the grow and hand planting of 45,000 6 cubic inch containerized Wyoming big sagebrush and 5,000 antelope bitterbrush seedlings over an area of about 4,100 acres. The seedlings were planted to mostly moist ground in patches of 500 to 1,000 plants. See the attached map for the project location.  \r\n\r\nThe grower for the seedlings was awarded in a separate contract (140L2619P0006_2019 TFD Fuels Shrub Grow) to Desert Sage Farm, LLC of Mackay, ID (greenhouse located in Oakley, ID). The Planting contractor was Quicksilver Contracting Company of La Pine, OR. Foremen for the planting crew was Victor Sanchez and Cristian . The crew consisted of 16 planters. The project was completed using hoedads and UTV\u2019s for transporting seedlings. The project was started on October 4, 2019 and completed October 5, 2019",Unknown,Polygon,Confirmed,"Digitized by BLM field office personnel, method unknown",None,4102.56,3942.13,NA,Contractor,"Fire hazard, Hazardous fuels reduction, Sagebrush","Documentation does not describe the project justification, but it is a Fuels project",Unknown,NA,Snow,"Low of 37 high of 54, Mostly cloudy on first day and mostly sunny on second. Snow on first day. Winds between 3 and 7 N to NE",NA,45:09:00,10,4,2019,10,04,10,5,2019,10,05
21105,53608,Seeding,Seedling Planting,Seedling Planting (Shrub/Tree): Hand Planting,33726,432031,63348,6,2019-10-05,2019-10-05,10/5/2019,10/5/2019,actual,actual,0,Implemented,Unknown,1,Acres,4103,-1,Planned seed list,NA,Seedlings,Plan,Unknown,Species Specific,NA,Establish desirable species,"Depending on success of aerial strip seeding approximately 1,000,000 bare-root Wyoming big sagebrush and up to 1,000,000 containerized or bare-root Antelope bitterbrush seedlings will be hand planted as early as 2020.",Bruneau brush planting was completed on 10/5/2019. \r\nGIS is implementation data.,Unknown,Polygon,Confirmed,"Digitized by BLM field office personnel, method unknown",NA,4102.56,3942.13,NA,Unknown,"Erosion, Habitat quality, Loss of vegetation, Vegetal cover, Cover for wildlife, Fire hazard, Forage for wildlife, Habitat for antelope, Habitat for greater sage grouse, Habitat for Gunnison sage grouse, Habitat for mule deer, Habitat for sage grouse, Habitat for wildlife, Invasion by non-native annuals, Invasive species, Loss of sagebrush, Loss of perennials, Loss of native vegetation, Sensitive species, Special status species, Wildlife in treated area",NA,NA,NA,NA,NA,NA,04:40:00,10,5,2019,10,05,10,5,2019,10,05
21003,53133,Seeding,Seedling Planting,Seedling Planting (Shrub/Tree): Hand Planting,33475,433095,63391,7,2019-10-04,2019-10-05,10/4/2019,10/5/2019,actual,actual,1,Implemented,Unknown,2,Acres,4100,-1,Confirmed seed list,NA,Seedlings,Confirmed on Paper,Unknown,Species Specific,Cost per seedling:\r\n$ 0.78  grow\r\n$ 0.25  hand plant,"For entire contract area: Hand plant 375,000 seedlings in the Jarbidge and Burley Field Office area of the Twin Falls District BLM.","For entire contract area: Hand plant 375,000 seedlings in the Jarbidge and Burley Field Office area of the Twin Falls District BLM. \r\n\r\n2.1 SEEDLING PREPARATION\r\nA. The Contractor shall be responsible for removal of seedlings from the packaging prior to planting.\r\nB. The Contractor will be required to consolidate and organize all packaging used to transport seedlings\r\nincluding containers, plastic wrapping, plastic bags, and boxes.\r\nC. The Contractor will protect products from damage while loading and in transit to project unit(s).\r\n2.2 SITE PREPARATION\r\nA. Preparing the Planting Hole - Planting holes shall be located near the center of the prepared area and shall be\r\noriented at an angle between perpendicular to the slope and true vertical (see Attachment). Planting holes\r\nmust be two inches deeper than the maximum root length of the seedlings.\r\n2.3 PLANTING METHODS\r\nA. The following requirements will apply to all planting units, unless identified otherwise.\r\nB. Proper selection of planting site is important to provide protection from animal damage, sun, wind, loose\r\ndebris, and other agents detrimental to seedling survival and growth.\r\nC. Plant spacing will be 8-15 feet and plants will be planted in large groups utilizing a grid pattern by planting\r\ncrews. Planting grid patterns must cover the entire planting project unit with exceptions for avoidance areas\r\n(see section H below) or as allowed by the Project Inspector due to site conditions.\r\nD. Plants will be placed no closer than 3 feet away from existing live brush plants, but could be placed closer to\r\nstanding dead shrubs.\r\nE. Clearing efforts will be required to prepare the site for planting and maintaining required spacing.\r\nF. An unplantable area (spot) will be indicated by the Project Inspector prior to planting on the project site. The\r\nProject Inspector will make the determination whether a site is plantable or unplantable.\r\nG. Where an unplantable spot is encountered: The planter shall move over the unplantable spot and plant in the\r\nclosest plantable spot available, and then resume required spacing. Examples of unplantable spots are:\r\nI. Rock outcrops, talus slopes, and areas of stone, cobbles or gravel or 12"" deep.\r\n2. Sites with obvious rodent or insect (ant hills) activity.\r\n3. Sites with obvious run-off, i.e. bottom of drainages.\r\n4. Animal & human travel paths - planting sites shall be a minimum of five feet, each side, from travel\r\npaths.\r\n5. Within .25 miles of livestock troughs or supplement sites.\r\n6. Within 50 feet of two-track roads or fence lines.\r\n7. Within 300 feet of main travel roads.\r\n8. Cultural avoidance areas as identified on the project maps.\r\nH. Planting will not occur on slick spots where they exist, or near other sensitive areas.","This project consisted of the grow and hand planting of 45,000 6 cubic inch containerized Wyoming big sagebrush and 5,000 antelope bitterbrush seedlings over an area of about 4,100 acres. The seedlings were planted to mostly moist ground in patches of 500 to 1,000 plants. See the attached map for the project location.  \r\n\r\nThe grower for the seedlings was awarded in a separate contract (140L2619P0006_2019 TFD Fuels Shrub Grow) to Desert Sage Farm, LLC of Mackay, ID (greenhouse located in Oakley, ID). The Planting contractor was Quicksilver Contracting Company of La Pine, OR. Foremen for the planting crew was Victor Sanchez and Cristian . The crew consisted of 16 planters. The project was completed using hoedads and UTV\u2019s for transporting seedlings. The project was started on October 4, 2019 and completed October 5, 2019",Unknown,Polygon,Confirmed,"Digitized by BLM field office personnel, method unknown",None,4102.56,3942.13,NA,Contractor,"Fire hazard, Hazardous fuels reduction, Sagebrush","Documentation does not describe the project justification, but it is a Fuels project",Unknown,NA,Snow,"Low of 37 high of 54, Mostly cloudy on first day and mostly sunny on second. Snow on first day. Winds between 3 and 7 N to NE",NA,45:09:00,10,4,2019,10,04,10,5,2019,10,05
21105,53608,Seeding,Seedling Planting,Seedling Planting (Shrub/Tree): Hand Planting,33726,433098,63391,7,2019-10-05,2019-10-05,10/5/2019,10/5/2019,actual,actual,0,Implemented,Unknown,1,Acres,4103,-1,Planned seed list,NA,Seedlings,Plan,Unknown,Species Specific,NA,Establish desirable species,"Depending on success of aerial strip seeding approximately 1,000,000 bare-root Wyoming big sagebrush and up to 1,000,000 containerized or bare-root Antelope bitterbrush seedlings will be hand planted as early as 2020.",Bruneau brush planting was completed on 10/5/2019. \r\nGIS is implementation data.,Unknown,Polygon,Confirmed,"Digitized by BLM field office personnel, method unknown",NA,4102.56,3942.13,NA,Unknown,"Erosion, Habitat quality, Loss of vegetation, Vegetal cover, Cover for wildlife, Fire hazard, Forage for wildlife, Habitat for antelope, Habitat for greater sage grouse, Habitat for Gunnison sage grouse, Habitat for mule deer, Habitat for sage grouse, Habitat for wildlife, Invasion by non-native annuals, Invasive species, Loss of sagebrush, Loss of perennials, Loss of native vegetation, Sensitive species, Special status species, Wildlife in treated area",NA,NA,NA,NA,NA,NA,04:40:00,10,5,2019,10,05,10,5,2019,10,05
12589,33939,Seeding,Aerial Seeding,Aerial Seeding: Rotor Wing,21831,291262,63515,2,2007-12-15,2007-12-15,12/00/2007,12/00/2007,estimated day,estimated day,0,Implemented,Unknown,2,Acres,2120,-1,Confirmed seed list,Watershed Mix,Seeds,Confirmed on Paper,Unknown,Unknown,Seed list confirmed via 2008 MonFund.,"Prior to the West Fork Fire, terraces and benches associated with drainage bottoms supported heavy densities of sagebrush and as a result burned intensively.  Without seeding, these areas are highly susceptible to erosion and to invasions by cheatgrass and other exotic weed species.  Broadcast seeding of perennial grass species along terraces and benches will provide for soil stabilization and will reduce chances of invasive weeds becoming established.  Seeded grasses will also aid in sediment trapping and dissipation of flow energies associated with runoff, resulting in improved water quality in downstream areas. In addition, deep rooted perennial grasses will act to stabilize easily erodible terraces. \r\n\r\nThe primary objective of the treatment is to aerially seed areas that are most at risk for long-term irreversible damage due to the effects of the fire.","Watershed Seeding - Aerial seed approximately 2,425 acres with Western yarrow, Bannock thickspike wheatgrass, Snake River Wheatgrass, Magnar Great Basin wildrye, and Sherman big bluegrass.  Seeding will target drainages and tributaries that burned with moderate to high severity.  Basin big sagebrush will also be added to the mix under the Rehabilitation Plan.","A watershed mix of Snake River wheatgrass, Streambank wheatgrass, Idaho fescue, Basin Wildrye, Thickspike wheatgrass, Big bluegrass, Sanfoin and Basin big sagebrush was applied to the fire. \r\nThis treatment was done in December with a helicopter through and aircraft rental agreement. AgNav maps of the aerial seeding were completed for the project file. Aerial seeding was monitored to ensure that seed was being dispersed in the proper area and at the specified rate. A project inspector was present throughout the process to ensure the treatment met contract specifications.","BLM monitoring personnel assess the seeding areas yearly to evaluate treatment success.  Effectiveness is based on establishment of three seeded plants per square meter rooted firmly in the soil with consideration to site selection factors such as soils, topography, native release of desirable species, and the potential for seedling establishment. Monitoring data is shared with range staff to provide comparisons with unburned reference sites.\r\n\r\nIn the first year post-fire and post-treatment, both seeded and native species were recorded in the study plots on the West Fork Fire. \r\n\r\nOn the aerial watershed treatment (WFS3/D-01 and WFS3/D-02), seeded species per square meter were observed with the following density: \r\nSnake River wheatgrass, .25\r\nThickspike wheatgrass, .86\r\nStreambank wheatgrass, .44\r\nBasin wildrye, 13\r\nBig bluegrass, .05\r\nSanfoin, .01\r\nBasin big sagebrush, .26\r\nTotal seeded species observed per meter: 2.0\r\n\r\nThe following native release species were also observed within the transects: POSE, SIHY, AGSP, CHVI-8, BASA, PHHO, LUPIN, AMTE, LARE, PHLO and GARA\r\n\r\nThe following invasive/ potentially invasive species were observed within the transect: BRTE, IVAX, LEPE and DEPI",Polygon,Confirmed,"Digitized by BLM field office personnel, using an aircraft GPS unit",NA,2120.334841,2090.175983,NA,BLM and Cooperators,"Erosion, Habitat for antelope, Habitat for Elk, Habitat for mule deer, Habitat for sage grouse, Impact on Cultural Resources, Noxious Weeds, Migratory Birds, Special Status Species, Provide cover for wildlife, Watershed degradation","The purpose of the proposed action described in the emergency stabilization and rehabilitation plans and this EA is to protect the burned area from livestock grazing, seed the burned area to stabilize the soils and prevent the establishment of annual invasive nonnative and noxious plant species, allow the undamaged plant species time to re-establish, and treat the invasive nonnative and noxious plant species to prevent spreading. The need for the proposed action is to stabilize and prevent unacceptable degradation to natural and cultural resources, to minimize threats to life or property resulting from the effects of the fire, to construct physical improvements necessary to prevent degradation of land or resources, and to prescribe cost effective post-fire stabilization measures necessary to protect human life, property, and critical cultural and natural resources.\r\nThe proposed seeding would help stabilize watersheds and upland soils to prevent further degradation to affected resources on lands within the fire perimeter or downstream drainages that may result from short duration, high intensity precipitation events&* reduce the potential for invasive nonnative and noxious weeds and competitive annual plant species&* help provide forage, cover, and habitat for wildlife, including but not limited to, BLM designated special status species, migratory birds, mule deer, pronghorn antelope, and sage grouse.",None,NA,None,NA,Watershed Seeding\r\nESR/BAR Coop.\r\nAll costs combined for watershed treatments.,40:15:00,12,00,2007,12,15,12,00,2007,12,15
12589,33947,Seeding,Aerial Seeding,Aerial Seeding: Rotor Wing,21838,291263,63515,2,2007-12-15,2007-12-15,12/00/2007,12/00/2007,estimated day,estimated day,0,Implemented,Unknown,2,Acres,11218,-1,Confirmed seed list,Mule Deer Winter Range Mix,Seeds,Confirmed on Paper,Unknown,Species Specific,Seed list confirmed via 2008 MonFund.\r\nAmounts from BAR planned seed list.,"The fire killed the shrub component within the burn perimeter.   The goal of reseeding the treatment areas with shrub species is to help provide cover and forage for wildlife; reduce water erosion hazards by stabilizing soils; increase the rate at which native riparian vegetation is restored; maintain a healthy, productive, and diverse plant community; and minimize the establishment of exotic annual plants.  \r\n\r\nEmphasis of these rehabilitation seedings have been placed on mule deer, antelope, and sage grouse.  Application of sagebrush seed will target areas that had the existing vegetation community that is being seeded.  \r\n\r\nThe primary objective of the treatment is to seed areas of the burn that are at high risk for significant erosion and non-native species invasion.","\u2022\tMule Deer Winter Range Seeding \u2013 Aerially seed approximately 11,550 acres with a mix which consists of Mountain big sagebrush, Basin big sagebrush, and Western yarrow.  Treatment emphasis was placed on the most critical areas for mule deer winter range using ecological sites based on vegetation mortality, soil types, precondition vegetation, and consultation with the Nevada Department of Wildlife.",A Mule Deer Winter Range mix of Mountain and Basin big sagebrush and Western Yarrow was applied. \r\nThis treatment was done in December with a helicopter through and aircraft rental agreement. AgNav maps of the aerial seeding were completed for the project file. Aerial seeding was monitored to ensure that seed was being dispersed in the proper area and at the specified rate. A project inspector was present throughout the process to ensure the treatment met contract specifications.,"BLM monitoring personnel assess the seeding areas yearly to evaluate treatment success.  Effectiveness is based on establishment of three seeded plants per square meter rooted firmly in the soil with consideration to site selection factors such as soils, topography, native release of desirable species, and the potential for seedling establishment. Monitoring data is shared with range staff to provide comparisons with unburned reference sites.\r\n\r\nIn the first year post-fire and post-treatment, both seeded and native species were recorded in the study plots on the West Fork Fire. \r\n\r\nOn the Mule deer winter range aerial treatment (WFS3/W-01, WFS3/W-02 and WFS3/W-03) seeded species per square meter were observed with the following density: \r\nWestern yarrow, .24\r\nBasin big sagebrush, .04\r\nMountain big sagebrush, .01\r\nTotal seeded species observed per meter:  .29\r\n\r\nThe following native release species were also observed within the transects: POSE, SIHY, AGSP, AGDA, CHVI-8, PHHO, CRAC, CALOC, PEGA, ZYPA, ARNO, AMTE, AGGL, CHDO and ERSP\r\n\r\nThe following invasive/ potentially invasive species were observed within the transect: BRTE, SIAL, LEPE and DEPI",Polygon,Confirmed,"Digitized by BLM field office personnel, using an aircraft GPS unit",NA,11217.55168,10839.09663,NA,Contractor,"Erosion, Habitat for antelope, Habitat for Elk, Habitat for mule deer, Habitat for sage grouse, Impact on Cultural Resources, Noxious Weeds, Migratory Birds, Special Status Species, Provide cover for wildlife, Watershed degradation","The purpose of the proposed action described in the emergency stabilization and rehabilitation plans and this EA is to protect the burned area from livestock grazing, seed the burned area to stabilize the soils and prevent the establishment of annual invasive nonnative and noxious plant species, allow the undamaged plant species time to re-establish, and treat the invasive nonnative and noxious plant species to prevent spreading. The need for the proposed action is to stabilize and prevent unacceptable degradation to natural and cultural resources, to minimize threats to life or property resulting from the effects of the fire, to construct physical improvements necessary to prevent degradation of land or resources, and to prescribe cost effective post-fire stabilization measures necessary to protect human life, property, and critical cultural and natural resources.\r\nThe proposed seeding would help stabilize watersheds and upland soils to prevent further degradation to affected resources on lands within the fire perimeter or downstream drainages that may result from short duration, high intensity precipitation events&* reduce the potential for invasive nonnative and noxious weeds and competitive annual plant species&* help provide forage, cover, and habitat for wildlife, including but not limited to, BLM designated special status species, migratory birds, mule deer, pronghorn antelope, and sage grouse.",None,NA,None,NA,Mule Deer Winter\r\nCost is seed cost.,06:02:00,12,00,2007,12,15,12,00,2007,12,15
12589,33947,Seeding,Aerial Seeding,Aerial Seeding: Rotor Wing,21838,291316,63542,2,2007-12-15,2007-12-15,12/00/2007,12/00/2007,estimated day,estimated day,0,Implemented,Unknown,2,Acres,11218,-1,Confirmed seed list,Mule Deer Winter Range Mix,Seeds,Confirmed on Paper,Unknown,Species Specific,Seed list confirmed via 2008 MonFund.\r\nAmounts from BAR planned seed list.,"The fire killed the shrub component within the burn perimeter.   The goal of reseeding the treatment areas with shrub species is to help provide cover and forage for wildlife; reduce water erosion hazards by stabilizing soils; increase the rate at which native riparian vegetation is restored; maintain a healthy, productive, and diverse plant community; and minimize the establishment of exotic annual plants.  \r\n\r\nEmphasis of these rehabilitation seedings have been placed on mule deer, antelope, and sage grouse.  Application of sagebrush seed will target areas that had the existing vegetation community that is being seeded.  \r\n\r\nThe primary objective of the treatment is to seed areas of the burn that are at high risk for significant erosion and non-native species invasion.","\u2022\tMule Deer Winter Range Seeding \u2013 Aerially seed approximately 11,550 acres with a mix which consists of Mountain big sagebrush, Basin big sagebrush, and Western yarrow.  Treatment emphasis was placed on the most critical areas for mule deer winter range using ecological sites based on vegetation mortality, soil types, precondition vegetation, and consultation with the Nevada Department of Wildlife.",A Mule Deer Winter Range mix of Mountain and Basin big sagebrush and Western Yarrow was applied. \r\nThis treatment was done in December with a helicopter through and aircraft rental agreement. AgNav maps of the aerial seeding were completed for the project file. Aerial seeding was monitored to ensure that seed was being dispersed in the proper area and at the specified rate. A project inspector was present throughout the process to ensure the treatment met contract specifications.,"BLM monitoring personnel assess the seeding areas yearly to evaluate treatment success.  Effectiveness is based on establishment of three seeded plants per square meter rooted firmly in the soil with consideration to site selection factors such as soils, topography, native release of desirable species, and the potential for seedling establishment. Monitoring data is shared with range staff to provide comparisons with unburned reference sites.\r\n\r\nIn the first year post-fire and post-treatment, both seeded and native species were recorded in the study plots on the West Fork Fire. \r\n\r\nOn the Mule deer winter range aerial treatment (WFS3/W-01, WFS3/W-02 and WFS3/W-03) seeded species per square meter were observed with the following density: \r\nWestern yarrow, .24\r\nBasin big sagebrush, .04\r\nMountain big sagebrush, .01\r\nTotal seeded species observed per meter:  .29\r\n\r\nThe following native release species were also observed within the transects: POSE, SIHY, AGSP, AGDA, CHVI-8, PHHO, CRAC, CALOC, PEGA, ZYPA, ARNO, AMTE, AGGL, CHDO and ERSP\r\n\r\nThe following invasive/ potentially invasive species were observed within the transect: BRTE, SIAL, LEPE and DEPI",Polygon,Confirmed,"Digitized by BLM field office personnel, using an aircraft GPS unit",NA,11217.55168,10839.09663,NA,Contractor,"Erosion, Habitat for antelope, Habitat for Elk, Habitat for mule deer, Habitat for sage grouse, Impact on Cultural Resources, Noxious Weeds, Migratory Birds, Special Status Species, Provide cover for wildlife, Watershed degradation","The purpose of the proposed action described in the emergency stabilization and rehabilitation plans and this EA is to protect the burned area from livestock grazing, seed the burned area to stabilize the soils and prevent the establishment of annual invasive nonnative and noxious plant species, allow the undamaged plant species time to re-establish, and treat the invasive nonnative and noxious plant species to prevent spreading. The need for the proposed action is to stabilize and prevent unacceptable degradation to natural and cultural resources, to minimize threats to life or property resulting from the effects of the fire, to construct physical improvements necessary to prevent degradation of land or resources, and to prescribe cost effective post-fire stabilization measures necessary to protect human life, property, and critical cultural and natural resources.\r\nThe proposed seeding would help stabilize watersheds and upland soils to prevent further degradation to affected resources on lands within the fire perimeter or downstream drainages that may result from short duration, high intensity precipitation events&* reduce the potential for invasive nonnative and noxious weeds and competitive annual plant species&* help provide forage, cover, and habitat for wildlife, including but not limited to, BLM designated special status species, migratory birds, mule deer, pronghorn antelope, and sage grouse.",None,NA,None,NA,Mule Deer Winter\r\nCost is seed cost.,06:02:00,12,00,2007,12,15,12,00,2007,12,15
12589,33934,Seeding,Aerial Seeding,Aerial Seeding: Rotor Wing,21841,291317,63542,2,2007-12-15,2007-12-15,12/00/2007,12/00/2007,estimated day,estimated day,0,Implemented,Unknown,2,Acres,975,-1,Confirmed seed list,Mule Deer North Slope Mix,Seeds,Confirmed on Paper,Unknown,Unknown,Seed list confirmed via 2008 MonFund.,"The fire killed the shrub component within the burn perimeter.   The goal of reseeding the treatment areas with shrub species is to help provide cover and forage for wildlife; reduce water erosion hazards by stabilizing soils; increase the rate at which native riparian vegetation is restored; maintain a healthy, productive, and diverse plant community; and minimize the establishment of exotic annual plants.  \r\n\r\nThe primary objective of the treatment is to seed areas of the burn that are at high risk for significant erosion and non-native species invasion.","\u2022\tNorth Slope Seeding - Aerially seed approximately 1,000 acres with antelope bitterbrush and Idaho fescue in the areas that are important to wintering deer and that are not being treated mechanically or by hand seeding due to difficult access.  Emphasis will be placed on seeding north slopes above 5,500 feet that have the optimal environmental conditions for seeding success.","A North slope mix of Idaho fescue, Small burnett and Antelope bitterbrush was applied to the fire.\r\nThis treatment was done in December with a helicopter through and aircraft rental agreement. AgNav maps of the aerial seeding were completed for the project file. Aerial seeding was monitored to ensure that seed was being dispersed in the proper area and at the specified rate. A project inspector was present throughout the process to ensure the treatment met contract specifications.","BLM monitoring personnel assess the seeding areas yearly to evaluate treatment success.  Effectiveness is based on establishment of three seeded plants per square meter rooted firmly in the soil with consideration to site selection factors such as soils, topography, native release of desirable species, and the potential for seedling establishment. Monitoring data is shared with range staff to provide comparisons with unburned reference sites.\r\n\r\nOn the North slope aerial treatment (WFS3/W-01, WFS3/W-02 and WFS3/W-03), seeded species per square meter were observed with the following density: \r\nIdaho fescue, .11\r\nAntelope bitterbrush, .03\r\nTotal seeded species observed per meter:  .14\r\n\r\nThe following native release species were also observed within the transects: POSE, SIHY, AGSP, AGDA, CHVI-8, PHHO, CRAC, CALOC, PEGA, ZYPA, ARNO, AMTE, AGGL, CHDO and ERSP\r\n\r\nThe following invasive/ potentially invasive species were observed within the transect: BRTE, SIAL, LEPE and DEPI",Polygon,Confirmed,"Digitized by BLM field office personnel, using an aircraft GPS unit",NA,975.0715756,928.845601,NA,BLM and Cooperators,"Erosion, Habitat for antelope, Habitat for Elk, Habitat for mule deer, Habitat for sage grouse, Impact on Cultural Resources, Noxious Weeds, Migratory Birds, Special Status Species, Provide cover for wildlife, Watershed degradation","The purpose of the proposed action described in the emergency stabilization and rehabilitation plans and this EA is to protect the burned area from livestock grazing, seed the burned area to stabilize the soils and prevent the establishment of annual invasive nonnative and noxious plant species, allow the undamaged plant species time to re-establish, and treat the invasive nonnative and noxious plant species to prevent spreading. The need for the proposed action is to stabilize and prevent unacceptable degradation to natural and cultural resources, to minimize threats to life or property resulting from the effects of the fire, to construct physical improvements necessary to prevent degradation of land or resources, and to prescribe cost effective post-fire stabilization measures necessary to protect human life, property, and critical cultural and natural resources.\r\nThe proposed seeding would help stabilize watersheds and upland soils to prevent further degradation to affected resources on lands within the fire perimeter or downstream drainages that may result from short duration, high intensity precipitation events&* reduce the potential for invasive nonnative and noxious weeds and competitive annual plant species&* help provide forage, cover, and habitat for wildlife, including but not limited to, BLM designated special status species, migratory birds, mule deer, pronghorn antelope, and sage grouse.",None,NA,None,NA,Mule Deer North Slope\r\nCost is for seeds.,10:23:00,12,00,2007,12,15,12,00,2007,12,15
9814,26622,Seeding,Aerial Seeding,Aerial Seeding,17009,302269,70666,2,2002-02-11,2002-02-12,2/11/2002,2/12/2002,actual,actual,1,Implemented,Partially Successful,2,Acres,495,-1,Confirmed seed list,High Elevation Shrubs,Seeds,Confirmed on Paper,Unknown,Species Specific,NA,"To prevent accelerated soil erosion, restore canopy cover and ground cover.","Aerial 8,809 acres of burned rangeland. (some areas seeded twice, once with a grass mixture and then with a shrub mixture,\r\ntreatment are at different times of the year.",This is the high elevation mix treatment.  The aerial seeding was done by Thomas Helicopters on 2/11-12/2002. The ground conditions were frozen in the morning thawing in the afternoon with 60-70% snow cover in the higher elevations. The shrub seed was broadcast at high elevations throughout the project and not contour seeded. The grass seed was broadcast in the drainages flying as close as possible for even distribution.,The area is showing good native plant recovery in most areas. The native species pre-fire grasses and forbs have\r\nsuccessfully re-established themselves. The Big Sagebrush seedlings have been established within a portion of the\r\nburned area drainage areas. Observations of sagebrush seedlings were made in portions of the area. The planted\r\nseedling establishment was very favorable in most all of the seeded areas which will provide key forage for many\r\nwildlife species in the area. Soil movement in the steep drainage areas was minimal. Closing pastures and protective\r\nfencing allowed native and seeded species recovery.,Polygon,Confirmed,Digitized by LTDL data entry personnel using a confirmed map,2/3/2020,556.29,523.61,Seed Mix #4: High elevation shrubs,Contractor,"Loss of Perenials, Other (See Trt Notes), Erosion, Provide cover for wildlife, Provide forage for wildlife, Habitat for antelope, Habitat for Elk, Habitat for mule deer, Noxious Weeds","The purpose of this project is to reduce the risk of accelerated erosion, restore wildlife habitat, and allow for the recovery of the native vegetation, which burned in the Rough Diamonds fire.  An additional concern was OHV activity in the burned area.\r\n\r\nWildlife- The yellow-billed cuckoo, a candidate species for listing as threatened or endangered could occur. A diversity of other wildlife listed as either BLM &&Sensitive Species&& and/or State of Idaho &&Species of Special Concern&& are known or likely to occur within the area. These include prairie falcon, ferruginous hawk, northern harrier, burrowing owl, sage grouse, loggerhead shrike, willow flycatcher, gray flycatcher, black-throated gray warbler, yellow warbler, MacGillivray\u2019s warbler, green-tailed towhee, sage sparrow, Brewer\u2019s sparrow, grasshopper sparrow, several species of bats, kit fox, longnose snake, western ground snake, Mojave black-collared lizard, western toad, red band trout and possibly others.  Public lands in the vicinity of and within the burn provide crucial winter habitat for mule deer as well as seasonal or yearlong habitat for elk, pronghorn antelope, mountain lion and a diversity of other predators, raptors, nongame birds, small mammals, reptiles and amphibians.\r\n\r\nNoxious weeds- Although noxious weeds were not considered a serious problem within this area prior to the burn, small populations of Scotch thistle (Onopordum acanthium), Canada thistle (Cirsium arvense), and white top (Cardaria draba) are known to exist within and near the burned area.",None,NA,Snow on Ground,The ground conditions were frozen in the morning thawing in the afternoon with 60-70% snow cover in the higher elevations.,NA,43:42:00,2,11,2002,02,11,2,12,2002,02,12
9814,26620,Seeding,Aerial Seeding,Aerial Seeding,17010,302270,70666,2,2002-02-11,2002-02-12,2/11/2002,2/12/2002,actual,actual,1,Implemented,Unknown,2,Acres,586,-1,Confirmed seed list,Hot Burn Areas,Seeds,Confirmed on Paper,Unknown,Species Specific,NA,"To prevent accelerated soil erosion, restore canopy cover and ground cover.",540 acres of aerial reseeding to protect areas that burned too hot or lacked pre-fire herbaceous cover,This treatment was for the hot burned areas.  The aerial seeding was done on 2/11-12/2002. The ground conditions were frozen in the morning thawing in the afternoon with 60-70% snow cover in the higher elevations. The grass seed was broadcast in the drainages flying as close as possible for even distribution.,The area is showing good native plant recovery in most areas. The native species pre-fire grasses and forbs have\r\nsuccessfully re-established themselves. The Big Sagebrush seedlings have been established within a portion of the\r\nburned area drainage areas. Observations of sagebrush seedlings were made in portions of the area. The planted\r\nseedling establishment was very favorable in most all of the seeded areas which will provide key forage for many\r\nwildlife species in the area. Soil movement in the steep drainage areas was minimal. Closing pastures and protective\r\nfencing allowed native and seeded species recovery.,Polygon,Confirmed,Digitized by LTDL data entry personnel using a confirmed map,2/3/2020,542.52,536.14,Seed Mix #1: Hot Burn Areas,Contractor,"Loss of Perenials, Other (See Trt Notes), Erosion, Provide cover for wildlife, Provide forage for wildlife, Habitat for antelope, Habitat for Elk, Habitat for mule deer, Noxious Weeds","The purpose of this project is to reduce the risk of accelerated erosion, restore wildlife habitat, and allow for the recovery of the native vegetation, which burned in the Rough Diamonds fire.  An additional concern was OHV activity in the burned area.\r\n\r\nWildlife- The yellow-billed cuckoo, a candidate species for listing as threatened or endangered could occur. A diversity of other wildlife listed as either BLM &&Sensitive Species&& and/or State of Idaho &&Species of Special Concern&& are known or likely to occur within the area. These include prairie falcon, ferruginous hawk, northern harrier, burrowing owl, sage grouse, loggerhead shrike, willow flycatcher, gray flycatcher, black-throated gray warbler, yellow warbler, MacGillivray\u2019s warbler, green-tailed towhee, sage sparrow, Brewer\u2019s sparrow, grasshopper sparrow, several species of bats, kit fox, longnose snake, western ground snake, Mojave black-collared lizard, western toad, red band trout and possibly others.  Public lands in the vicinity of and within the burn provide crucial winter habitat for mule deer as well as seasonal or yearlong habitat for elk, pronghorn antelope, mountain lion and a diversity of other predators, raptors, nongame birds, small mammals, reptiles and amphibians.\r\n\r\nNoxious weeds- Although noxious weeds were not considered a serious problem within this area prior to the burn, small populations of Scotch thistle (Onopordum acanthium), Canada thistle (Cirsium arvense), and white top (Cardaria draba) are known to exist within and near the burned area.",None,NA,Snow on Ground,The ground conditions were frozen in the morning thawing in the afternoon with 60-70% snow cover in the higher elevations.,NA,00:48:00,2,11,2002,02,11,2,12,2002,02,12
16758,43100,Herbicide/Weeds/Chemical,Herbicide,Herbicide Application,27017,303125,71028,2,2017-10-01,2017-10-09,10/1/2017,10/9/2017,actual,actual,8,Implemented,See Comments,2,Acres,10400,0,No seed list,NA,NA,NA,NA,NA,NA,"The objective of the weed treatments is to prevent the increase of existing weed populations\r\nand the establishment of additional noxious weed species within the burn area until\r\ndesirable vegetation can re-establish. Initial treatment should kill and/or control from\r\n80-90% of targeted weed populations, depending upon the type of weed and/or density of\r\nthe infestation. Retreatment by spot spraying on remaining weeds will also be completed\r\nunder R5.",Unknown,"Treated a total of 10,400 with combination of FY16 acres","1. In 2017, mean foliar cover of invasive annual grasses for areas treated with herbicide in the fall of 2015 was\r\n12.52% (Table 8-5). The McBride Creek pasture in the Rockville allotment had the highest invasive annual\r\ngrass cover (24.54%). Nearly all of the fall 2015 herbicide application was drill seeded in the fall of 2016. Prefire\r\nthese areas likely had relatively high invasive grass annual cover. It appears that the herbicide treatment is\r\ncontinued to affect annual grass germination into 2017, and the invasive grass cover has remained below 20% in\r\na majority of the treated area.\r\n\r\nIn 2017, mean foliar cover of invasive annual grasses for areas treated with herbicide in fall of 2016 was\r\n20.30% (Table 8-6). The Antelope pasture in the Board Corrals allotment had the greatest annual grass cover\r\n(28.31 % ) of all the pastures treated in the fall of 2016. Pre-fire invasive grass cover was likely variable with\r\ncover varying with elevation, aspect, topography and historic land use. Invasive annual grasses in the areas\r\ntreated with herbicide in the fall of 2016, had a growing season (plus a fall season) to germinate after the fire\r\nand prior to the first treatment. As per common BLM foliar cover sampling methods, standing dead vegetation\r\nis included in the total foliar cover. For this reason, the foliar cover in 2017 may include some standing dead\r\nvegetation from spring 2016 germination. Although the treatment total for the fall 2016 herbicide treatment\r\nexceeds the maximum stated in the objective, there may still be an opportunity for cover to decrease through\r\ncontinued suppression of germination and detachment of invasive annual grass stems.",Polygon,Confirmed,"Digitized by BLM field office personnel, method unknown",1/1/1900 0:00,10398.8898,10398.45586,NA,Contractor,"Invasion by non-native annuals, Noxious weeds",Noxious weeds or invasive annual grass.,Unknown,Unknown,Unknown,Unknown,Vale District Office,05:50:00,10,1,2017,10,01,10,9,2017,10,09
22008,57594,Herbicide/Weeds/Chemical,Herbicide,Herbicide Application,35489,303126,71028,2,2017-10-07,2017-10-09,10/7/2017,10/9/2017,actual,actual,2,Implemented,Unknown,2,Acres,2219.39,0,No seed list,NA,NA,NA,NA,NA,NA,To conduct a herbicide application.,No documentation.,A herbicide was completed.,None,Polygon,Confirmed,"Digitized by BLM field office personnel, method unknown",4/7/2021,2219.39,2208.19,NA,Unknown,"Brush control, Habitat productivity, Habitat quality, Rangeland health",Habitat improvement.,Unknown,No documentation.,Unknown,No documentation.,Multiple locations with multiple frequencies.,52:12:00,10,7,2017,10,07,10,9,2017,10,09
16758,43100,Herbicide/Weeds/Chemical,Herbicide,Herbicide Application,27017,309521,71207,3,2017-10-01,2017-10-09,10/1/2017,10/9/2017,actual,actual,8,Implemented,See Comments,2,Acres,10400,0,No seed list,NA,NA,NA,NA,NA,NA,"The objective of the weed treatments is to prevent the increase of existing weed populations\r\nand the establishment of additional noxious weed species within the burn area until\r\ndesirable vegetation can re-establish. Initial treatment should kill and/or control from\r\n80-90% of targeted weed populations, depending upon the type of weed and/or density of\r\nthe infestation. Retreatment by spot spraying on remaining weeds will also be completed\r\nunder R5.",Unknown,"Treated a total of 10,400 with combination of FY16 acres","1. In 2017, mean foliar cover of invasive annual grasses for areas treated with herbicide in the fall of 2015 was\r\n12.52% (Table 8-5). The McBride Creek pasture in the Rockville allotment had the highest invasive annual\r\ngrass cover (24.54%). Nearly all of the fall 2015 herbicide application was drill seeded in the fall of 2016. Prefire\r\nthese areas likely had relatively high invasive grass annual cover. It appears that the herbicide treatment is\r\ncontinued to affect annual grass germination into 2017, and the invasive grass cover has remained below 20% in\r\na majority of the treated area.\r\n\r\nIn 2017, mean foliar cover of invasive annual grasses for areas treated with herbicide in fall of 2016 was\r\n20.30% (Table 8-6). The Antelope pasture in the Board Corrals allotment had the greatest annual grass cover\r\n(28.31 % ) of all the pastures treated in the fall of 2016. Pre-fire invasive grass cover was likely variable with\r\ncover varying with elevation, aspect, topography and historic land use. Invasive annual grasses in the areas\r\ntreated with herbicide in the fall of 2016, had a growing season (plus a fall season) to germinate after the fire\r\nand prior to the first treatment. As per common BLM foliar cover sampling methods, standing dead vegetation\r\nis included in the total foliar cover. For this reason, the foliar cover in 2017 may include some standing dead\r\nvegetation from spring 2016 germination. Although the treatment total for the fall 2016 herbicide treatment\r\nexceeds the maximum stated in the objective, there may still be an opportunity for cover to decrease through\r\ncontinued suppression of germination and detachment of invasive annual grass stems.",Polygon,Confirmed,"Digitized by BLM field office personnel, method unknown",1/1/1900 0:00,10398.8898,10398.45586,NA,Contractor,"Invasion by non-native annuals, Noxious weeds",Noxious weeds or invasive annual grass.,Unknown,Unknown,Unknown,Unknown,Vale District Office,05:50:00,10,1,2017,10,01,10,9,2017,10,09
22008,57594,Herbicide/Weeds/Chemical,Herbicide,Herbicide Application,35489,309523,71207,3,2017-10-07,2017-10-09,10/7/2017,10/9/2017,actual,actual,2,Implemented,Unknown,2,Acres,2219.39,0,No seed list,NA,NA,NA,NA,NA,NA,To conduct a herbicide application.,No documentation.,A herbicide was completed.,None,Polygon,Confirmed,"Digitized by BLM field office personnel, method unknown",4/7/2021,2219.39,2208.19,NA,Unknown,"Brush control, Habitat productivity, Habitat quality, Rangeland health",Habitat improvement.,Unknown,No documentation.,Unknown,No documentation.,Multiple locations with multiple frequencies.,52:12:00,10,7,2017,10,07,10,9,2017,10,09
11069,29989,Seeding,Aerial Seeding,Aerial Seeding,19295,314980,71300,4,1970-06-15,1970-06-15,00/00/1970,00/00/1970,estimated month and day,estimated month and day,0,Implemented,None,2,Acres,620,-1,Confirmed seed list,NA,Seeds,Confirmed on Paper,Unknown,Species Specific,NA,NA,NA,"620 acres was seeded in the spring of 1970 to nomad alfalfa, one pound per acre by airplane.",NA,Polygon,Confirmed,"Digitized by BLM field office personnel, method unknown",NA,1534.078337,1254.441597,NA,Contractor,"Watershed degradation, Provide forage for livestock, Provide forage for wildlife",The outcome of this project should be better watershed and grazing conditions,None,NA,None,NA,NA,29:03:00,00,00,1970,06,15,00,00,1970,06,15
11069,29990,Seeding,Aerial Seeding,Aerial Seeding,19296,314981,71300,4,1970-06-15,1970-06-15,00/00/1970,00/00/1970,estimated month and day,estimated month and day,0,Implemented,None,2,Acres,90,-1,Confirmed seed list,NA,Seeds,Confirmed on Paper,Unknown,Species Specific,NA,NA,NA,"Wildlife in this area has a better future, due to the fact that 90 acres were seeded with bitterbrush. The job was done by aerial application. Contracted by Vale Flight Service, owned and operated by Clyde Ritter.",NA,Polygon,Confirmed,"Digitized by BLM field office personnel, method unknown",NA,1534.078337,1254.441597,NA,Contractor,"Watershed degradation, Provide forage for livestock, Provide forage for wildlife",The outcome of this project should be better watershed and grazing conditions,None,NA,None,NA,NA,29:20:00,00,00,1970,06,15,00,00,1970,06,15
7728,21139,Herbicide/Weeds/Chemical,Herbicide,Herbicide Application: Brush/Tree Control,13418,301905,77508,2,1965-04-21,1966-05-20,4/21/1965,5/20/1966,actual,actual,394,Implemented,None,2,Acres,3720,0,NA,NA,NA,NA,NA,NA,NA,"Spray the big sagebrush within this pasture with 2 lbs. of 2,4-D acid equivalent\r\nin 3 gallon mixture diesel oil per acre, to reduce the competition of the brush\r\nand allow for maximum production of the desirable grass species. Present stocking\r\nrate within the pasture is 5 SA/AUM. Anticipated stocking rate after treatment\r\nis 2.5 SA/AUM.",NA,NA,"Percentage of brush kill appears to be in excess of 85%, however there are\r\npatches of unki11ed brush throughout the area.\r\nTitle",Polygon,Confirmed,Digitized by LTDL data entry personnel using a confirmed map,10/17/2012,3069.101075,2866.774939,NA,Contractor,Provide forage for livestock,"Spray the big sagebrush within this pasture with 2 lbs. of 2,4-D acid equivalent\r\nin 3 gallon mixture diesel oil per acre, to reduce the competition of the brush\r\nand allow for maximum production of the desirable grass species. Present stocking\r\nrate within the pasture is 5 SA/AUM. Anticipated stocking rate after treatment\r\nis 2.5 SA/AUM.",None,NA,None,NA,NA,32:13:00,4,21,1965,04,21,5,20,1966,05,20
8944,24377,Herbicide/Weeds/Chemical,Herbicide,Herbicide Application: Brush/Tree Control,15562,301906,77508,2,1965-04-21,1966-05-20,4/21/1965,5/20/1966,actual,actual,394,Implemented,None,2,Acres,3000,0,NA,NA,NA,NA,NA,NA,NA,"Spray the big sagebrush within the pasture with 2 lbs. acid equivalent 2,4-D in\r\n3 gal. solution of diesel oil, to reduce the competition and allow maximum\r\nproduction of the desirable species. Present stocking rate within the pasture\r\nis 7.0 SA/AUM. Anticipated stocking rate after treatment is 4.0 SA/AUM.",NA,"Aerial spraying of 3000 acres of sagebrush with 2 lbs. . per acre of 2,4-D . This\r\nproject was started in 1965 but was not completed until 1966 due to bad weather .\r\nApplication costs this year were 1.13 per acre .\r\nTotal cost per acre was 3.86 .\r\nMonetary contribution by J . E. Tucker - $450.00",NA,Polygon,Confirmed,Digitized by LTDL data entry personnel using a confirmed map,10/17/2012,2827.793552,2666.175493,NA,Contractor,Provide forage for livestock,"Spray the big sagebrush within the pasture with 2 lbs. acid equivalent 2,4-D in\r\n3 gal. solution of diesel oil, to reduce the competition and allow maximum\r\nproduction of the desirable species. Present stocking rate within the pasture\r\nis 7.0 SA/AUM. Anticipated stocking rate after treatment is 4.0 SA/AUM.",None,NA,None,NA,NA,10:36:00,4,21,1965,04,21,5,20,1966,05,20
21562,56016,Herbicide/Weeds/Chemical,Herbicide,Noxious Weeds: Weed Control - Herbicide Application,34737,317758,78433,4,2021-10-03,2021-10-04,10/3/2021,10/4/2021,actual,actual,1,Implemented,Unsuccessful,2,Acres,458,0,No seed list,NA,NA,NA,NA,NA,NA,Reduce noxious weeds and prepare seedbed,Noxious Weed Treatments. Inventory and treat noxious weeds with 458 acres\r\nof aerial and spot treat ground applications best suited to each site and weed\r\ntype during the first year. Monitor and re-treat sites if necessary. Identified\r\nnoxious weed sites would be treated for two consecutive years.,Aerial Herbicide Application of Telar on 458 acres was completed in October 2021 (FY22) with FY21 funds for the reduction of noxious weeds.\r\nThe proposed seeding areas are the focus of the aerial herbicide treatment of imazapic to prepare the seed bed for aerial seedings focusing on cheatgrass and noxious weed control for seedbed preparation for the aerial seeding treatment to enhance germination and seedling establishment of native perennials.,"Treatment effectiveness plots were established during early summer 2022, allowing for monitoring during peak forb growth. The monitoring for summer 2022 will provide a baseline dataset used to describe each treatment overall effectiveness in the subsequent years. Monitoring in 2022 showed, the invasive annual grass cover was 2.2% in the Telar and imazapic aerial herbicide area. The deep-rooted perennial grass for the treated area was slightly over 8%. The shallow-rooted bunchgrasses have a total of 5.6% foliar cover in the treatment area (Table 7-1, 7-2). The Telar and imazapic plots overall had a density of 1.36 plants per m2 (Table 7-1).\r\n\r\nOverall, in the two years since the Baldy fire, both herbicide areas are recovering well with little invasive grass or noxious forb presence. The imazapic and Telar treated area showed a high percentage of bare soil 41% (Figure 7-2). These bare soil areas are traditionally thought to be highly susceptible to invasive annual grasses and will be important areas for monitoring in the future.\r\n\r\nMonitoring in 2023 showed a drastic increase in invasive grass cover by over 20%, current invasive grass cover is 23.8% (Table 7-2). There was also a good increase in deep-rooted perennial grass cover of 10%. Deep-rooted perennial grass now has a foliar cover of 18.5% within the treatment area. Currently, this area is not meeting any of the treatment objectives but looks like it might meet some of them with next year\u2019s monitoring due to the upward trend over the last three years (Table 7-1).",Polygon,Confirmed,Digitized by LTDL data entry personnel using a confirmed map,12/11/2020,460.67,457.88,NA,Contractor,"Invasive species, Noxious weeds, Seedbed preparation","Control of noxious weeds is consistent with the management plans for the resource and will help protect the ecological integrity, biodiversity, and site productivity of this shrub-steppe plant community. Working cooperatively with local weed management groups and private landowners will achieve better weed management.",Unknown,No documentation.,Unknown,No documentation.,NA,56:58:00,10,3,2021,10,03,10,4,2021,10,04
21562,56017,Herbicide/Weeds/Chemical,Herbicide,Noxious Weeds: Weed Control - Herbicide Application,34738,317759,78433,4,2021-10-03,2021-10-04,10/3/2021,10/4/2021,actual,actual,1,Implemented,Unsuccessful,2,Acres,2617,0,No seed list,NA,NA,NA,NA,NA,NA,To conduct an aerial herbicide application.,"Aerial Herbicide Treatment. One aerial application of imazapic\r\nherbicide to reduce the threat of invasive annual grasses pose to habitat\r\nstability. The aerial herbicide application would be applied on 2,615\r\nBLM managed acres of the burned area. Imazapic would be applied at a\r\nsix ounce per acre rate and include appropriate adjuvants.\r\nAerial Herbicide Treatment (Herbicide Treatment Map). One aerial application of imazapic herbicide to reduce the threat of invasive annual grasses posed to priority greater sage-grouse habitat. The aerial herbicide application would be applied on the entire 2,616 acres of the burned area. imazapic would be applied at a six ounce per acre rate and include appropriate adjuvants.","Aerial Herbicide Application of imazapic on 2,617 acres was completed in October 2021 (FY22) with FY21 funds.\r\nThe proposed seeding areas are the focus of the aerial herbicide treatment of imazapic to prepare the seed bed for aerial seedings focusing on cheatgrass and noxious weed control for seedbed preparation for the aerial seeding treatment to enhance germination and seedling establishment of native perennials.","Treatment effectiveness plots were established during early summer 2022, allowing for monitoring during peak forb growth. Monitoring in 2022 showed, the invasive annual grass cover was 2.0% in the imazapic aerial herbicide area. The deep-rooted perennial grass total throughout the treatment was slightly over 8%. The shallow-rooted bunchgrasses have a total of 5.6% foliar cover in the 11.5% in the Imazapic treatment (Table 7-3, 7-4). Although the imazapic treatment has higher shallow-rooted bunchgrass cover, much of this cover is comprised of bulbous bluegrass (Poa bulbosa), a nonnative grass with little forage value following early spring. The imazapic plots overall had a density of 2.0 plants per m2 (Table 7-3). The imazapic area also showed higher species diversity of deep-rooted perennial grasses with five species of DRPGs compared to three DRPG species in the Telar and imazapic treated area.\r\n\r\nOverall, in the two years since the Baldy fire, areas that received an aerial herbicide application of imazapic are recovering well with little invasive grass or forb presence. Imazapic treated area showed a high percentage of bare soil of 34% (Figure 7-4). These bare soil areas are traditionally thought to be highly susceptible to invasive annual grasses and will be important areas for monitoring in the future.\r\n\r\nMonitoring in 2023 showed a moderate increase in invasive grass cover by a little over 8%, current invasive grass cover is 10.4% (Table 7-4). Deep-rooted perennial grass cover of had a similar increase or roughly 8%. Deep-rooted perennial grass now has a foliar cover of 15.8% within the treatment area. Currently, this area is not meeting any of the treatment objectives but looks like it might meet some of them with next year\u2019s monitoring due to the upward trend over the last three years (Table 7-3).",Polygon,Confirmed,Digitized by LTDL data entry personnel using a confirmed map,12/11/2020,2615.58,2611.43,NA,Contractor,"Brush control,  Habitat productivity, Habitat quality, Rangeland health, Seedbed preparation","Control of noxious weeds is consistent with the management plans for the resource and will help protect the ecological integrity, biodiversity, and site productivity of this shrub-steppe plant community. Working cooperatively with local weed management groups and private landowners will achieve better weed management.",Unknown,No documentation.,Unknown,No documentation.,NA,01:10:00,10,3,2021,10,03,10,4,2021,10,04
24235,67999,Seeding,Aerial Seeding,Aerial Seeding: Rotor Wing,42118,291882,93906,2,2021-01-11,2021-01-11,1/11/2021,1/11/2021,actual,actual,0,Implemented,See Comments,2,Acres,1647,-1,Confirmed seed list,Conner Summit aerial seed mix,Seeds,Confirmed on Paper,Unknown,Species Specific,"Rate of application was approximately 5.0 pounds bulk seed per acre. The seed consisted of 3,300 pounds of Anatone Bluebunch Wheatgrass, 3,300 pounds of P-7 Bluebunch Wheatgrass, and 1,650 pounds of Sherman Big Bluegrass.",The objective of the seeding treatment is to establish perennial-dominated plant communities within 3 years. The following grass density objectives are based on ecological site potential. The aerial seed treatments would be considered successful if: The seeded grass species reach densities of: \u2022 3 plants per square meter for grasses,"1,646 acres of the burned acres are identified to be aerial seeded with a native perennial grass mix. The perennial grass mix is proposed to be accomplished in late fall FY21 prior to the chaining and mastication treatments. Although not all of the burn areas are being proposed for mastication and chaining, past ES & BAR monitoring data has shown that seeding steep slopes in phase 3 juniper without mastication or chaining can be highly successful in the re-establishment of seeded perennial grass species (2010 Emery Fire ES & BAR Monitoring Report).","This project consisted of aerial seeding 1,647 acres of BLM land. This was an aerial grass seeding in the Conner Project Area, in the Burley Field Office. Rate of application was approximately 5.0 pounds bulk seed per acre. The seed consisted of 3,300 pounds of Anatone Bluebunch Wheatgrass, 3,300 pounds of P-7 Bluebunch Wheatgrass, and 1,650 pounds of Sherman Big Bluegrass. The seed was applied to bare muddy ground. The weather conditions were ideal with very little wind on the seeding day.\r\n\r\nThe contractor was High Desert Aviation, Inc of Gooding, ID.","FY 22 Monitoring Results \r\nQuantitative data \r\nAerial grass seeding \r\nTwo years post-treatment the total density of aerially seeded grass species was 2.99 plants/m2 (Table 4), essentially meeting the treatment objective of 3 plants/m2. Bluebunch wheatgrass (Pseudoregeneria spicata) was the dominant seeded grass species in terms of density and cover, with Sherman\u2019s big bluegrass (Poa secunda \u2018sherman\u2019) not recorded in 2022 (Tables 3-4). \r\nCover and density of cheatgrass (Bromus tectorum) was higher in 2022 than in 2021, but still relatively low (Tables 3-4). Noxious weeds were not recorded on monitoring transects in either monitoring year (Tables 3-4). Other forbs accounted for most of the cover and density on Conner Summit monitoring plots in 2022, with an average of nearly 50% cover and 196.89 plants/m2 (Tables 3-4). Native annual forbs were abundant on all monitoring plots, with maiden blue-eyed Mary (Collinsia parviflora) and strict forget-me-not (Myosotis stricta) dominant species. Other grasses increased in cover in 2022, with an increase from 4.89 to 8.0 (Table 3), but density of other grasses decreased (Table 4). Sandberg bluegrass (Poa secunda) was the dominant non-seeded perennial grass species, with squirreltail (Elymus elymoides) common, and basin wildrye (Leymus cinereus) frequent. Shrubs were an important component of recovering vegetation of the mountainous terrain of the Conner Summit ESR project area, with chokecherry (Prunus virginiana), common snowberry (Symphoricarpos albus), Saskatoon serviceberry (Amelanchier alnifolia), and yellow rabbitbrush (Chrysothamnus viscidiflorus), and wax current (Ribes cereum) among the species observed on monitoring plots. Noxious forbs were not recorded on monitoring transects. \r\nCheatgrass (Bromus tectorum) cover and density increased in 2022 relative to 2021 (Tables 3-4) and was considered common on 2 of the monitoring plots and rare on 1.\r\n\r\nSummary \r\nAerial grass \r\nTwo years post-treatment, the Conner Summit ESR project area typically had very high native plant diversity, with native perennial grasses and forbs the dominant life forms. Seeded grass species essentially met treatment objectives by year 2 monitoring, with high cover and density of bluebunch wheatgrass. The mountainous terrain of the Conner Summit project area, with loamy soils, topographical diversity, and higher rainfall, supports productive, high diversity vegetation communities. Invasive plants were more abundant on lower elevation eastern slopes, where structural complexity of the recovering vegetation was lower.",Polygon,Confirmed,Digitized by LTDL data entry personnel using a confirmed map,3/28/2023,1652.88,1650.08,NA,Contractor,"Establishment of seeded species, Habitat quality",To establish perennial-dominated plant communities within 3 years,NA,NA,NA,NA,NA,39:11:00,1,11,2021,01,11,1,11,2021,01,11
24235,68000,Seeding,Aerial Seeding,Aerial Seeding: Rotor Wing,42119,291883,93906,2,2021-01-11,2021-01-11,1/11/2021,1/11/2021,actual,actual,0,Implemented,See Comments,2,Acres,3219,-1,Confirmed seed list,Aerial sagebrush seeding,Seeds,Confirmed on Paper,Unknown,Species Specific,"Rate of application was approximately .5 pounds bulk seed per acre. The seed consisted of 1,600 pounds of mountain big sagebrush",The objective of the seeding treatment is to establish perennial-dominated plant communities within 3 years. The shrub density objectives are based on ecological site potential. The aerial sagebrush seed treatment would be considered effective if: \u2022 Sagebrush seedlings average 0.10 seedlings per square meter across all density plots; or \u2022 In qualitative surveys seedlings are found to be common.,"3,225 acres of the burned area would be aerially seeded with a Low and Mountain big sagebrush seed. The species are conducive to being applied aerially and have been successfully used in nearby projects.","This project consisted of aerial seeding 3,219 acres of BLM land. This was an aerial sagebrush seeding on the Conner Summit Fire, in the Burley Field Office. Rate of application was approximately .5 pounds bulk seed per acre. The seed consisted of 1,600 pounds of mountain big sagebrush. The seed was applied to bare muddy ground on some areas and snow-covered ground in other areas. The weather conditions were ideal with very little wind on the seeding day.\r\nThe contractor was High Desert Aviation, Inc of Gooding, ID. The project was started and completed on January 11, 2021.","FY 22 Monitoring Results \r\nQuantitative data \r\nAerial sagebrush treatment \r\nMountain big sagebrush was present at 0.0036 plants/m2 in both 2021 and 2022 (Table 5).\r\nQualitative Data \r\nTwo years post-treatment the Conner Summit project area had excellent recovery of a perennial plant community with high native species diversity, structural complexity, and typically relatively low levels of invasive species. Native perennial forbs accounted for much of the species\u2019 diversity observed on Conner Summit ESR monitoring plots, and native annual forbs such as maiden blue-eyed Mary were abundant. While noxious forbs were not recorded on the Conner Summit project transects, Canada thistle (Cirsium arvense) and Scotch thistle (Onopordum acanthium) were observed at low abundance on 1 plot. Invasive annual forbs were found on all plots, with species including tall tumblemustard (Sisymbrium altissimum), curveseed butterwort (Ceratocephala testiculata), littlepod false flax (Camelina microcarpa), prickly lettuce (Lactuca serriola), field pennycress (Thaspi arvense), and herb sophia (Descurainia sophia). Tall tumblemustard was abundant on 2 plots. The invasive perennial grass bulbous bluegrass (Poa bulbosa) was present on 1 plot. \r\nMonitoring photo points show significant increases in vegetative cover, vigor, and diversity from first- to second-year post-treatment monitoring (Figures 2-6). \r\nMountain big sagebrush seedlings were observed on only 1 macroplot, where it was considered rare.\r\nSummary \r\nAerial sagebrush seeding treatments \r\nAerial sagebrush seeding did not meet objectives for treatment success, with very low mountain big sagebrush density on belt transects, and mountain big sagebrush observed on only 1 monitoring plot. The windy and dry conditions of 2021 and winter 2022 likely impacted establishment of mountain big sagebrush, both due to a lack of moisture to support small seedlings, and a lack of moisture to support vegetation that could provide microsites for sagebrush establishment (Schuman and Belden 2002, Meyer and Warren 2015). Surviving patches of mountain big sagebrush were very rare within the fire area, so recruitment from survivors is unlikely to contribute to a return to a sagebrush dominated plant community.",Polygon,Confirmed,Digitized by LTDL data entry personnel using a confirmed map,3/28/2023,3233.71,3227.17,NA,Contractor,"Establishment of seeded species, Habitat quality",To establish perennial-dominated plant communities within 3 years,NA,NA,NA,NA,NA,40:43:00,1,11,2021,01,11,1,11,2021,01,11
6382,17625,Seeding,Aerial Seeding,Aerial Seeding: Rotor Wing,11120,359413,97553,4,2004-02-20,2004-02-21,2/20/2004,2/21/2004,actual,actual,1,Implemented,Unknown,2,Acres,5983,-1,Confirmed seed list,Seed Variety,Seeds,Confirmed on Paper,Unknown,Overall,NA,"To recreate more natural and fire resistant vegetation complexes, improves the success of establishing perennial vegetation due to limited vegetative competition with existing and planted perennial vegetation.",NE pasture will have priority followed by the SE pasture.  The bear Trap Wildfire will be treated along with the NE pasture.,"This project consisted of aerial seeding 5,983 acres. Rate of application was approximately 0.9 pound per acre. The seed consisted of 5,600 pounds of alfalfa. The project had previously been drill seeded. The seed was applied to 100% snow covered ground in alternating strips from north to south, see the attached map for the project location. The contractor was Thomas Helicopters, Inc of Gooding, ID. Pilots for the seeding were Dale Thomas and Rod Thomas. The project was completed using one helicopter and one sling type bucket. The project was started on 2/20/04 and completed on 2/21/04.",Unknown,Polygon,Confirmed,"Digitized by BLM field office personnel, method unknown",NA,5981.58,5328.2,NA,Contractor,"Fire hazard, Habitat for mule deer, Habitat for sage grouse, Habitat for wildlife, Invasion by Cheatgrass, Invasion by non-native annuals, Loss of Perennials, Loss of vegetation, Nesting bird species, Noxious Weeds","Primary purpose is to recreate more natural and fire resistant vegetation complexes, restore crucial winter range habitat for mule deer and pronghorn and provide habitat for sagebrush obligate species, such as sage grouse, brewers sparrow, and the sage sparrow.  Secondary purpose is to reduce hazardous fuel conditions.  High fire frequency has contributed to the maintenance of exotic annual vegetation and the loss of shrub habitat.",None,NA,Snow on Ground,Seed was applied to 100% snow covered ground in alternating strips from north to south.,NA,08:54:00,2,20,2004,02,20,2,21,2004,02,21
6382,17623,Seeding,Aerial Seeding,Aerial Seeding: Rotor Wing,11121,359414,97553,4,2004-02-20,2004-02-21,2/20/2004,2/21/2004,actual,actual,1,Implemented,Unknown,2,Acres,5983,-1,Confirmed seed list,Sagebrush,Seeds,Confirmed on Paper,Unknown,Species Specific,NA,"To recreate more natural and fire resistant vegetation complexes, improves the success of establishing perennial vegetation due to limited vegetative competition with existing and planted perennial vegetation.",NE pasture will have priority followed by the SE pasture.  The bear Trap Wildfire will be treated along with the NE pasture.,"This project consisted of aerial seeding 5,983 acres. Rate of application was approximately 0.9 pounds bulk seed per acre. The seed consisted of2,760 pounds of Wyoming Big and 2,760 pounds of Basin Big Sage. The seed was mixed by the applicator in each bucket load in equal amounts. The project had previously been drill seeded. The seed was applied to 100% snow covered ground in alternating strips from north to south, see the attached map for the project location. The contractor was Thomas Helicopters, Inc of Gooding, ID. Pilots for the seeding were Dale Thomas and Rod Thomas. The project was completed using one helicopter and two sling type buckets. The project was started on 2/20/04 and completed on 2/21/04.",Unknown,Polygon,Confirmed,"Digitized by BLM field office personnel, method unknown",NA,5981.58,5328.2,NA,Contractor,"Fire hazard, Habitat for mule deer, Habitat for sage grouse, Habitat for wildlife, Invasion by Cheatgrass, Invasion by non-native annuals, Loss of Perennials, Loss of vegetation, Nesting bird species, Noxious Weeds","Primary purpose is to recreate more natural and fire resistant vegetation complexes, restore crucial winter range habitat for mule deer and pronghorn and provide habitat for sagebrush obligate species, such as sage grouse, brewers sparrow, and the sage sparrow.  Secondary purpose is to reduce hazardous fuel conditions.  High fire frequency has contributed to the maintenance of exotic annual vegetation and the loss of shrub habitat.",None,NA,Snow on Ground,The seed was applied to 100% snow covered ground in alternating strips from north to south.,NA,13:32:00,2,20,2004,02,20,2,21,2004,02,21
6382,17625,Seeding,Aerial Seeding,Aerial Seeding: Rotor Wing,11120,359417,97554,4,2004-02-20,2004-02-21,2/20/2004,2/21/2004,actual,actual,1,Implemented,Unknown,2,Acres,5983,-1,Confirmed seed list,Seed Variety,Seeds,Confirmed on Paper,Unknown,Overall,NA,"To recreate more natural and fire resistant vegetation complexes, improves the success of establishing perennial vegetation due to limited vegetative competition with existing and planted perennial vegetation.",NE pasture will have priority followed by the SE pasture.  The bear Trap Wildfire will be treated along with the NE pasture.,"This project consisted of aerial seeding 5,983 acres. Rate of application was approximately 0.9 pound per acre. The seed consisted of 5,600 pounds of alfalfa. The project had previously been drill seeded. The seed was applied to 100% snow covered ground in alternating strips from north to south, see the attached map for the project location. The contractor was Thomas Helicopters, Inc of Gooding, ID. Pilots for the seeding were Dale Thomas and Rod Thomas. The project was completed using one helicopter and one sling type bucket. The project was started on 2/20/04 and completed on 2/21/04.",Unknown,Polygon,Confirmed,"Digitized by BLM field office personnel, method unknown",NA,5981.58,5328.2,NA,Contractor,"Fire hazard, Habitat for mule deer, Habitat for sage grouse, Habitat for wildlife, Invasion by Cheatgrass, Invasion by non-native annuals, Loss of Perennials, Loss of vegetation, Nesting bird species, Noxious Weeds","Primary purpose is to recreate more natural and fire resistant vegetation complexes, restore crucial winter range habitat for mule deer and pronghorn and provide habitat for sagebrush obligate species, such as sage grouse, brewers sparrow, and the sage sparrow.  Secondary purpose is to reduce hazardous fuel conditions.  High fire frequency has contributed to the maintenance of exotic annual vegetation and the loss of shrub habitat.",None,NA,Snow on Ground,Seed was applied to 100% snow covered ground in alternating strips from north to south.,NA,08:54:00,2,20,2004,02,20,2,21,2004,02,21
6382,17623,Seeding,Aerial Seeding,Aerial Seeding: Rotor Wing,11121,359418,97554,4,2004-02-20,2004-02-21,2/20/2004,2/21/2004,actual,actual,1,Implemented,Unknown,2,Acres,5983,-1,Confirmed seed list,Sagebrush,Seeds,Confirmed on Paper,Unknown,Species Specific,NA,"To recreate more natural and fire resistant vegetation complexes, improves the success of establishing perennial vegetation due to limited vegetative competition with existing and planted perennial vegetation.",NE pasture will have priority followed by the SE pasture.  The bear Trap Wildfire will be treated along with the NE pasture.,"This project consisted of aerial seeding 5,983 acres. Rate of application was approximately 0.9 pounds bulk seed per acre. The seed consisted of2,760 pounds of Wyoming Big and 2,760 pounds of Basin Big Sage. The seed was mixed by the applicator in each bucket load in equal amounts. The project had previously been drill seeded. The seed was applied to 100% snow covered ground in alternating strips from north to south, see the attached map for the project location. The contractor was Thomas Helicopters, Inc of Gooding, ID. Pilots for the seeding were Dale Thomas and Rod Thomas. The project was completed using one helicopter and two sling type buckets. The project was started on 2/20/04 and completed on 2/21/04.",Unknown,Polygon,Confirmed,"Digitized by BLM field office personnel, method unknown",NA,5981.58,5328.2,NA,Contractor,"Fire hazard, Habitat for mule deer, Habitat for sage grouse, Habitat for wildlife, Invasion by Cheatgrass, Invasion by non-native annuals, Loss of Perennials, Loss of vegetation, Nesting bird species, Noxious Weeds","Primary purpose is to recreate more natural and fire resistant vegetation complexes, restore crucial winter range habitat for mule deer and pronghorn and provide habitat for sagebrush obligate species, such as sage grouse, brewers sparrow, and the sage sparrow.  Secondary purpose is to reduce hazardous fuel conditions.  High fire frequency has contributed to the maintenance of exotic annual vegetation and the loss of shrub habitat.",None,NA,Snow on Ground,The seed was applied to 100% snow covered ground in alternating strips from north to south.,NA,13:32:00,2,20,2004,02,20,2,21,2004,02,21
1248,3504,Herbicide/Weeds/Chemical,Herbicide,Herbicide Application: Brush/Tree Control,2254,402944,99977,3,1984-01-01,1984-12-31,1/1/1984,12/31/1984,actual,actual,365,Implemented,None,1,Acres,100,0,NA,NA,NA,NA,NA,NA,NA,NA,Tordon 22K will be applied under the superv1s1on of a licensed\r\napplicator. Hand sprayers will be used. The application will be 1\r\ngal. Tordon/100 gal. water/acre and applied plant specific. Tordon\r\n2K beads will be applied to individual plants by hand.,Acres treated to the tenth.,NA,Polygon,Confirmed,Digitized by LTDL data entry personnel using a confirmed map,1/6/2016,787.393894,733.4577836,NA,NA,Noxious weeds,"Presently, leafy spurge is prevalent in areas within the Billings\r\nResource Area. This is particularly true of the Bridger - Bluewater\r\nCreek area . Leafy spurge is on the rapid increase on BLM lands and\r\nis threatening the surrounding private lands. Therefore, control\r\nis needed to prevent further spreading . Leafy spurge is considered\r\na noxious perennial weed.",None,NA,None,NA,NA,06:29:00,1,1,1984,01,01,12,31,1984,12,31
1248,3505,Herbicide/Weeds/Chemical,Herbicide,Herbicide Application: Brush/Tree Control,2255,402945,99977,3,1984-01-01,1984-12-31,1/1/1984,12/31/1984,actual,actual,365,Implemented,None,1,Acres,100,0,NA,NA,NA,NA,NA,NA,NA,NA,Tordon 22K will be applied under the superv1s1on of a licensed\r\napplicator. Hand sprayers will be used. The application will be 1\r\ngal. Tordon/100 gal. water/acre and applied plant specific. Tordon\r\n2K beads will be applied to individual plants by hand.,Acres treated to the tenth.,NA,Polygon,Confirmed,Digitized by LTDL data entry personnel using a confirmed map,1/6/2016,1296.83044,1167.50037,NA,NA,Noxious weeds,"Presently, leafy spurge is prevalent in areas within the Billings\r\nResource Area. This is particularly true of the Bridger - Bluewater\r\nCreek area . Leafy spurge is on the rapid increase on BLM lands and\r\nis threatening the surrounding private lands. Therefore, control\r\nis needed to prevent further spreading . Leafy spurge is considered\r\na noxious perennial weed.",None,NA,None,NA,NA,10:54:00,1,1,1984,01,01,12,31,1984,12,31
11122,30128,Seeding,Aerial Seeding,Aerial Seeding,19375,291070,105637,2,2002-01-11,2002-01-14,1/11/2002,1/14/2002,actual,actual,3,Implemented,Unknown,2,Acres,7630,-1,Confirmed seed list,The Range-Wildlife Aerial Seed Mix (Range only),Seeds,Confirmed on Paper,Unknown,Species Specific,"Entry Note: This treatment and Seed list will contain only Range Seedings, Wildlife Seed list and appropriate GIS file which also covers this area is in Treatment # 5 as not to duplicate the amount of Wildlife seeds applied to area.",The purpose of the seeding is to provide forage for livestock and wildlife. This fire burned in year-long range for mule deer and pronghorn antelope. Seeding this area would also reduce the potential for the invasion of non-native invasive weed species.,"Approximately 7,688 acres would be aerially seeded within the Stag Mountain Fire perimeter. When possible, seed would be broadcast on snow to aid in germination and reduce seed consumption by rodents and birds. \r\nAerial seeding is only proposed on 2 of the 3 allotments affected by this fire. The proposed treatment area would be seeded with Idaho Fescue and Secar Snake River Wheatgrass.\r\nDeeth: 3,998\r\nDevils Gate: 3,690","Between 1/11/2002 and 1/14/2002, the range and wildlife aerial seeding on the Stag Fire was completed.\r\nFor the range aerial seeding project, Maps 1 and 2 show what was proposed and what was actually completed on the Stag Fire.\r\nThe range portion of the project area was also going to be aerially seeded with the wildlife mix. The seed mixture was  combined to avoid flying the same area twice; hence, we named it the range-wildlife aerial seed mix.\r\nFull coverage was completed with the range-wildlife seed mix.\r\nAll of the seed for the range/wildlife and wildlife seed mixes was treated with Germ-n-8.\r\n\r\nThe Range-Wildlife Aerial Seed Mix was comprised of:\r\nSecar Bluebunch Wheatgrass\r\nCritana Thickspike Wheatgrass\r\nMagnar Basin Wildrye\r\nIdaho Fescue\r\nWyoming Sagebrush\r\nBasin Big Sagebrush\r\n\r\nAbout 58 acres were aerially seeded with bitterbrush as a test plot. Refer to Map 4 for location.\r\nAbout 308 acres of range-wildlife were seeded at 7.5 lbs../ac. versus the 14.5 lbs../ac. Refer to Map 4 for location.\r\n\r\nThere was not enough bitterbrush seed available to do the dribbling during the fall/winter of 2001. Therefore, the area will be monitored during 2002 to determine the amount of native release and whether the dribbling is still necessary.","2002\r\n: The monitoring results for DGWR showed 0.92 (Secar) and 0.04 (ARTR) per square meter.\r\n\r\n2003\r\nDGWR Aerial Wildlife Range Seeding \r\nSeeded species per square meter: Bluebunch wheatgrass-1.36, Wyoming big sagebrush-0.18 \r\nNative Release species per sq. meter: Sandberg\u2019s bluegrass.-1.30, Stipas-2.86, Western wheatgrass-1.52, Basin wild rye-0.18  There were also numerous forbs present.\r\nSTRW Aerial Wildlife Range Seeding \r\nSeeded species per square meter: Bluebunch wheatgrass-0.60, Wyoming big sagebrush-0\r\nNative Release species per sq. meter: Sandberg\u2019s bluegrass.-8.48, Indian ricegrass-0.12, Stipas-0.16, Bottlebrush squirreltail-0.92, Nevada bluegrass-0.12  There were also numerous forbs present.\r\n\r\n2004\r\nDGWR Aerial Wildlife Range Seeding \r\nSeeded species per square meter: Bluebunch wheatgrass-2.00, Wyoming big sagebrush-0.12\r\nNative Release species per sq. meter: Sandberg\u2019s bluegrass.-0.50, Stipas-2.60, Intermediate wheatgrass-1.30, Basin wild rye-0.0.22  There were also numerous forbs present.\r\nSTRW Aerial Wildlife Range Seeding \r\nSeeded species per square meter: Bluebunch wheatgrass-1.04, Wyoming big sagebrush-0.12.\r\nNative Release species per sq. meter: Sandberg\u2019s bluegrass.-6.80, Basin wild rye-0.16, Indian ricegrass-0.08, Bottlebrush squirreltail-1.56, Nevada bluegrass-0.08.  There were also numerous forbs present.",Polygon,Confirmed,"Digitized by BLM field office personnel, using an aircraft GPS unit",NA,7124.326672,3929.021022,NA,NA,"Habitat for antelope, Habitat for mule deer, Erosion, Habitat for wildlife, Habitat for sage grouse, Invasion by Cheatgrass, Loss of riparian vegetation, Migratory Birds, Noxious Weeds, Provide forage for livestock, Provide forage for wildlife","Implementation of the proposed action described in the NFRP Supplement EA for the Stag Mountain Fire will protect soils in the burned area, including preventing potential loss of soil due to wind and water erosion&* will reduce potential invasion and establishment of noxious weeds and cheatgrass&* will provide quality forage for livestock and wildlife&* and will facilitate meeting established standards and guidelines for livestock grazing.",None,NA,None,NA,"Entry Note: This treatment and seed list will contain only range seedings and appropriate GIS file. This treatment was flown with the wildlife seed treatment (#5) at the same time, although the shapes overlap. Seed mixes and overall shape are kept separate.",15:42:00,1,11,2002,01,11,1,14,2002,01,14
11122,30129,Seeding,Aerial Seeding,Aerial Seeding,19376,291071,105637,2,2002-01-11,2002-01-14,1/11/2002,1/14/2002,actual,actual,3,Implemented,Unknown,2,Acres,9359,-1,Confirmed seed list,Aerial Wildlife Seeding,Seeds,Confirmed on Paper,Unknown,Species Specific,"Although the seed mixes were flown together, the seedings are kept separate in order to keep seed rates accurate.","The purpose of the seeding is to provide forage for livestock and wildlife. This fire burned in year-long range for mule deer and pronghorn antelope and sage grouse habitat. This seeding would also provide nesting, summer/early brood-rearing, and winter habitat for sage grouse. Seeding this area would also reduce the potential for the invasion of non-native invasive weed species.","Approximately 11,322 acres would be aerially seeded within the Stag Mountain Fire perimeter. When possible, seed would be broadcast on snow to aid in germination and reduce seed consumption by rodents and birds. Wildlife aerial seeding is proposed in all 3 allotments that were affected by this fire.","Between 1/11/2002 and 1/14/2002, the range and wildlife aerial seeding on the Stag Fire was completed.\r\nAII of the wildlife aerial seeding acres were within the Deeth Allotment. The range-wildlife aerial seeding acres were in the Deeth Allotment (3,850 acres) and Devils Gate Allotment (3,780 acres).\r\nFor the wildlife aerial seeding project, Maps 3 and 4 also show what was proposed and what was actually completed. The range portion of the project area was also going to be aerially seeded with the wildlife mix. The seed mixture was combined\r\nto avoid flying the same area twice; hence, we named it the range-wildlife aerial seed mix.\r\nFull coverage was completed with the range-wildlife seed mix. Every other swath was\r\ncompleted for the wildlife seed mix.\r\nThe Wildlife Aerial Seed Mix was comprised of:\r\nWyoming Sagebrush\r\nBasin Big Sagebrush\r\n\r\nThe drill seeding area was proposed to be over-seeded with the wildlife seed mix. However, when the shape files were completed, this area was inadvertently left out and was not overseeded. This resulted in slight change of acres of what was proposed and actually completed.","2002:\r\n: The monitoring results for DGWR showed 0.92 (Secar) and 0.04 (ARTR) per square meter.\r\n: The monitoring results for SMWI showed 0.40 (ARTR) per square meter.\r\n2003\r\nDGWR Aerial Wildlife Range Seeding \r\nSeeded species per square meter: Bluebunch wheatgrass-1.36, Wyoming big sagebrush-0.18 \r\nNative Release species per sq. meter: Sandberg\u2019s bluegrass.-1.30, Stipas-2.86, Western wheatgrass-1.52, Basin wild rye-0.18  There were also numerous forbs present.\r\nSMWI Aerial Wildlife Seeding \r\nSeeded species per square meter: Wyoming big sagebrush-0.34\r\nNative Release species per sq. meter: Sandberg\u2019s bluegrass.-6.94, Bluebunch wheatgrass-1.20,  Idaho fescue-6.34, Thurber\u2019s needlegrass-2.22, Thickspike wheatgrass-16.58, Basin wild rye-0.22, Bottlebrush squirreltail-0.74, Carex-24.18, Indian ricegrass-0.14, bitterbrush-0.04  There were also numerous forbs and shrubs present.\r\nSGWL Aerial Wildlife Seeding \r\nSeeded species per square meter: Wyoming big sagebrush-0.04\r\nNative Release species per sq. meter: Sandberg\u2019s bluegrass.-10.70, Bluebunch wheatgrass-3.98,  Idaho fescue-0.32, Thurber\u2019s needlegrass-0.60, Thickspike wheatgrass-4.80, Basin wild rye-0.74, Bottlebrush squirreltail-0.36, Stipas-0.60, Indian ricegrass-0.10, bitterbrush-0.04  There were also numerous forbs and shrubs present.\r\nSTRW Aerial Wildlife Range Seeding \r\nSeeded species per square meter: Bluebunch wheatgrass-0.60, Wyoming big sagebrush-0\r\nNative Release species per sq. meter: Sandberg\u2019s bluegrass.-8.48, Indian ricegrass-0.12, Stipas-0.16, Bottlebrush squirreltail-0.92, Nevada bluegrass-0.12  There were also numerous forbs present.\r\n\r\n2004\r\nDGWR Aerial Wildlife Range Seeding \r\nSeeded species per square meter: Bluebunch wheatgrass-2.00, Wyoming big sagebrush-0.12. \r\nNative Release species per sq. meter: Sandberg\u2019s bluegrass.-0.50, Stipas-2.60, Intermediate wheatgrass-1.30, Basin wild rye-0.0.22  There were also numerous forbs present.\r\nSMWI Aerial Wildlife Seeding \r\nSeeded species per square meter: Wyoming big sagebrush-0.60.\r\nNative Release species per sq. meter: Sandberg\u2019s bluegrass.-6.98, Bluebunch wheatgrass-0.02,  Idaho fescue-0.06, Stipas-1.74, Thickspike wheatgrass-29.74, Basin wild rye-0.16, Bottlebrush squirreltail-0.56, Carex-3.38, Indian ricegrass-0.12, bitterbrush-0.06.  There were also numerous forbs and shrubs present.\r\nSGWL Aerial Wildlife Seeding \r\nSeeded species per square meter: Wyoming big sagebrush-0.24.\r\nNative Release species per sq. meter: Sandberg\u2019s bluegrass.-7.00, Bluebunch wheatgrass-0.92,  Idaho fescue-0.20, Thurber\u2019s needlegrass-0.32, Thickspike wheatgrass-2.20, Basin wild rye-0.04, Bottlebrush squirreltail-0.76, Stipas-1.28, bitterbrush-0.04  There were also numerous forbs and shrubs present.\r\nSTRW Aerial Wildlife Range Seeding \r\nSeeded species per square meter: Bluebunch wheatgrass-1.04, Wyoming big sagebrush-0.12.\r\nNative Release species per sq. meter: Sandberg\u2019s bluegrass.-6.80, Basin wild rye-0.16, Indian ricegrass-0.08, Bottlebrush squirreltail-1.56, Nevada bluegrass-0.08.  There were also numerous forbs present.",Polygon,Confirmed,"Digitized by BLM field office personnel, using an aircraft GPS unit",NA,8804.953677,5598.433255,NA,NA,"Habitat for antelope, Habitat for mule deer, Erosion, Habitat for wildlife, Habitat for sage grouse, Invasion by Cheatgrass, Loss of riparian vegetation, Migratory Birds, Noxious Weeds, Provide forage for livestock, Provide forage for wildlife","Implementation of the proposed action described in the NFRP Supplement EA for the Stag Mountain Fire will protect soils in the burned area, including preventing potential loss of soil due to wind and water erosion&* will reduce potential invasion and establishment of noxious weeds and cheatgrass&* will provide quality forage for livestock and wildlife&* and will facilitate meeting established standards and guidelines for livestock grazing.",None,NA,None,NA,"Entry Note: This treatment and seed list will contain only wildlife seedings and appropriate GIS file. This treatment was flown with the range seed treatment (#4) at the same time, although the shapes overlap. Seed mixes and overall shape are kept separate.",33:01:00,1,11,2002,01,11,1,14,2002,01,14
21495,61527,Seeding,Aerial Seeding,Aerial Seeding: Fixed Wing,34631,275782,105814,3,2019-02-26,2019-02-27,2/26/2019,2/27/2019,actual,actual,1,Implemented,See Comments,2,Acres,2214,-1,Confirmed seed list,Aerial Lek Mix,Seeds,Confirmed on Paper,Not Applicable,Not Available,"Aerial Lek Mix Applied: ARAR8, ACMIO, PSSPS, POSE, PEST;",The objective of the aerial seeding treatment is to revegetate the burned area with a well-adapted species mix that provides forage and will promote structural and species diversity within the burned area. Objectives will be considered met for the West Duck Aerial Sage Mix if 1 native forb and 0.3 native shrubs per square meter are found in post-fire monitoring within 2-5 years.,"Aerially seed approximately 4,452 acres of Wyoming big sagebrush, low sagebrush, and Western yarrow totaling 2,231 treated acres. The treatment would be completed in winter 2018/2019 after an application of imazapic. Timing of seeding would be coordinated with snowfall, if possible.","Aerial Lek Mix Applied: ARAR8, ACMIO, PSSPS, POSE, PEST; Full coverage","The rehab objective of 0.3 native shrubs and 1 native forb per square meter has not been met for seeded species. No seeded species were observed within the density frames or species richness search of the plot. Most of the grass regrowth was composed of Sandbergs bluegrass although there were some observations of recovered Idaho fescue (Festuca idahoensis) and bottlebrush squirreltail (Elymus elymoides) made as well.\r\nS3 Aerial Seeding\r\n2020 AIM Data Results:\r\nCover: Average foliar canopy cover was moderately low (37.3%) with Sandbergs bluegrass (Poa secunda) at 16% cover and Idaho fescue (Festuca idahoensis) at 14% cover. Next highest foliar cover was derived from numerous perennial forbs such as longleaf phlox (Phlox longifolia), Hooker\u2019s balsamroot (Balsamorhiza hookeri), and tapertip hawksbeard (Crepis accuminata) at 5.3%, 3.3%, and 2.7% cover, respectively. The only annual species captured in line-point intercept observations on the plot was tall annual willowherb (Epilobium brachycarpum) at 0.7% cover although field brome (Bromus arvensis) was observed in plot species inventory. Perennial grasses and forbs had a combined cover of 46.1% on the plots.\r\nGaps and Erosion\r\nWest Duck AIM Plot 01 is located in a Rangeland Claypan 12-16\u201d P.Z. site in a former / Artemisia arbuscula / Festuca idahoensis \u2013 Pseudoroegneria spicata ( / low sagebrush / Idaho fescue - bluebunch wheatgrass) vegetation community on a linear fan piedmont. Soils were determined to be 3715 \u2013 Petan-Deunah-Hatpeak association (Deunah).\r\nApproximately 47.9% of the transects had canopy gaps. The most frequently occurring gaps were 25-50 centimeters in length and these occupied 7 average meters (27.8%) of the 25 meter transects. No rills, gullies, or sheet erosion were observed on AIM Plot 01, although common pedestalling (with rare root exposure), rare deposition/runoff, and very short, rare water flow patterns were observed. These are a slight departure of expected conditions on the R025XY017NV site. The slope on AIM Plot 01 was estimated to be 6%, which is relatively low, indicating some wind or water erosion on the site.\r\nSpecies Richness: A total of nineteen (19) different plants species were observed within the 2,827.4 square meter monitoring plot.\r\n2020 Recommendations:\r\nThe ESR rehabilitation objectives of the aerial seeding have not been fully met. There was no allotment agreement issued for the West Duck Fire area. However, typical agreement objective of three perennial grasses per square meter has been met (primarily through Sandbergs bluegrass). It is advised that the area receive appropriate rest and grazing management so that seeded species may establish.\r\n\r\n2021 Density Results: \r\n2021: The rehab objective still has not been met for seeded species. Again, no seeded species were observed within the density frames or for species richness. Many of the same species dominate the plot as 2020, such as Sandberg\u2019s bluegrass and Phlox species. Natural regrowth of small form bunchgrasses and forbs appear to be showing signs of recovery.\r\n2021 AIM Data Results:\r\nAverage foliar canopy cover decreased to 28.00% from 37.3% last year. Perennial grasses dominate over the other indicators but are still only 20.67%. The next highest indicator is perennial forbs at 4.00%, which does mean that annuals are rare on the plot as well.\r\n2021 Gaps and Erosion:\r\n2021: The most frequently occurring gaps were 51-100cm at 30.01% with 25-50cm and 101-200cm nearly matching at 21.77% and 24.16% respectively. Although no data was collected on plot about signs of soil erosion, greater percentages of larger gaps could be an indicator of degrading soils. \r\n2021: Annual grasses and forbs were not observed during the species richness search but annual forbs were observed during Line-Point Intercept. Perennial species continued to outnumber annual species.\r\nRecommendations 2021: \r\nThe ESR rehabilitation objectives, as stated above in 2020 Recommendations, have not been fully met. Native regrowth meets the goals for grasses and forbs but no seeded species were observed on plot. It is still advised that the area receive appropriate rest, grazing management, and possibly more treatment to reach the goals for the site.",Polygon,Confirmed,"Digitized by BLM field office personnel, method unknown",None,2213.76,2211.47,NA,Unknown,"Forage for wildlife, Forage quality, Habitat productivity, Habitat for wildlife, Habitat quality, Loss of desirable species, Loss of vegetation",Revegetate the burned area with a well-adapted species mix that provides forage and will promote structural and species diversity within the burned area.,NA,NA,NA,NA,Elko DO\r\n\r\nThe cost reported includes the cost of treatment 61527 and treatment 61528,49:08:00,2,26,2019,02,26,2,27,2019,02,27
21495,61528,Seeding,Aerial Seeding,Aerial Seeding: Fixed Wing,34632,275783,105814,3,2019-02-26,2019-02-27,2/26/2019,2/27/2019,actual,actual,1,Implemented,See Comments,2,Acres,2214,-1,Confirmed seed list,Aerial PHMA Mix,Seeds,Confirmed on Paper,Not Applicable,Not Available,NA,The objective of the aerial seeding treatment is to revegetate the burned area with a well-adapted species mix that provides forage and will promote structural and species diversity within the burned area. Objectives will be considered met for the West Duck Aerial Sage Mix if 1 native forb and 0.3 native shrubs per square meter are found in post-fire monitoring within 2-5 years.,"Aerially seed approximately 4,452 acres of Wyoming big sagebrush, low sagebrush, and Western yarrow totaling 2,231 treated acres. The treatment would be completed in winter 2018/2019 after an application of imazapic. Timing of seeding would be coordinated with snowfall, if possible.","Aerial PHMA Mix Applied: ACMIO, ARTRT, LIPE2, POSE, PSSPS, ARTRW8; Full coverage","The rehab objective of 0.3 native shrubs and 1 native forb per square meter has not been met for seeded species. No seeded species were observed within the density frames or species richness search of the plot. Most of the grass regrowth was composed of Sandbergs bluegrass although there were some observations of recovered Idaho fescue (Festuca idahoensis) and bottlebrush squirreltail (Elymus elymoides) made as well.\r\nS3 Aerial Seeding\r\n2020 AIM Data Results:\r\nCover: Average foliar canopy cover was moderately low (37.3%) with Sandbergs bluegrass (Poa secunda) at 16% cover and Idaho fescue (Festuca idahoensis) at 14% cover. Next highest foliar cover was derived from numerous perennial forbs such as longleaf phlox (Phlox longifolia), Hooker\u2019s balsamroot (Balsamorhiza hookeri), and tapertip hawksbeard (Crepis accuminata) at 5.3%, 3.3%, and 2.7% cover, respectively. The only annual species captured in line-point intercept observations on the plot was tall annual willowherb (Epilobium brachycarpum) at 0.7% cover although field brome (Bromus arvensis) was observed in plot species inventory. Perennial grasses and forbs had a combined cover of 46.1% on the plots.\r\nGaps and Erosion\r\nWest Duck AIM Plot 01 is located in a Rangeland Claypan 12-16\u201d P.Z. site in a former / Artemisia arbuscula / Festuca idahoensis \u2013 Pseudoroegneria spicata ( / low sagebrush / Idaho fescue - bluebunch wheatgrass) vegetation community on a linear fan piedmont. Soils were determined to be 3715 \u2013 Petan-Deunah-Hatpeak association (Deunah).\r\nApproximately 47.9% of the transects had canopy gaps. The most frequently occurring gaps were 25-50 centimeters in length and these occupied 7 average meters (27.8%) of the 25 meter transects. No rills, gullies, or sheet erosion were observed on AIM Plot 01, although common pedestalling (with rare root exposure), rare deposition/runoff, and very short, rare water flow patterns were observed. These are a slight departure of expected conditions on the R025XY017NV site. The slope on AIM Plot 01 was estimated to be 6%, which is relatively low, indicating some wind or water erosion on the site.\r\nSpecies Richness: A total of nineteen (19) different plants species were observed within the 2,827.4 square meter monitoring plot.\r\n2020 Recommendations:\r\nThe ESR rehabilitation objectives of the aerial seeding have not been fully met. There was no allotment agreement issued for the West Duck Fire area. However, typical agreement objective of three perennial grasses per square meter has been met (primarily through Sandbergs bluegrass). It is advised that the area receive appropriate rest and grazing management so that seeded species may establish.\r\n\r\n2021 Density Results: \r\n2021: The rehab objective still has not been met for seeded species. Again, no seeded species were observed within the density frames or for species richness. Many of the same species dominate the plot as 2020, such as Sandberg\u2019s bluegrass and Phlox species. Natural regrowth of small form bunchgrasses and forbs appear to be showing signs of recovery.\r\n2021 AIM Data Results:\r\nAverage foliar canopy cover decreased to 28.00% from 37.3% last year. Perennial grasses dominate over the other indicators but are still only 20.67%. The next highest indicator is perennial forbs at 4.00%, which does mean that annuals are rare on the plot as well.\r\n2021 Gaps and Erosion:\r\n2021: The most frequently occurring gaps were 51-100cm at 30.01% with 25-50cm and 101-200cm nearly matching at 21.77% and 24.16% respectively. Although no data was collected on plot about signs of soil erosion, greater percentages of larger gaps could be an indicator of degrading soils. \r\n2021: Annual grasses and forbs were not observed during the species richness search but annual forbs were observed during Line-Point Intercept. Perennial species continued to outnumber annual species.\r\nRecommendations 2021: \r\nThe ESR rehabilitation objectives, as stated above in 2020 Recommendations, have not been fully met. Native regrowth meets the goals for grasses and forbs but no seeded species were observed on plot. It is still advised that the area receive appropriate rest, grazing management, and possibly more treatment to reach the goals for the site.",Polygon,Confirmed,"Digitized by BLM field office personnel, method unknown",None,2213.76,2211.47,NA,Unknown,"Forage for wildlife, Forage quality, Habitat productivity, Habitat for wildlife, Habitat quality, Loss of desirable species, Loss of vegetation",revegetate the burned area,NA,NA,NA,NA,Elko DO\r\n\r\nThe cost of this treatment is lumped under 61527,00:40:00,2,26,2019,02,26,2,27,2019,02,27
7892,21603,Closure/Exclosure,Closure,"Closures (OHV, Livestock, Area): Livestock Closure",13722,426532,105821,2,2008-06-15,2010-06-15,00/00/2008,00/00/2010,estimated month and day,estimated month and day,730,Implemented,Partially Successful,1,Acres,7802,0,NA,NA,NA,NA,NA,NA,NA,The majority of the burned area would be closed to livestock grazing to promote recovery of burned vegetation and facilitate the establishment of seeded species. The recommencement of livestock grazing use would ultimately depend on monitoring and meeting of ES plan objectives. Recovery of the burned area would be monitored for availability to grazing on a yearly basis. The monitoring for grazing availability and recommendations for opening the burned area to livestock would be the responsibility of an interdisciplinary team.,Livestock closure in effect until ES & BAR (S2 & R3) objectives have been met:\r\n\r\nSeeded Perennial Grasses = 5/m\xb2 & = 60 % Seed Heads\r\n\r\n\r\nACMIO = 1/m\xb2 \r\nARTRT + ARTRW8 = 1/10m\xb2,"A livestock closure was implemented to foster natural recovery and allow for the establishment of aerial and drill seeded species. Collection of vegetation data to assess recovery and establishment of seeded species was contracted to Ecosystem Management Inc. BLM staff monitored for unauthorized livestock use during allotment inspections and while implementing ES/BAR treatments. \r\n\r\nContract was delayed in Contracting Office and before implementation livestock was observed in recovery area.\r\n\r\nA livestock closure was implemented to foster natural recovery and allow for the establishment of aerial and drill seeded species. Collection of vegetation data to assess recovery and establishment of seeded species was performed by BLM. BLM staff monitored for unauthorized livestock use during allotment inspections and while implementing ES/BAR treatments.\r\n\r\nPartially Successful: A livestock closure was implemented to provide for the establishment of ground and aerial seeded species. Vegetation data was collected to assess seeded species establishment progress. BLM staff monitored for unauthorized livestock use during allotment inspections and while implementing ES/BAR treatments. Fence repair and construction were not completed as scheduled, and on several occasions livestock were observed within treatment area.  Livestock use may have impeded establishment of seeded species on the southern portion of the drill seeding area.  First year monitoring is inherently inconclusive, but data indicates a moderate to high establishment of seeded grasses and a very low density of aerial seeded species.",NA,Polygon,Confirmed,Digitized by LTDL data entry personnel using a map of unknown origin,8/18/2010,11609.58385,10712.78734,"The area within the Bruneau office was digitized and uploaded as the livestock closure for this office, the entire fire was generally closed to grazing.",BLM,"Habitat for desert bighorn sheep, Habitat for mule deer, Habitat for sage grouse, Invasion by Cheatgrass, Invasion by non-native annuals","The fire had tremendous impacts to sage-grouse habitat, mule deer winter range, bighorn sheep habitat, and healthy sagebrush steppe habitat left within southern Idaho and northern Nevada.  Severe impacts to cultural resource values, forage for wildlife and livestock, watershed health and aquatic species also occurred as a result of this fire.  The landscape level impacts are expected to take many years to fully address and likely extend well past the life of this plan.",None,NA,None,NA,NA,11:10:00,00,00,2008,06,15,00,00,2010,06,15
7893,21622,Closure/Exclosure,Closure,"Closures (OHV, Livestock, Area): Livestock Closure",13737,426533,105821,2,2008-06-15,2010-06-15,00/00/2008,00/00/2010,estimated month and day,estimated month and day,730,Implemented,Fully Successful,1,Acres,425815,0,NA,NA,NA,NA,NA,NA,NA,To protect the burned areas from unauthorized livestock use in order to help ensure vegetation recovery.,To ensure that the agreement is written and presented to the permittee.,"A handful of sites were reviewed by an Interdisciplinary Team to evaluate reintroduction of grazing to those select pastures.  Cover, seedhead production counts, and grass pulls to test rooting strength were used to evaluate the recovery of these sites and to help determine if they could withstand grazing.  The results were written into memos outlining the criteria for reintroduction of grazing, and the terms to be held up while grazing occurs, such as duration, timing, and utilization percentages.  The East 71 Pasture of Grassy Hills AMP Allotment and Turner Cedar Butte Allotment have met the criteria established post Murphy Fire and are scheduled to be reopened in the fall of 2008.  Other sites have been identified for review in late August and early September, and are being analyzed currently.  If the criteria for reopening are met, then the pastures will be open during their normal seasons of use.  In 2009, all of the sites will have the grazing reintroduction monitoring performed in addition to the normal monitoring procedures, unless grazing has been implemented at that site prior to the second year of monitoring.\r\n\r\nThe Natural Recovery sites which were rested to livestock grazing in order to aid in recovery area recovering as expected in the first year following a fire.  Four areas have been identified as needing treatment in the form of herbicide control for cheatgrass and seeding the appropriate seed mix for the site.  These sites will be monitored as seeding treatments following treatment.  Erosion is an issue at some sites, but appears to be minimizing.  Further monitoring is needed to determine if a trend towards natural recovery is being made.",Effectiveness monitoring will include visits to the site by range staff and other BLM employees to ensure that there is no livestock within the burned area and that no unauthorized use has taken place.,Polygon,Confirmed,Not Determined,NA,652208.5972,482054.9286,NA,BLM,"Endangered Species, Erosion, Invasion by Cheatgrass, Invasion by non-native annuals, Loss of Perennials, Noxious Weeds, Provide cover for wildlife, Provide forage for wildlife, Threatened Species",NA,None,NA,None,NA,NA,57:19:00,00,00,2008,06,15,00,00,2010,06,15
1721,4796,Vegetation/Soil Manipulation,Vegetation Disturbance,Vegetation Disturbance: Thinning,3084,300965,106904,2,2012-09-30,2012-09-30,9/30/2012,9/30/2012,actual,actual,0,Implemented,None,2,Acres,4202.4,0,NA,NA,NA,NA,NA,NA,NA,The proposed action is implementation of the Bully Creek LAMP recommendations and decision to control invading juniper in the Bully Creek pasture of the Willow Basin allotment.,Work would begin in August of2003 and be completed the following summer.\r\nTreatment would consist of hand cutting juniper less than 24 inches in diameter using hand crews and chain saws.\r\nJuniper would be cut and left on site.,\r\n\r\nA cutting was completed using chainsaws to target juniper.,NA,Polygon,Confirmed,"Digitized by BLM field office personnel, method unknown",NA,4205.099788,4168.84325,NA,NA,"Loss of vegetation, Rangeland health",The proposed action is implementation of the Bully Creek LAMP recommendations and decision to control invading juniper in the Bully Creek pasture of the Willow Basin allotment.,None,NA,None,NA,NA,32:12:00,9,30,2012,09,30,9,30,2012,09,30
1721,4795,Vegetation/Soil Manipulation,Vegetation Disturbance,Vegetation Disturbance: Thinning,3104,300966,106904,2,2012-09-30,2012-09-30,9/30/2012,9/30/2012,actual,actual,0,Implemented,Unknown,2,Acres,4202.4,0,No seed list,NA,NA,NA,NA,NA,NA,The proposed action is implementation of the Bully Creek LAMP recommendations and decision to control invading juniper in the Bully Creek pasture of the Willow Basin allotment.,Work would begin in August of 2003 and be completed the following summer.\r\nTreatment would consist of hand cutting juniper less than 24 inches in diameter using hand crews and chain saws.\r\nJuniper would be cut and left on site.,A cutting was completed using chainsaws to target juniper.\r\n\r\nA piling was completed using manual-mechanized methods to target juniper.,None,Polygon,Confirmed,"Digitized by BLM field office personnel, method unknown",3/16/2021,4204.76,4204.72,NA,Unknown,"Loss of vegetation, Rangeland health",The proposed action is implementation of the Bully Creek LAMP recommendations and decision to control invading juniper in the Bully Creek pasture of the Willow Basin allotment.,None,No documentation.,None,No documentation.,NA,36:09:00,9,30,2012,09,30,9,30,2012,09,30
1721,4796,Vegetation/Soil Manipulation,Vegetation Disturbance,Vegetation Disturbance: Thinning,3084,305474,106928,3,2012-09-30,2012-09-30,9/30/2012,9/30/2012,actual,actual,0,Implemented,None,2,Acres,4202.4,0,NA,NA,NA,NA,NA,NA,NA,The proposed action is implementation of the Bully Creek LAMP recommendations and decision to control invading juniper in the Bully Creek pasture of the Willow Basin allotment.,Work would begin in August of2003 and be completed the following summer.\r\nTreatment would consist of hand cutting juniper less than 24 inches in diameter using hand crews and chain saws.\r\nJuniper would be cut and left on site.,\r\n\r\nA cutting was completed using chainsaws to target juniper.,NA,Polygon,Confirmed,"Digitized by BLM field office personnel, method unknown",NA,4205.099788,4168.84325,NA,NA,"Loss of vegetation, Rangeland health",The proposed action is implementation of the Bully Creek LAMP recommendations and decision to control invading juniper in the Bully Creek pasture of the Willow Basin allotment.,None,NA,None,NA,NA,32:12:00,9,30,2012,09,30,9,30,2012,09,30
1721,4795,Vegetation/Soil Manipulation,Vegetation Disturbance,Vegetation Disturbance: Thinning,3104,305475,106928,3,2012-09-30,2012-09-30,9/30/2012,9/30/2012,actual,actual,0,Implemented,Unknown,2,Acres,4202.4,0,No seed list,NA,NA,NA,NA,NA,NA,The proposed action is implementation of the Bully Creek LAMP recommendations and decision to control invading juniper in the Bully Creek pasture of the Willow Basin allotment.,Work would begin in August of 2003 and be completed the following summer.\r\nTreatment would consist of hand cutting juniper less than 24 inches in diameter using hand crews and chain saws.\r\nJuniper would be cut and left on site.,A cutting was completed using chainsaws to target juniper.\r\n\r\nA piling was completed using manual-mechanized methods to target juniper.,None,Polygon,Confirmed,"Digitized by BLM field office personnel, method unknown",3/16/2021,4204.76,4204.72,NA,Unknown,"Loss of vegetation, Rangeland health",The proposed action is implementation of the Bully Creek LAMP recommendations and decision to control invading juniper in the Bully Creek pasture of the Willow Basin allotment.,None,No documentation.,None,No documentation.,NA,36:09:00,9,30,2012,09,30,9,30,2012,09,30
1099,3023,Seeding,Aerial Seeding,Aerial Seeding: Rotor Wing,1943,348878,107733,2,1992-11-14,1992-11-14,11/14/1992,11/14/1992,actual,actual,0,Implemented,See Comments,2,Acres,1600,-1,Confirmed seed list,NA,Seeds,Confirmed on Paper,Unknown,Species Specific,"The seed mix did not indicate whether bulk or PLS rates were used, therefore, unknown has been listed and all seed mix information has been entered into the Bulk category.",1) ESTABLISH VEGETATIVE COVER FOR SOIL\r\nPROTECTION. \r\n2) ESTABLISHMENT OF PERENNIAL VEGEATION TO REDUCE FIRE HAZARDS IN THE FUTURE. \r\n3)MAINTAIN BIG GAME WINTER RANCE AND LIVESTOCK FORACE.,The North Aerial Seed Mix is to be applied to wilderness study areas where the\r\nfurrowing effect of drills is not desirable. The seed will be aerially applied by a helicopter. This\r\napplication will be followed with a cover treatment of pulling a harrow with a rubber tired tractor. This\r\napplication method is in conformance with the Shoshone District Normal Fire Rehabilitation Plan.\r\nAppendix 2. This will be started in fiscal 1992.\r\nSouth Seed,"Black Ridge Aerial Seeding\r\nThis contract consisted of aerial seeding 1600 acres in the Black\r\nRidge Fire Rehab and\r\nproviding one low level recon flight. The contractor was\r\nresponsible for furnishing labor, equipment, supplies, and\r\nmaterials, except for Government furnished seed. The contractor\r\nwas Reeder Flying Service Inc., Twin Falls Sun Valley Regional\r\nAirport, 644 Airport Loop. Twin Falls, Idaho. Seed was flown on\r\nusing a Bell Jet ranger helicopter and two buckets. Contractor was\r\nto provided communication with contractor crew and BLM personnel\r\nusing Shoshone District frequencies available at the time of the\r\ncontract. The project was started 11/14/92 and completed 11/14/92.\r\n\r\nThe seed mixture consisted of:\r\nWhitmar Bluebunch Wheatgrass      1.25 lb./acre \r\nSecar Bluebunch Wheatgrass             1. 25 lb./acre  \r\nCritana Thickspike                                   1.00 lb./acre  \r\nSiberian Crested Wheatgrass             1.00 lb./acre \r\nAlkar Tall Wheatgrass                            0.75 lb./acre \r\nBoziosky Russian Wildrye                    0.75 lb./acre \r\nEski Sainfoin                                              2.50 lb./acre \r\nAppar Lewis Flax                                     0. 50 lb./acre  \r\nFourwing Saltbush                                 0.75 lb./acre  \r\nRate of Application: 9. 75 lb./acre  \r\nApproximate Weight of Seed: 22 lbs/Bushel \r\nProject inspectors for the project was Randall Jayo. The\r\nContracting Officers Representative was Scott Uhrig.","1997:\r\n\u2022\tOverall we were impressed by the recovery of the sites from recent fires.\r\n\u2022\tIt seemed like a remarkably cool summer with an unusually long growing season. We experienced some high heat and drying in August, but May and June were cold and July relatively cool in comparison to past summers.\r\n\u2022\tThere seemed to be a difference in the vigor of the Machaeranthera (hoary aster) between the control and other treatments. It was much more robust (more stems, bigger plant size, likely more flowers) in the control treatments at all the WSA and Potter sites.\r\n\u2022\tAt sites other than Ro, the native bunchgrass recorded during the cover study was Poa 90% of y\nthe time, with Stipa, Sitanian hvstrix, and basin wild re comprising most of the remainder.\r\n\u2022\tIt appears that the amount of flax seed could be reduced in future seedings that may occur in the area as it has become well established and is vigorously reproducing. Datasheets can be found in the project monitoring folder.",Polygon,Confirmed,"Digitized by BLM field office personnel, method unknown",NA,1365.15,1364.4,NA,Contractor,"Erosion, Fire hazard, Habitat for wildlife, Provide forage for livestock, Establishment of seeded species, Loss of desirable species, Loss of native species, Loss of native vegetation, Loss of perennials, Loss of vegetation",A loss of vegetative cover for the protection of soil.,None,NA,None,NA,"Planned cost for all aerial seedings is $202,900",36:52:00,11,14,1992,11,14,11,14,1992,11,14
9030,24630,Seeding,Aerial Seeding,Aerial Seeding: Rotor Wing,15723,348879,107733,2,1992-11-14,1992-11-14,11/14/1992,11/14/1992,actual,actual,0,Implemented,Unknown,2,Acres,200,-1,Confirmed seed list,Rehabilitation Seed Mix: WSA/ Aerial Seed,Seeds,Confirmed on Paper,Unknown,Species Specific,"The seed mix did not indicate whether bulk or PLS rates were used, therefore, unknown has been listed and all seed mix information has been entered into the Bulk category.",1) Establish vegetative cover for soil protection.\r\n2) Establishment of perennial vegetation to reduce fire hazards in the future.\r\n3) Maintain big game winter range and livestock forage.,Approximately 200 acres requiring treatment\r\nburned within the Bear Den Butte WSA. This area would be aerial seeded and then harrowed to cover the seed.,"This contract consisted of aerial seeding 200 acres in the Potter Butte Fire Rehab and\r\nproviding one low level recon flight. The contractor was\r\nresponsible for furnishing labor, equipment, supplies, and\r\nmaterials, except for Government furnished seed. The contractor\r\nwas Reeder Flying Service Inc., Twin Falls Sun Valley Regional\r\nAirport, 644 Airport Loop, Twin Falls, Idaho. Seed was flown on\r\nusing a Bell Jetranger helicopter and two buckets. Contractor was\r\nto provided communication with contractor crew and BLM personnel\r\nusing Shoshone District frequencies available at the time of the\r\ncontract. The project was started 11/14/92 and completed 11/14/92.\r\nRate of Application: 9.75 lb./acre\r\nApproximate Weight of Seed: 22 lbs/Bushel\r\nProject inspectors for the project was Randall Jayo. The\r\nContracting Officers Representative was Scott Uhrig.",Unknown,Polygon,Confirmed,Digitized by LTDL data entry personnel using a confirmed map,10/26/2011,1539.908206,1537.521953,NA,Contractor,"Erosion, Fire hazard, Habitat for wildlife, Provide forage for livestock",Loss of vegetative cover for soil protection.,None,NA,None,NA,"All the seedings began about April 12 and were completed before May 7, 1993. The soil conditions were fairly good with approximately .75 of an inch rainfall during the project time. Continued moisture should assure successful spring seedings which rarely occurs.",16:56:00,11,14,1992,11,14,11,14,1992,11,14
