Prj_ID,Trt_ID,Trt_Type_Major,Trt_Type_Sub,Treatment_Type,FID_TrtPoly002,ObjectID_Union,ObjectID_CountOverlapping,treatment_count,init_date_est,comp_date_est,Init_Date,Comp_Date,init_est,comp_est,init_comp_elapsed,Plan_Imp,Success,Dates_Confirmed,Units,Num_Units,Treatment_Seeded,Seed_List,Seed_Mix_Name,Seeds_or_Seedlings,Seed_List_Confirmed,Control_Areas,Seed_Application_Rate,Seed_Notes,Objectives,Planned_Implementation,Actual_Implementation,Treatment_Effect_and_Results,Trt_Feature_Type,Feature_Status,How_Feature_Created,Feature_Creation_Date,Total_Acres,BLM_Acres,GIS_Notes,Initiated_By,Trt_Concerns,Trt_Concerns_Desc,Problems_Apply_Trt,Problems_Apply_Trt_Desc,Conditions_At_Trt,Conditions_At_Trt_Desc,Trt_Notes,User_Updated,init_m,init_d,init_y,init_m_est,init_d_est,comp_m,comp_d,comp_y,comp_m_est,comp_d_est
264,737,Vegetation/Soil Manipulation,Vegetation Disturbance,Tree/Brush Control: Thin and Pile,522,995,436,2,2006-10-01,2006-10-15,10/1/2006,10/15/2006,actual,actual,14,Implemented,None,2,Acres,211,0,NA,NA,NA,NA,NA,NA,NA,"The purpose of the Proposed Action is to reduce hazardous fuels on BLM land in Antelope\r\nValley. Many of the areas proposed for treatment are immediately adjacent to homes and\r\ncommunities in Antelope Valley. In these cases, the proposed treatments are intended to\r\ndecrease the intensity of future wildland fires in the treated areas, and increase the safety of\r\nresidents, private property, and firefighters working to protect the community and suppress\r\nfires.","Work includes standing dead, dead and down, and standing live pinyon pine. All slash must be treated. Firewood-sized material will be yarded, piled and left for public gathering at BLM-designated sites within each unit.\r\n\r\nWork Sequence - Cutting, yarding, slash treatment, and site restoration shall be performed in an organized and\r\nsystematic manner, as determined in the pre-work conference. To minimize fire hazard, slash work must be conducted\r\nsimultaneously or progressively with tree felling and yarding operations. For these Items, slash treatment is chipping.\r\nThe nature of this work will result in some ground disturbance, however the Contractor is expected to conduct all\r\noperations with professionalism and care to ensure soil and vegetation disturbance and displacement are the minimum\r\npracticable for the designated tasks.\r\n\r\nCutting (Specifications Common to All Pinyon Units - Live pinyon pine exceeding 1 foot in total height shall be cut to\r\nachieve individual unit specifications listed below. No live branches shall be left on the stump of cut trees. Stump\r\nheight shall conform to Stump Height in Section 6.13.1 in this contract. All standing dead pinyon pine shall be cut.\r\nDead and down pinyon pine shall be bucked and treated as firewood or slash. In all units, areas will be left uncut. The\r\nuncut areas shall range from just a few trees in a small group, to patches of trees up to 1/2 acre in size. Average\r\nsize shall be approximately 1/4 acre. Groups or patches of larger-sized individual trees shall be sought out by the ! Contractor for retention as uncut areas. Groups or patches should be located more or Jess randomly throughout the\r\nN units, as conditions permit. While creation of very large openings should be avoided, a strict spacing pattern should also\r\nnot be used in locating groups or patches. No groups or patches of pinyon pine shall be located within 75 feet of the unit\r\nboundaries. Groups or patches of pinyon pine shall be located at least 75 feet from other groups or patches. Standing\r\ndead or dead and down trees located within the uncut groups or patches shall be cut and treated. The Contracting\r\nOfficer's Rep. will work closely with the Contractor in the initial stages to answer questions and ensure these\r\nspecifications are clearly understood.\r\n\r\nITEM 0002AA (Dump) Specifications: Leave approximately 42 groups or patches of uncut pinyon pine (40 north of\r\nold dump site, 2 south of old dump site).\r\nITEM 0002AB (Clinic) Specifications: Leave approximately 23 groups or patches of uncut pinyon pine.\r\nITEM 0002AC (Patricia) Specifications: Leave approximately 14 groups or patches of uncut pinyon pine.\r\nITEM 0002AD (Camp) Specifications: Leave approximately 24 groups or patches of uncut pinyon pine.\r\nITEM 0002AE (Birchim Flat Rd.) Specifications: Leave approximately 12 groups or patches of uncut pinyon pine.\r\n\r\nYarding (Specifications Common to All Pinyon Units) - All firewood-sized material (4"" diameter and larger) shall be\r\nbrought to ELM-designated sites for piling, so as to be available to the general public as firewood. All piling shall be\r\ndone on BLM land, within the project boundaries. No skidding is allowed. Material must be transported from stump to\r\nlanding fully off the surface of the ground. Material may be brought to the landing by non-motorized means. Motorized\r\nequipment may also be used. If motorized equipment is used, the equipment&$s size must be approximately equal to that\r\nof an ATV and small trailer. Regardless of yarding method used, soil displacement is minimal, and residual vegetation\r\nis protected to the greatest extent practicable.",NA,NA,Polygon,Confirmed,"Digitized by BLM field office personnel, method unknown",NA,211.8314241,137.2123121,NA,Contractor,"Brush control, Encroaching vegetation, Fire hazard, Hazardous fuels reduction, Pinon-juniper, Public safety, Rangeland health, Wildland Urban Interface","The purpose of the Proposed Action is to reduce hazardous fuels on BLM land in Antelope\r\nValley. Many of the areas proposed for treatment are immediately adjacent to homes and\r\ncommunities in Antelope Valley. In these cases, the proposed treatments are intended to\r\ndecrease the intensity of future wildland fires in the treated areas, and increase the safety of\r\nresidents, private property, and firefighters working to protect the community and suppress\r\nfires.",None,NA,None,NA,NA,23:50:00,10,1,2006,10,01,10,15,2006,10,15
264,738,Vegetation/Soil Manipulation,Vegetation Disturbance,Vegetation Disturbance: Chipping,523,996,436,2,2006-10-01,2006-10-15,10/1/2006,10/15/2006,actual,actual,14,Implemented,None,2,Acres,211,0,NA,NA,NA,NA,NA,NA,NA,"The purpose of the Proposed Action is to reduce hazardous fuels on BLM land in Antelope\r\nValley. Many of the areas proposed for treatment are immediately adjacent to homes and\r\ncommunities in Antelope Valley. In these cases, the proposed treatments are intended to\r\ndecrease the intensity of future wildland fires in the treated areas, and increase the safety of\r\nresidents, private property, and firefighters working to protect the community and suppress\r\nfires.","Work includes standing dead, dead and down, and standing live pinyon pine. All slash must be treated. Firewood-sized material will be yarded, piled and left for public gathering at BLM-designated sites within each unit.\r\n\r\nWork Sequence - Cutting, yarding, slash treatment, and site restoration shall be performed in an organized and\r\nsystematic manner, as determined in the pre-work conference. To minimize fire hazard, slash work must be conducted\r\nsimultaneously or progressively with tree felling and yarding operations. For these Items, slash treatment is chipping.\r\nThe nature of this work will result in some ground disturbance, however the Contractor is expected to conduct all\r\noperations with professionalism and care to ensure soil and vegetation disturbance and displacement are the minimum\r\npracticable for the designated tasks.\r\n\r\nChipping shall conform to Chip in Section C.6.16.1 in this contract. Chipper(s) should be of a size capable\r\nof handling material up to 4"" in diameter, minimum, but also small enough to be moved through the treatment units with\r\na Bobcat loader or similar sized equipment. Small portions of each unit may be inaccessible to the chipping equipment,\r\ndue to steep (greater than 20% slope) or rocky terrain. With the agreement of the Contracting Officer's Representative,\r\nslash in these areas may be hand piled in conformance with the Hand Pile definition in Section 1.3.4 of this contract.\r\nThe Contractor is also expected and encouraged to utilize these areas of inaccessible terrain for retention as uncut groups\r\nor patches of trees, as appropriate, while still meeting the requirements for uncut areas.",NA,NA,Polygon,Confirmed,"Digitized by BLM field office personnel, method unknown",NA,211.8314241,137.2123121,NA,Contractor,"Brush control, Encroaching vegetation, Fire hazard, Hazardous fuels reduction, Pinon-juniper, Public safety, Rangeland health, Wildland Urban Interface","The purpose of the Proposed Action is to reduce hazardous fuels on BLM land in Antelope\r\nValley. Many of the areas proposed for treatment are immediately adjacent to homes and\r\ncommunities in Antelope Valley. In these cases, the proposed treatments are intended to\r\ndecrease the intensity of future wildland fires in the treated areas, and increase the safety of\r\nresidents, private property, and firefighters working to protect the community and suppress\r\nfires.",None,NA,None,NA,Cost included in thinning & piling treatment.,28:26:00,10,1,2006,10,01,10,15,2006,10,15
1326,3741,Herbicide/Weeds/Chemical,Weeds,Noxious Weeds: Weed Detection,2406,1065,445,2,2006-06-15,2008-06-15,00/00/2006,00/00/2008,estimated month and day,estimated month and day,731,Implemented,Fully Successful,1,Acres,6416,0,No seed list,NA,NA,NA,NA,NA,NA,The objective is to detect any noxious weeds that may invade the burned area and compromise ecological functioning of the plant community and loss of soil and site productivity.,N/A,The inventory method is to walk and drive all through the burn in systematic search of targeted species.  No noxious weeds have been detected yet.,The weed inventory is being conducted under contract by the USDA Forest Service Adaptive management Services Team along with monitoring for success of natural vegetation recovery.,Polygon,Confirmed,"Digitized by BLM field office personnel, method unknown",NA,6683.431866,6479.82714,This is the fire perimeter for the Bootlegger Fire.  Treatments were conducted within this area.,Other Agency,"Erosion, Habitat for wildlife, Loss of vegetation, Overgrazing",Soil stabilization by vegetation is an issue in this burn.  Natural recovery of vegetation from the effects of fire without seeding or planting is expected to be favorable enough to stabilize the soil as long as recovering plants are protected from grazing.,None,NA,None,NA,NA,47:19:00,00,00,2006,06,15,00,00,2008,06,15
1326,3743,Closure/Exclosure,Closure,"Closures (OHV, Livestock, Area): Livestock Closure",2407,1066,445,2,2006-06-15,2008-06-15,00/00/2006,00/00/2008,estimated month and day,estimated month and day,731,Implemented,Fully Successful,1,Acres,6416,0,No seed list,NA,NA,NA,NA,NA,NA,The objective is to protect recovering plants and establishing seedlings from herbivory by domestic livestock to stabilize and prevent unacceptable degradation to natural and cultural resources.,The decision was issued to close the burned area to grazing.  This is being accomplished by ordering the grazing permitted to refrain from releasing cattle into the portion of the allotment where they could range into the burn.,"Periodic checks were made to observe whether any livestock were getting into the closed area.  So far, no violations have occurred.",No cattle have entered into the protected area.,Polygon,Confirmed,"Digitized by BLM field office personnel, method unknown",NA,6683.431866,6479.82714,This is the fire perimeter for the Bootlegger Fire.  Treatments were conducted within this area.,BLM and Cooperators,"Erosion, Habitat for wildlife, Loss of vegetation, Overgrazing",Soil stabilization by vegetation is an issue in this burn.  Natural recovery of vegetation from the effects of fire without seeding or planting is expected to be favorable enough to stabilize the soil as long as recovering plants are protected from grazing.,None,NA,None,NA,NA,47:58:00,00,00,2006,06,15,00,00,2008,06,15
14245,36857,Seeding,Aerial Seeding,Aerial Seeding: Rotor Wing,23864,2131,584,2,1977-10-01,1978-01-31,10/1/1977,1/31/1978,actual,actual,122,Implemented,NA,1,Acres,385,-1,Confirmed seed list,Willow Ridge Aerial Seeding,Seeds,Confirmed on Paper,No control areas present,Species Specific,See seed list for more details on seeded species and methods.,"Vegetation ""conversions to\r\nincrease the density of ground cover and, thus, decrease the severity\r\nof erosion."" [See EA].","Areas of steeper slopes will be helicopter\r\nseeded and fertilized where necessary to assure a prompt revegetation with\r\nselected grass species.\r\nMore moderate slopes will be seeded with a rangeland\r\ndrill with discing and fertilization, These areas will be converted from\r\nthe dense brush and chaparral stands to perennial grasses and legumes.",NA,NA,Polygon,Confirmed,"Digitized by LTDL data entry personnel, merged map from various sources",2/9/2017,385.1772738,385.1772738,NA,NA,"Erosion, Habitat productivity, Habitat quality, Watershed health, Wildlife in treated area","Mitigation to replace the vegetation and to reduce erosion will be\r\nboth natural and artificial. All the native species are adapted to fire.\r\nSome sprout from the root crown, some have seeds which need the heat of\r\nfire to germinate, and some use both devices. Left alone after a fire,\r\nthe area will be indistinguishable from adjoining areas in perhaps ten\r\nyears. Artificial mitigation will consist of grass seeding of the total\r\nburn area and fertilization of potential permanent conversions to\r\nincrease the density of ground cover and, thus, decrease the severity\r\nof erosion.",NA,NA,NA,NA,NA,05:20:00,10,1,1977,10,01,1,31,1978,01,31
14245,36908,Herbicide/Weeds/Chemical,Chemical,Chemical: Fertilization,23878,2132,584,2,1977-10-01,1978-01-31,10/1/1977,1/31/1978,actual,actual,122,Implemented,NA,1,Acres,530,0,NA,NA,NA,NA,NA,NA,NA,"Help insure vegetation ""conversions to\r\nincrease the density of ground cover and, thus, decrease the severity\r\nof erosion."" [See EA].","Areas of steeper slopes will be helicopter\r\nseeded and fertilized where necessary to assure a prompt revegetation with\r\nselected grass species.\r\nMore moderate slopes will be seeded with a rangeland\r\ndrill with discing and fertilization, These areas will be converted from\r\nthe dense brush and chaparral stands to perennial grasses and legumes.",NA,NA,Polygon,Confirmed,Digitized by LTDL data entry personnel using a confirmed map,2/10/2017,517.0080618,517.0080618,NA,NA,Establishment of seeded species,"Mitigation to replace the vegetation and to reduce erosion will be\r\nboth natural and artificial. All the native species are adapted to fire.\r\nSome sprout from the root crown, some have seeds which need the heat of\r\nfire to germinate, and some use both devices. Left alone after a fire,\r\nthe area will be indistinguishable from adjoining areas in perhaps ten\r\nyears. Artificial mitigation will consist of grass seeding of the total\r\nburn area and fertilization of potential permanent conversions to\r\nincrease the density of ground cover and, thus, decrease the severity\r\nof erosion.",NA,NA,NA,NA,NA,24:23:00,10,1,1977,10,01,1,31,1978,01,31
3052,8523,Vegetation/Soil Manipulation,Soil Disturbance,Soil Disturbance: Chaining,5340,1205,1205,2,1966-08-27,1966-11-28,8/27/1966,11/28/1966,actual,actual,93,Implemented,Partially Successful,2,Acres,650,0,NA,NA,NA,NA,NA,NA,NA,To improve watershed conditions\r\nand to provide forage for livestock and wildlife.,Approximately 800 acres of Pinyon-juniper and Oak brush land will be\r\ndouble chained and aerial seeded in order to improve watershed conditions\r\nand to provide forage for livestock and wildlife.,"Approximately 650 acres of Pinyon-Juniper, Sagebrush and Oakbrush were double chained and aerial broadcast seeded.","A Job inspection record and maintenance schedule form was completed in 1980.  It listed the project as fair to poor, with heavy utilization and encroachment of sagebrush and oak.  And aerial application of 2, 4-D was recommended for 400 acres.",Polygon,Confirmed,Digitized by LTDL data entry personnel using a confirmed map,2/19/2015,871.0756345,870.3662042,NA,NA,"Brush control, Forage for livestock, Forage for wildlife, Forage quality, Erosion, Watershed degradation, Watershed health",Approximately 800 acres of Pinyon-juniper and Oak brush land will be\r\ndouble chained and aerial seeded in order to improve watershed conditions\r\nand to provide forage for livestock and wildlife.,None,NA,None,NA,NA,25:42:00,8,27,1966,08,27,11,28,1966,11,28
3052,8524,Seeding,Aerial Seeding,Aerial Seeding,5341,1206,1205,2,1966-08-27,1966-11-28,8/27/1966,11/28/1966,actual,actual,93,Implemented,Partially Successful,2,Acres,650,-1,Confirmed seed list,Seed List,Seeds,Confirmed on Paper,Unknown,Species Specific,NA,To improve watershed conditions\r\nand to provide forage for livestock and wildlife.,Approximately 800 acres of Pinyon-juniper and Oak brush land will be\r\ndouble chained and aerial seeded in order to improve watershed conditions\r\nand to provide forage for livestock and wildlife.,"Approximately 650 acres of Pinyon-Juniper, Sagebrush and Oakbrush were double chained and aerial broadcast seeded.","A Job inspection record and maintenance schedule form was completed in 1980.  It listed the project as fair to poor, with heavy utilization and encroachment of sagebrush and oak.  And aerial application of 2, 4-D was recommended for 400 acres.",Polygon,Confirmed,Digitized by LTDL data entry personnel using a confirmed map,2/19/2015,871.0756345,870.3662042,NA,NA,"Brush control, Forage for livestock, Forage for wildlife, Forage quality, Erosion, Watershed degradation, Watershed health",Approximately 800 acres of Pinyon-juniper and Oak brush land will be\r\ndouble chained and aerial seeded in order to improve watershed conditions\r\nand to provide forage for livestock and wildlife.,None,NA,None,NA,NA,30:14:00,8,27,1966,08,27,11,28,1966,11,28
4040,11364,Seeding,Aerial Seeding,Aerial Seeding,6994,1287,1218,2,1963-06-15,1964-06-30,00/00/1963,6/30/1964,estimated month and day,actual,381,Implemented,Successful,2,Acres,2352,-1,Confirmed seed list,NA,Seeds,Confirmed on Paper,NA,Unknown,No seeding rate is listed.,NA,NA,A 1976 site visit noted lots of grass and crested wheat.,NA,Polygon,Confirmed,"Digitized by BLM field office personnel, method unknown",9/3/2010,3374.742216,3327.52028,NA,NA,Provide forage for livestock,NA,None,NA,None,NA,NA,26:11:00,00,00,1963,06,15,6,30,1964,06,30
4040,11365,Vegetation/Soil Manipulation,Soil Disturbance,Soil Disturbance: Chaining,6995,1288,1218,2,1963-06-15,1964-06-30,00/00/1963,6/30/1964,estimated month and day,actual,381,Implemented,Successful,2,Acres,2352,0,No seed list,NA,NA,NA,NA,NA,NA,NA,NA,A 1976 site visit noted lots of grass and crested wheat.,NA,Polygon,Confirmed,"Digitized by BLM field office personnel, method unknown",9/3/2010,3374.742216,3327.52028,NA,NA,Provide forage for livestock,NA,None,NA,None,NA,NA,27:53:00,00,00,1963,06,15,6,30,1964,06,30
5003,13911,Seeding,Aerial Seeding,Aerial Seeding,8747,1357,1225,2,1958-09-18,1958-10-06,9/18/1958,10/6/1958,actual,actual,18,Implemented,Unknown,2,Acres,640,-1,Confirmed seed list,Hackett Mix 1958,Seeds,Confirmed on Paper,NA,Overall,NA,NA,Crested wheat was sown at the rate of 7 pounds to the acre by airplane.,NA,NA,Polygon,Confirmed,Not Determined,00/00/0000,498.8524762,435.2001851,NA,NA,None,NA,None,NA,None,NA,NA,10:31:00,9,18,1958,09,18,10,6,1958,10,06
5003,13912,Vegetation/Soil Manipulation,Soil Disturbance,Soil Disturbance: Chaining,8748,1358,1225,2,1958-09-18,1958-10-06,9/18/1958,10/6/1958,actual,actual,18,Implemented,None,2,Acres,640,0,NA,NA,NA,NA,NA,NA,NA,NA,Juniper was chained from the area.,NA,NA,Polygon,Confirmed,Not Determined,NA,498.8524762,435.2001851,NA,NA,None,NA,None,NA,None,NA,NA,17:56:00,9,18,1958,09,18,10,6,1958,10,06
397,1067,Vegetation/Soil Manipulation,Vegetation Disturbance,Tree/Brush Control: Mechanical,708,1015,1530,2,2004-06-15,2004-06-15,00/00/2004,00/00/2004,estimated month and day,estimated month and day,0,Implemented,Unknown,2,Acres,1916,0,NA,NA,NA,NA,NA,NA,NA,Reduce fire hazard in the wildland-urban interface.,"The fuel reduction option of the Green Stripping Method requires cutting and removing woody vegetation such as sagebrush from the area, with disposal or burning at another location. These areas\r\nwould be broadcast, aerial, or drill seeded following removal of fuels.  The vegetative cover in these units was shrubs and grass.","As of 6/29/07:\r\n\r\nPhoto point 9- Site is in mowstrip. Sagebrush regeneration has a mean height of 1.5' with a mix of grass 50% cheatgrass 50% native I seeded species. Grass heights are 6"" - l&$ and continuous. Good - very good horizontal continuity. Leave strips (untreated areas) have a mean shrub height of 2.5&$ with less grass component and a 70/30% native grasses/cheatgrass. Treated areas show little decadence. May be desirable to implement grazing maintenance or re-mow.\r\n\r\nPhoto point 10- Mean shrub height in treated areas is 1-1.5&$ - mostly sagebrush regeneration. Grass coverage is 60-70% with a mixture of 90% cheatgrass and 10% native/seeded species. Area is ungrazed\r\nthis season with grass heights of 6&& - 1&$. Horizontal continuity is good. Untreated strips are sagebrush/grass with mean shrub height of2&$. Light grass load compared to mow strips and mostly native/seeded species Ratio: 60/40%. Grass coverage is 20-30% in untreated areas. May be desirable to implement grazing maintenance or re-mow.",NA,Polygon,Confirmed,"Digitized by BLM field office personnel, method unknown",NA,1917.014916,1867.075584,NA,NA,Fire hazard,NA,None,NA,None,NA,"Austin, North Mt. Airy, and South Mt. Airy units.",34:48:00,00,00,2004,06,15,00,00,2004,06,15
397,1068,Seeding,Seeding,Seeding,709,1016,1530,2,2004-06-15,2004-06-15,00/00/2004,00/00/2004,estimated month and day,estimated month and day,0,Implemented,Unknown,2,Acres,1916,-1,Confirmed seed list,NA,Seeds,Confirmed on Paper,Unknown,Unknown,"There is no seed list for this treatment. However, the monitoring report lists some of the seeded species that were established in the plot.  Those species are listed here.",Reduce fire hazard in the wildland-urban interface.,Unknown,"Seeding was completed, confirmed by monitoring.","As of 6/29/07, South Mt. Airy Unit:  \r\n* shrub heights less than SWSB 08, grass coverage about right only grazed. ** shrubs not as tall as SWSB 09. Treated areas represented by PP04 show sagebrush re-generation with mean shrub height of 1.2'. Many seeded species showing\r\nestablishment after 2nd seeding - alfalfa ladak, needle and thread, Poa secunda all establishing.  Cheatgrass still present but have a lower dominance on site. Cheat grass-seeded species ratio is 60/40% respectively. Grass coverage is 50-70% and grazed with height <2"". Poa still green.  Horizontal continuity is fair. Untreated areas have mean shrub height 1.5-2&$ w/fair continuity and considerably less grass @ 20-40% coverage w/ 50/50% ratio of cheatgrass/native species.\r\nMaintenance not needed at this time.",Polygon,Confirmed,"Digitized by BLM field office personnel, method unknown",NA,1917.014916,1867.075584,NA,Unknown,Fire hazard,Reduce fire hazard in the wildland-urban interface.,None,NA,None,NA,"Austin, North Mt. Airy, and South Mt. Airy units. This treatment may have entailed creation of greenstrips.",39:50:00,00,00,2004,06,15,00,00,2004,06,15
559,1479,Vegetation/Soil Manipulation,Soil Disturbance,Soil Disturbance: Plowing,966,1031,1532,2,1962-07-08,1963-10-18,7/8/1962,10/18/1963,actual,actual,467,Implemented,Unknown,2,Acres,299,0,NA,NA,NA,NA,NA,NA,NA,Seedbed preparation,This project inclided the plowing of 1080 acres of low carrying capacity big sagebrush and seeded with crested wheatgrass.,NA,NA,Polygon,Confirmed,"Digitized by BLM field office personnel, method unknown",NA,415.6970363,227.4199462,NA,BLM and Cooperators,None,NA,None,NA,None,NA,NA,10:08:00,7,8,1962,07,08,10,18,1963,10,18
559,1480,Seeding,Drill Seeding,Ground Seeding: Drill,967,1032,1532,2,1962-07-08,1963-10-18,7/8/1962,10/18/1963,actual,actual,467,Implemented,Unknown,2,Acres,299,-1,Confirmed seed list,Barrett Canyon Mix 2,Seeds,Confirmed on Paper,NA,NA,NA,The purpose of the seeding is to improve the grazing capacity on a depleted sagebrush area and improve the surrounding reangeland due to lighter grazing and deferreduse which the developmnet of seeding will make possible.,This project inclided the plowing of 1080 acres of low carrying capacity big sagebrush and seeded with crested wheatgrass.,NA,NA,Polygon,Confirmed,"Digitized by BLM field office personnel, method unknown",NA,415.6970363,227.4199462,NA,BLM and Cooperators,Provide forage for livestock,NA,None,NA,None,NA,NA,11:38:00,7,8,1962,07,08,10,18,1963,10,18
923,2522,Vegetation/Soil Manipulation,Soil Disturbance,Soil Disturbance: Plowing,1641,1051,1533,2,1969-06-15,1970-02-03,00/00/1969,2/3/1970,estimated month and day,actual,233,Implemented,Unknown,1,Acres,3700,0,NA,NA,NA,NA,NA,NA,NA,Prepare Seed Bed,"Each designated site will be plowed twice, one plowing perpendicular to the other.  Last plowing on the contour, contour levels to be furnished by the contractor.",NA,Minimum level of efficiency: Not more than 3 brush plants remaining alive per three hundred (300) square feet within any area of five (5) acres.  A live brush plant will be considered as any plant still attached to roots in the ground.,Polygon,Confirmed,"Digitized by BLM field office personnel, method unknown",NA,3375.181439,3321.828106,NA,Contractor,None,NA,None,NA,None,NA,NA,58:21:00,00,00,1969,06,15,2,3,1970,02,03
923,2523,Seeding,Drill Seeding,Ground Seeding: Drill,1642,1052,1533,2,1969-06-15,1970-02-03,00/00/1969,2/3/1970,estimated month and day,actual,233,Implemented,None,1,Acres,3700,-1,Confirmed seed list,Big Hunk 2 Mix,Seeds,Confirmed on Paper,NA,NA,NA,NA,NA,NA,NA,Polygon,Confirmed,"Digitized by BLM field office personnel, method unknown",NA,3375.181439,3321.828106,NA,NA,None,NA,None,NA,None,NA,NA,24:05:00,00,00,1969,06,15,2,3,1970,02,03
1889,5205,Vegetation/Soil Manipulation,Soil Disturbance,Soil Disturbance: Plowing,3372,1131,1535,2,1964-08-27,1965-09-01,8/27/1964,9/1/1965,actual,actual,370,Implemented,Unknown,2,Acres,268,0,NA,NA,NA,NA,NA,NA,NA,To create a seed bed to plant crested wheatgrass.,Sagebrush range in poor condition - plowed twice and drilled to crested wheatgrass.,NA,NA,Polygon,Confirmed,"Digitized by BLM field office personnel, method unknown",NA,299.51528,299.515837,NA,NA,None,NA,None,NA,None,NA,NA,56:33:00,8,27,1964,08,27,9,1,1965,09,01
1889,5206,Seeding,Drill Seeding,Ground Seeding: Drill,3373,1132,1535,2,1964-08-27,1965-09-01,8/27/1964,9/1/1965,actual,actual,370,Implemented,Unknown,2,Acres,268,-1,Confirmed seed list,Callaghan Mix,Seeds,Confirmed on Paper,NA,NA,NA,NA,Sagebrush range in poor condition - plowed twice and drilled to crested wheatgrass.,6/20/92: The seeding is dry for this time of year but the plants seem to be surviving.,NA,Polygon,Confirmed,"Digitized by BLM field office personnel, method unknown",NA,299.51528,299.515837,NA,NA,Provide forage for livestock,NA,None,NA,None,NA,NA,57:36:00,8,27,1964,08,27,9,1,1965,09,01
3539,9949,Vegetation/Soil Manipulation,Soil Disturbance,Soil Disturbance: Plowing,6146,1261,1547,2,1966-02-02,1966-12-12,2/2/1966,12/12/1966,actual,actual,313,Implemented,None,2,Acres,1339,0,NA,NA,NA,NA,NA,NA,NA,Seedbed preparation,NA,NA,NA,Polygon,Confirmed,"Digitized by BLM field office personnel, method unknown",NA,1069.596855,1063.21118,NA,NA,None,NA,None,NA,None,NA,NA,50:58:00,2,2,1966,02,02,12,12,1966,12,12
3539,9950,Seeding,Drill Seeding,Ground Seeding: Drill,6147,1262,1547,2,1966-02-02,1966-12-12,2/2/1966,12/12/1966,actual,actual,313,Implemented,None,2,Acres,1339,-1,Confirmed seed list,Dry Canyon Mix,Seeds,Confirmed on Paper,NA,NA,NA,NA,Method of Seeding: Drilling,NA,NA,Polygon,Confirmed,"Digitized by BLM field office personnel, method unknown",NA,1069.596855,1063.21118,NA,NA,None,NA,None,NA,None,NA,NA,42:34:00,2,2,1966,02,02,12,12,1966,12,12
7259,19884,Vegetation/Soil Manipulation,Soil Disturbance,Soil Disturbance: Plowing,12577,1617,1562,2,1965-06-07,1966-04-11,6/7/1965,4/11/1966,actual,actual,308,Implemented,Unknown,2,Acres,1015,0,NA,NA,NA,NA,NA,NA,NA,NA,NA,NA,NA,Polygon,Confirmed,"Digitized by BLM field office personnel, method unknown",NA,1012.292367,1012.304086,NA,NA,None,NA,None,NA,None,NA,NA,17:33:00,6,7,1965,06,07,4,11,1966,04,11
7259,19885,Seeding,Drill Seeding,Ground Seeding: Drill,12578,1618,1562,2,1965-06-07,1966-04-11,6/7/1965,4/11/1966,actual,actual,308,Implemented,Unknown,2,Acres,1015,-1,Confirmed seed list,Marysville Mix,Seeds,Confirmed on Paper,NA,NA,NA,NA,NA,NA,NA,Polygon,Confirmed,"Digitized by BLM field office personnel, method unknown",NA,1012.292367,1012.304086,NA,NA,None,NA,None,NA,None,NA,NA,20:30:00,6,7,1965,06,07,4,11,1966,04,11
11684,31669,Vegetation/Soil Manipulation,Soil Disturbance,Soil Disturbance: Plowing,20317,2009,1577,2,1966-03-01,1966-11-05,3/1/1966,11/5/1966,actual,actual,249,Implemented,Unknown,2,Acres,662,0,NA,NA,NA,NA,NA,NA,NA,Seedbed Preparation: Plowing,NA,NA,NA,Polygon,Confirmed,"Digitized by BLM field office personnel, method unknown",NA,815.2336807,815.2194568,NA,NA,None,NA,None,NA,None,NA,NA,40:45:00,3,1,1966,03,01,11,5,1966,11,05
11684,31670,Seeding,Drill Seeding,Ground Seeding: Drill,20318,2010,1577,2,1966-03-01,1966-11-05,3/1/1966,11/5/1966,actual,actual,249,Implemented,Unknown,2,Acres,662,-1,Confirmed seed list,Tierney 3 Mix,Seeds,Confirmed on Paper,NA,NA,NA,Method of Seeding: Drilling,NA,NA,NA,Polygon,Confirmed,"Digitized by BLM field office personnel, method unknown",NA,815.2336807,815.2194568,NA,NA,None,NA,None,NA,None,NA,NA,41:13:00,3,1,1966,03,01,11,5,1966,11,05
13768,35470,Seeding,Seeding,Seeding,23765,2117,1584,2,2007-06-15,2007-06-15,00/00/2007,00/00/2007,estimated month and day,estimated month and day,0,Implemented,None,2,Acres,532,-1,Unknown seed list,Preferred Seed Mix,Seeds,Unknown Seed List Origin,NA,Species Specific,"This is the preferred seed mix of native species for broadcasting.  There are two other seed mixes in the EA, but the mix used for this treatment was not specified.",Lower severity and likelihood of wildfire by reducing fuel load.,Seed mowed area.,NA,NA,Polygon,Confirmed,"Digitized by BLM field office personnel, method unknown",NA,1278.326196,1187.57755,NA,NA,Fire hazard,NA,None,NA,None,NA,North Roads Unit. The treatment unit actions described in the EA seem to be noted differently in the project GIS information.\r\nThe project GIS information states the unit was seeded but there is no farther information to confirm the seeding.,49:45:00,00,00,2007,06,15,00,00,2007,06,15
13768,35488,Vegetation/Soil Manipulation,Vegetation Disturbance,Tree/Brush Control: Mechanical,23777,2118,1584,2,2007-06-15,2007-06-15,00/00/2007,00/00/2007,estimated month and day,estimated month and day,0,Implemented,None,2,Acres,532,0,NA,NA,NA,NA,NA,NA,NA,Lower severity and likelihood of wildfire by reducing fuel load.,Treat sagebrush fuels to a maximum width of 60' either side of roadway without leave strips.,"Overall, objectives were met.  Mowing was within parameters.  New growth was stimulated.  45-49% of sagebrush fuels were treated according to the proposed action outlined in the Yomba EA. Leave strips are a bit wide compared to the mowstrips. Mow strips were mowed a bit high but still meet the objectives. Although not needed at this time, re-treatment may be necessary sooner than other mow strips on the project. It may be desirable to widen every 3rd mowstrip by 1 pass of the mower when re-treating in order to improve\r\nthe effectiveness of Fire Defense System. Native grasses are present and growing in the mowstrips. Seeding is not recommended or needed at this time. Livestock closures are probably not needed either.",45-49% of sagebrush fuels treated,Polygon,Confirmed,"Digitized by BLM field office personnel, method unknown",NA,1278.326196,1187.57755,NA,NA,Fire hazard,NA,None,NA,None,NA,"North Roads Unit. The treatment unit actions described in the EA seem to be noted differently in the project GIS information.  2008 monitoring found that overall, mowing was within specifications.",49:45:00,00,00,2007,06,15,00,00,2007,06,15
1333,3756,Seeding,Seeding,Seeding,2413,1067,1920,2,1964-08-15,1965-06-30,8/00/1964,6/30/1965,estimated day,actual,319,Implemented,Unknown,2,Acres,3500.8,-1,Confirmed seed list,NA,Seeds,Confirmed on Paper,NA,Species Specific,NA,NA,Seed with crested wheatgrass,Unknown,Unknown,Polygon,Confirmed,"Digitized by BLM field office personnel, method unknown",NA,3500.848099,3449.911844,NA,BLM and Cooperators,Provide forage for livestock,NA,None,NA,None,NA,NA,05:01:00,8,00,1964,08,15,6,30,1965,06,30
1333,3755,Vegetation/Soil Manipulation,Soil Disturbance,Soil Disturbance: Plowing,2414,1068,1920,2,1964-08-15,1965-06-30,8/00/1964,6/30/1965,estimated day,actual,319,Implemented,Unknown,2,Acres,3449,0,Unknown seed list,NA,NA,Unknown Seed List Origin,NA,NA,NA,NA,Big sagebrush was plowed twice with a disc plow.,Unknown,Unknown,Polygon,Confirmed,"Digitized by BLM field office personnel, method unknown",NA,3500.848099,3449.911844,NA,BLM and Cooperators,"Noxious Weeds, Provide forage for livestock",NA,None,NA,None,NA,NA,06:40:00,8,00,1964,08,15,6,30,1965,06,30
3358,9392,Vegetation/Soil Manipulation,Vegetation Disturbance,Tree/Brush Control: Mechanical,5832,1257,1941,2,2002-11-15,2002-11-15,11/00/2002,11/00/2002,estimated day,estimated day,0,Implemented,None,2,Acres,5888,0,NA,NA,NA,NA,NA,NA,NA,Reduce threat of wildland fires and improve range conditions at the wildland-urban interface.,"The first treatment involves brush beating with heavy equipment to remove the dense\r\noverstory of sagebrush, which should allow native species to be more competitive with\r\ninvasive plants. The brush beating is done in multiple strips ranging from 40-50 feet wide,\r\nwith each strip separated by 50-70 feet of vegetation that has not been manipulated. The\r\nbrush was also manipulated for 50 feet on either side of roads within these grazing units","In a 2003 photo, encroachment of sage regeneration can be seen within the mowed strips of the Whistler Unit.  As of 2006, monitoring noted relatively lighter understory fuels, with limited cheat grass in strips and tufts of planted grasses present.  There was no grass evident in the Sixth Street Unit.  Blackpoint Unit- abundant new growth sage; bunch grasses are present with a high volume of cured cheat grass. This west side of the project is a high threat to the project and any fire into this area will burn readily. The untreated strips would not sustain fire spread without additional fine fuels.  As of 2007, the community of Eureka/Diamond Valley was determined to be at moderate risk of loss from a wildfire on public lands.",NA,Polygon,Confirmed,"Digitized by BLM field office personnel, method unknown",NA,5891.388258,5816.88528,NA,NA,"Fire hazard, Provide forage for livestock",This project is aimed at reducing the threat of aggressive wildland fires to the rangelands and improving range conditions.,None,NA,None,NA,"6th Street, Bailey, Blackpoint, Three Mile, and Whistler Units.  Funding was from both WUI funds and Range Betterment Funds.",51:59:00,11,00,2002,11,15,11,00,2002,11,15
3358,9393,Seeding,Drill Seeding,Ground Seeding: Drill,5833,1258,1941,2,2002-11-15,2002-11-15,11/00/2002,11/00/2002,estimated day,estimated day,0,Implemented,None,2,Acres,5888,-1,No seed list,NA,NA,NA,NA,NA,NA,Reduce threat of wildland fires and improve range conditions at the wildland-urban interface.,"For the second treatment, the brush\r\nbeaten strips are drill seeded with fire resistant seed mixes to establish perennial species. Since perennial species stay greener longer, they should provide valuable fuel breaks. These species also\r\nimprove the health of the local ecosystem.","As of 2006, monitoring noted relatively lighter understory fuels, with limited cheat grass in strips and tufts of planted grasses present.  There was no grass evident in the Sixth Street Unit.  Blackpoint Unit- abundant new growth sage; bunch grasses are present with a high volume of cured cheat grass. This west side of the project is a high threat to the project and any fire into this area will burn readily. The untreated strips would not sustain fire spread without additional fine fuels.   As of 2007, the community of Eureka/Diamond Valley was determined to be at moderate risk of loss from a wildfire on public lands.",NA,Polygon,Confirmed,"Digitized by BLM field office personnel, method unknown",NA,5891.388258,5816.88528,NA,NA,"Fire hazard, Provide forage for livestock",This project is aimed at reducing the threat of aggressive wildland fires to the rangelands and improving range conditions.,None,NA,None,NA,"6th Street, Bailey, Blackpoint, Three Mile, and Whistler Units.  Funding was from both WUI funds and Range Betterment Funds.",00:03:00,11,00,2002,11,15,11,00,2002,11,15
3358,9394,Vegetation/Soil Manipulation,Vegetation Disturbance,Tree/Brush Control: Mechanical,5834,1259,1942,2,2003-06-15,2003-06-15,00/00/2003,00/00/2003,estimated month and day,estimated month and day,0,Implemented,None,2,Acres,1279,0,NA,NA,NA,NA,NA,NA,NA,Reduce threat of wildland fires and improve range conditions at the wildland-urban interface.,"The first treatment involves brush beating with heavy equipment to remove the dense\r\noverstory of sagebrush, which should allow native species to be more competitive with\r\ninvasive plants. The brush beating is done in multiple strips ranging from 40-50 feet wide, with each strip separated by 50-70 feet of vegetation that has not been manipulated. The brush was also manipulated for 50 feet on either side of roads within these grazing units","As of 2007, the community of Eureka/Diamond Valley was determined to be at moderate risk of loss from a wildfire on public lands.",NA,Polygon,Confirmed,"Digitized by BLM field office personnel, method unknown",NA,1279.489503,1279.28116,NA,NA,"Fire hazard, Provide forage for livestock",This project is aimed at reducing the threat of aggressive wildland fires to the rangelands and improving range conditions.,None,NA,None,NA,South Diamond East and South Diamond West Units.  Funding was from both WUI funds and Range Betterment Funds.,51:48:00,00,00,2003,06,15,00,00,2003,06,15
3358,9395,Seeding,Drill Seeding,Ground Seeding: Drill,5835,1260,1942,2,2003-06-15,2003-06-15,00/00/2003,00/00/2003,estimated month and day,estimated month and day,0,Implemented,None,2,Acres,1279,-1,No seed list,NA,NA,NA,NA,NA,NA,Reduce threat of wildland fires and improve range conditions at the wildland-urban interface.,"For the second treatment, the brush\r\nbeaten strips are drill seeded with fire resistant seed mixes to establish perennial species. Since perennial species stay greener longer, they should provide valuable fuel breaks. These species also\r\nimprove the health of the local ecosystem.","As of 2007, the community of Eureka/Diamond Valley was determined to be at moderate risk of loss from a wildfire on public lands.",NA,Polygon,Confirmed,"Digitized by BLM field office personnel, method unknown",NA,1279.489503,1279.28116,NA,NA,"Fire hazard, Provide forage for livestock",This project is aimed at reducing the threat of aggressive wildland fires to the rangelands and improving range conditions.,None,NA,None,NA,South Diamond East and South Diamond West Units.  Funding was from both WUI funds and Range Betterment Funds.,59:54:00,00,00,2003,06,15,00,00,2003,06,15
4535,12697,Vegetation/Soil Manipulation,Soil Disturbance,Soil Disturbance: Plowing,7925,1319,1951,2,1964-04-20,1964-10-20,4/20/1964,10/20/1964,actual,actual,183,Implemented,Unknown,2,Acres,1584,0,NA,NA,NA,NA,NA,NA,NA,Not more than an average of one brush plant remaining alive per 100 square feet is the minimum level of efficiency of brush eradication desired.,"Sagebrush range in poor condition, was plowed twice and drilled to crested wheatgrass.",NA,NA,Polygon,Confirmed,"Digitized by BLM field office personnel, method unknown",NA,1692.772509,1692.775565,NA,Contractor,None,NA,None,NA,None,NA,NA,41:53:00,4,20,1964,04,20,10,20,1964,10,20
4535,12698,Seeding,Drill Seeding,Ground Seeding: Drill,7926,1320,1951,2,1964-04-20,1964-10-20,4/20/1964,10/20/1964,actual,actual,183,Implemented,Unknown,2,Acres,1584,-1,Confirmed seed list,Gabel Canyon Mix,Seeds,Confirmed on Paper,NA,NA,NA,NA,"Sagebrush range in poor condition, was plowed twice and drilled to crested wheatgrass.",NA,NA,Polygon,Confirmed,"Digitized by BLM field office personnel, method unknown",NA,1692.772509,1692.775565,NA,Contractor,Provide forage for livestock,NA,None,NA,None,NA,NA,45:27:00,4,20,1964,04,20,10,20,1964,10,20
8237,22557,Vegetation/Soil Manipulation,Vegetation Disturbance,Vegetation Disturbance: Mowing,14369,1723,2026,2,2006-10-10,2006-12-14,10/10/2006,12/14/2006,actual,actual,65,Implemented,None,2,Acres,1168,0,NA,NA,NA,NA,NA,NA,NA,"\u2022Reduce pinyon, juniper and sagebrush cover on sagebrush and mountain shrub ecological sites in order to (1) improve the overall vegetative composition within the ecological site potential; (2) promote the recovery and establishment of perennial grass and forb species; (3) improve the health, vigor and production of antelope bitterbrush communities and (4) improve the age-class distribution of even-aged sagebrush stands\r\n\u2022 Improve the available habitat for neighboring sage grouse, mule deer and elk populations\r\n\u2022 Reduce the risk of large catastrophic wild fires by reducing fuel loading and continuity within the North Spring Valley Watershed and meet FRCC I\r\n\u2022 Restore the historic disturbance regime within the project area","Mechanical treatments such as mowing or hand cutting in areas containing insufficient levels of understory fuels, young pinyon and juniper establishment and decadent, even-aged stands of sagebrush.  Mowing would be conducted with a brush mower pulled by a rubber-wheeled tractor.  Mowing or other mechanical treatments would be conducted in a mosaic fashion by\r\nmowing strips and incorporating irregular (not straight) boundary lines.",NA,NA,Polygon,Confirmed,"Digitized by BLM field office personnel, method unknown",9/21/2010,1169.843555,1169.503451,NA,NA,"Threatened Species, Noxious Weeds","Suitable pygmy rabbit (Brachylagus idahoensis) habitat would be surveyed prior to conducting ground disturbing activities. Ignition and mowing pattern designs that would minimize impact to any occupied pygmy rabbit habitat would be incorporated.\r\n\r\nThe Ely Field Office Noxious Weed Prevention Schedule would be adhered to during all phases of\r\nproject implementation. Mitigation measures identified in the Weed Risk Assessment (Appendix 8.1) would be implemented as part of the proposed action. If possible, ignition strategies would attempt to create a 50 foot buffer of unburned vegetation from roadsides to mitigate possible noxious weed establishment from vehicular travel.",None,NA,None,NA,This treatment was marked as implemented due to the dates listed in the attribute table of the shapefile.  There is no other documentation to show the treatment was completed.,23:14:00,10,10,2006,10,10,12,14,2006,12,14
8237,22558,Seeding,Drill Seeding,Ground Seeding: Drill,14370,1724,2026,2,2006-10-10,2006-12-14,10/10/2006,12/14/2006,actual,actual,65,Implemented,None,2,Acres,1168,-1,Planned seed list,North Spring Valley Mix 2006,Seeds,Plan,NA,NA,NA,"\u2022Reduce pinyon, juniper and sagebrush cover on sagebrush and mountain shrub ecological sites in order to (1) improve the overall vegetative composition within the ecological site potential; (2) promote the recovery and establishment of perennial grass and forb species; (3) improve the health, vigor and production of antelope bitterbrush communities and (4) improve the age-class distribution of even-aged sagebrush stands\r\n\u2022 Improve the available habitat for neighboring sage grouse, mule deer and elk populations\r\n\u2022 Reduce the risk of large catastrophic wild fires by reducing fuel loading and continuity within the North Spring Valley Watershed and meet FRCC I\r\n\u2022 Restore the historic disturbance regime within the project area","Reseeding through aerial or drill methods with desirable, perennial species in areas with minimal to no understory vegetative species and limited seed source; aerial seed in areas with trees and drill seed in areas with minimal or no trees",NA,NA,Polygon,Confirmed,"Digitized by BLM field office personnel, method unknown",9/21/2010,1169.843555,1169.503451,NA,NA,"Threatened Species, Noxious Weeds","Suitable pygmy rabbit (Brachylagus idahoensis) habitat would be surveyed prior to conducting ground disturbing activities. Ignition and mowing pattern designs that would minimize impact to any occupied pygmy rabbit habitat would be incorporated.\r\n\r\nThe Ely Field Office Noxious Weed Prevention Schedule would be adhered to during all phases of\r\nproject implementation. Mitigation measures identified in the Weed Risk Assessment (Appendix 8.1) would be implemented as part of the proposed action. If possible, ignition strategies would attempt to create a 50 foot buffer of unburned vegetation from roadsides to mitigate possible noxious weed establishment from vehicular travel.",None,NA,None,NA,This treatment was marked as implemented due to the dates listed in the attribute table of the shapefile.  There is no other documentation to show the treatment was completed.,25:56:00,10,10,2006,10,10,12,14,2006,12,14
9640,26179,Vegetation/Soil Manipulation,Soil Disturbance,Soil Disturbance: Plowing,16713,1831,2044,2,1955-10-28,1956-09-18,10/28/1955,9/18/1956,actual,actual,326,Implemented,Unknown,2,Acres,3400,0,NA,NA,NA,NA,NA,NA,NA,Seedbed preparation,"A carryover project from FY 52 & 53 seedbed has already been prepared, fence nearly built and 14400 lbs. crested wheatgrass delivered to project.  Approximately 200 acres was seeded by cooperator fall of 52.  Balance of approximately 2200 acres will be seeded by contract fall of 53 from FY 54 funds.",NA,NA,Polygon,Confirmed,"Digitized by BLM field office personnel, method unknown",NA,4089.019408,4086.652985,NA,BLM and Cooperators,Noxious Weeds,To control and prevent the spread of halogeton in a highly susceptible area.,None,NA,None,NA,NA,40:13:00,10,28,1955,10,28,9,18,1956,09,18
9640,26180,Seeding,Drill Seeding,Ground Seeding: Drill,16714,1832,2044,2,1955-10-28,1956-09-18,10/28/1955,9/18/1956,actual,actual,326,Implemented,Unknown,2,Acres,3400,-1,Planned seed list,Roberts 2 Drill Mix,Seeds,Plan,Unknown,Unknown,"The seed mix did not indicate whether bulk or PLS rates were used, therefore, unknown has been listed and all seed mix information has been entered into the Bulk category.",Seeding by drilling,"A carryover project from FY 52 & 53 seedbed has already been prepared, fence nearly built and 14400 lbs. crested wheatgrass delivered to project.  Approximately 200 acres was seeded by cooperator fall of 52.  Balance of approximately 2200 acres will be seeded by contract fall of 53 from FY 54 funds.",9/15/94: Drought conditions are evident with the vigor of the plants being low.  Frequency of plants is good.  Its on an old seeding and sagebrush has become established well.,NA,Polygon,Confirmed,"Digitized by BLM field office personnel, method unknown",NA,4089.019408,4086.652985,NA,Contractor,Noxious Weeds,To control and prevent the spread of halogeton in a highly susceptible area.,None,NA,None,NA,NA,40:27:00,10,28,1955,10,28,9,18,1956,09,18
9936,26996,Vegetation/Soil Manipulation,Soil Disturbance,Soil Disturbance: Chaining,17257,1863,2050,2,1996-09-15,1996-11-15,9/00/1996,11/00/1996,estimated day,estimated day,61,Implemented,None,2,Acres,440,0,NA,NA,NA,NA,NA,NA,NA,NA,NA,NA,NA,Polygon,Confirmed,"Digitized by BLM field office personnel, method unknown",NA,217.0787708,216.9711685,NA,NA,None,NA,None,NA,None,NA,NA,35:16:00,9,00,1996,09,15,11,00,1996,11,15
9936,26997,Seeding,Seeding,Seeding,17258,1864,2050,2,1996-09-15,1996-11-15,9/00/1996,11/00/1996,estimated day,estimated day,61,Implemented,None,2,Acres,440,-1,Unknown seed list,Seed Mix,Seeds,Unknown Seed List Origin,NA,Unknown,It is not specified which seeds they used for which seeding.,NA,NA,NA,NA,Polygon,Confirmed,"Digitized by BLM field office personnel, method unknown",00/00/0000,217.0787708,216.9711685,NA,NA,None,NA,None,NA,None,NA,NA,37:48:00,9,00,1996,09,15,11,00,1996,11,15
12420,33491,Vegetation/Soil Manipulation,Soil Disturbance,Soil Disturbance: Plowing,21561,2043,2082,2,1966-07-01,1966-10-01,7/1/1966,10/1/1966,actual,actual,92,Implemented,None,2,Acres,2020,0,NA,NA,NA,NA,NA,NA,NA,NA,Seedbed preparation:  Plowing,NA,NA,Polygon,Confirmed,"Digitized by BLM field office personnel, method unknown",NA,2122.96069,2120.291936,NA,BLM and Cooperators,None,NA,None,NA,None,NA,NA,33:00:00,7,1,1966,07,01,10,1,1966,10,01
12420,33492,Seeding,Drill Seeding,Ground Seeding: Drill,21562,2044,2082,2,1966-07-01,1966-10-01,7/1/1966,10/1/1966,actual,actual,92,Implemented,None,2,Acres,2020,-1,Confirmed seed list,Ward Seeding Mix,Seeds,Confirmed on Paper,NA,NA,NA,NA,Method of seeding:  Drilling,NA,NA,Polygon,Confirmed,"Digitized by BLM field office personnel, method unknown",NA,2122.96069,2120.291936,NA,BLM and Cooperators,None,NA,None,NA,None,NA,Seed Data:  Purity 91.8; Germ. 84\r\nSeed cost acre:  $1.88,33:00:00,7,1,1966,07,01,10,1,1966,10,01
12483,33646,Seeding,Seeding,Seeding,21645,2053,2087,2,1971-03-25,1971-12-07,3/25/1971,12/7/1971,actual,actual,257,Implemented,Unknown,1,Acres,616,-1,Confirmed seed list,"Weaver Creek, NV",Seeds,Confirmed on Paper,Unknown,Unknown,"This treatment was from a shapefile attribute table, there is no mention of a mix or application method.","Presently, the area is in a slight to moderately eroded condition.  As the pinyon-juniper encroaches, effective ground cover will be reduced and erosion will furhter deteriorate the stie.  The area has the capacity to produce approximately 1100 lb of air dry vegetation per acre.\r\nLand treatment (chaining and seeding) on this site should be highly successful.  It is recommended that the northwest facing slopes should be undisturbed.  These slopes are in good consition and provide deer forage (mountain mahogany and bitterbrush).  Also, this breaks up the landscape and provides islands of trees within the treatment area.",See intial planning document.,Reported 12/7/1971 - Approx 600 acres seeded with this mixture.,Unknown,Polygon,Confirmed,"Digitized by BLM field office personnel, method unknown",1/1/1900 0:00,545.7014567,545.7014567,NA,NA,"Erosion, Loss of vegetation","Presently, the area is in a slight to moderately eroded condition.  As the pinyon-juniper encroaches, effective ground cover will be reduced and erosion will furhter deteriorate the stie.  The area has the capacity to produce approximately 1100 lb of air dry vegetation per acre.",None,NA,None,NA,NA,24:18:00,3,25,1971,03,25,12,7,1971,12,07
12483,33647,Vegetation/Soil Manipulation,Soil Disturbance,Soil Disturbance: Chaining,21646,2054,2087,2,1970-11-01,1971-12-07,11/1/1970,12/7/1971,actual,actual,401,Implemented,Unknown,1,Acres,616,0,NA,NA,NA,NA,NA,NA,NA,"The proposed chaining will consiste of 500-600 acres in parts of sec. 3, 4, 9 and 10 of R 68 E, T 14 N and parts of sec. 33 and 34 of R 68 E, T 15 N.  The chaining is planned to be in a broken pattern with 50-60% chained area and 40-50% leave strips.\r\nThe chaining will be on the Bakerr Ranch allottment and be part of a three pasture rest rotation system.  This rest rotation system will encompass some land that is adminsitered by the US Forest Service.  The chaining will all be on BLM land.",The chaining is planned to be in a broken pattern with 50-60% chained area and 40-50% leave strips.\r\n\r\nTwo way chaining,Photos dated 1970 show chaining implemented. \r\n Reported 12/7/2017 - Approx 600 acres was chained,Unknown,Polygon,Confirmed,"Digitized by BLM field office personnel, method unknown",1/1/1900 0:00,545.7014567,545.7014567,NA,NA,"Loss of vegetation, Habitat for sage grouse","There is some bitterbrush in the area and a considerable amount of mahogany in the upper portion of the area.  There is a fair amoung of mahoangy reproduction in the higher portion. \r\nPellet gouprs and tracks indicate little deer use on the lower portion of the area.  Deer use increases on the upper portion but no deer were observed and no fresh tracks were seen on March 24th.  \r\nA meadow is locatoin in Sec. 15 of R 68 E, T 14 N.  It looks like it may be a summer sage grouse habitat.  The south side of Weaver Creek in Sec. 11, 14, and 15 is short sage and a possible strutting ground area.  Both of these areas are outside the proposed chaining area.\r\nThe lostt of mahogany and bitterbrush caused by chaining will be more then compenstated for by the broken chaining pattern and variety in seeding.  The possible sage grouse area should not be affected by the project.",None,NA,None,NA,NA,24:19:00,11,1,1970,11,01,12,7,1971,12,07
12932,34823,Vegetation/Soil Manipulation,Soil Disturbance,Soil Disturbance: Plowing,22461,2087,2095,2,1960-12-19,1960-12-31,12/19/1960,12/31/1960,actual,actual,12,Implemented,Partially Successful,2,Acres,2100,0,NA,NA,NA,NA,NA,NA,NA,NA,2100 acres were plowed and seeded to crested wheatgrass.,Increased grazing capacity 400%.  A total of 760 acres needed reseeding as of a 1963 inspection.,NA,Polygon,Confirmed,"Digitized by BLM field office personnel, method unknown",9/1/2010,2157.785777,2157.572997,NA,BLM and Cooperators,Provide forage for livestock,NA,None,NA,None,NA,NA,34:49:00,12,19,1960,12,19,12,31,1960,12,31
12932,34824,Seeding,Seeding,Seeding,22462,2088,2095,2,1960-12-19,1960-12-31,12/19/1960,12/31/1960,actual,actual,12,Implemented,Partially Successful,2,Acres,2100,-1,Confirmed seed list,NA,Seeds,Confirmed on Paper,NA,Species Specific,Some of the project area may have been seeded with Siberian wheatgrass.  See treatment notes.,NA,2100 acres were plowed and seeded to crested wheatgrass.,Increased grazing capacity 400%.  A total of 760 acres needed reseeding as of a 1963 inspection.,NA,Polygon,Confirmed,"Digitized by BLM field office personnel, method unknown",9/1/2010,2157.785777,2157.572997,NA,BLM and Cooperators,Provide forage for livestock,NA,None,NA,None,NA,The 1963 Inspection Report states: \r\n\r\n about 100 acres of Siberian wheatgrass should be observed annually.  This is the NW corner of the west area.  \r\n\r\n\r\nThe Project Completion Report says only crested wheatgrass was seeded.,38:10:00,12,19,1960,12,19,12,31,1960,12,31
12932,34828,Seeding,Drill Seeding,Ground Seeding: Drill,22465,2091,2097,2,1961-10-02,1962-04-27,10/2/1961,4/27/1962,actual,actual,207,Implemented,None,2,Acres,3369,-1,Confirmed seed list,Willow Creek Seeding Extension 1961,Seeds,Confirmed on Paper,NA,Species Specific,An additional 139 acres was added to the contract and was seeded with Siberian wheatgrass.,NA,This is a standard crested wheatgrass seeding.  The middle pasture and several outside rounds in the north pasture were seeded in the fall of 1961.  The balance of the north pasture and all of the south pasture were seeded in the spring of 1962.  An additional 139 acres was added to the contract and was seeded with Siberian wheatgrass.,NA,NA,Polygon,Confirmed,"Digitized by BLM field office personnel, method unknown",NA,3344.387437,3344.124698,NA,BLM and Cooperators,None,NA,None,NA,None,NA,NA,35:55:00,10,2,1961,10,02,4,27,1962,04,27
12932,34829,Vegetation/Soil Manipulation,Soil Disturbance,Soil Disturbance: Plowing,22466,2092,2097,2,1961-10-02,1962-04-27,10/2/1961,4/27/1962,actual,actual,207,Implemented,None,2,Acres,3369,0,NA,NA,NA,NA,NA,NA,NA,"Plow and seed approximately 3,000 acres of sagebrush rangeland to crested wheatgrass.",The range user's contribution was in the plowing contract which was in his own name.  Mr. Don Shields was the plowing contractor.,NA,NA,Polygon,Confirmed,"Digitized by BLM field office personnel, method unknown",NA,3344.387437,3344.124698,NA,BLM and Cooperators,None,NA,None,NA,None,NA,NA,35:55:00,10,2,1961,10,02,4,27,1962,04,27
7608,20775,Vegetation/Soil Manipulation,Soil Disturbance,Soil Disturbance: Plowing,13187,3367,2236,3,1957-08-05,1957-10-25,8/5/1957,10/25/1957,actual,actual,81,Implemented,Unknown,2,Acres,1000,0,NA,NA,NA,NA,NA,NA,NA,To prepare the seedbed for seeding.,1000 acres of very low carrying capacity sagebrush bench plowed and planted to crested wheat.,NA,NA,Polygon,Confirmed,"Digitized by BLM field office personnel, method unknown",NA,1344.321893,1340.033069,NA,Contractor,None,NA,None,NA,None,NA,NA,38:52:00,8,5,1957,08,05,10,25,1957,10,25
7608,20776,Seeding,Drill Seeding,Ground Seeding: Drill,13188,3368,2236,3,1957-08-05,1957-10-25,8/5/1957,10/25/1957,actual,actual,81,Implemented,Failure,2,Acres,1000,-1,Planned seed list,Minoletti Drill Mix,Seeds,Plan,Unknown,Unknown,"The seeding rate was supposed to be 6 lbs./acre, but there was some difficulty with the contractor and part of the seeding had to be re-done, so the actual amount of seed used is unclear.","The purpose of the seeding is to improve the soil condition, establish a good stand of grass in a badly depleted area and help restore the surrounding federal range.",The 1000 acres of very low carrying capacity sagebrush bench plowed and planted to crested wheat by the contractor named Mr. J. E. Johnson.,12/13/61: Drought year and invasion of annuals.,NA,Polygon,Confirmed,"Digitized by BLM field office personnel, method unknown",NA,1344.321893,1340.033069,NA,Contractor,Provide forage for livestock,NA,None,NA,None,NA,NA,40:29:00,8,5,1957,08,05,10,25,1957,10,25
10938,29588,Seeding,Aerial Seeding,Aerial Seeding,18996,3589,2266,3,2009-01-15,2009-03-15,1/15/2009,3/15/2009,actual,actual,59,Implemented,None,2,Acres,3103,-1,Confirmed seed list,South Spring Valley Mix,Seeds,Confirmed on Paper,NA,NA,NA,"\u2022 Reduce pinyon and juniper establishment on sagebrush ecological sites in order to\r\nimprove the overall vegetative composition within the ecological site potential and\r\nimprove the health, vigor and production of perennial grass, forb and shrub species\r\n\r\n\u2022 Improve the available habitat for neighboring sage grouse, mule deer and elk populations\r\n\r\n\u2022 Reduce the risk of large, uncontrolled wild fires by reducing fuel loading and continuity\r\nwithin the South Spring Valley watershed and meet FRCC 1\r\n\r\n\u2022 Restore the historic disturbance regime within the project area","Seeding of the project usually occurs after the one-way chaining of the project area.\r\nSeeding would be conducted on the treated sites during the fall or early winter months, preferably prior to snow fall.  Seeding would occur through aerial application on the chaining treatment area.",NA,NA,Polygon,Confirmed,"Digitized by BLM field office personnel, method unknown",NA,3103.545756,3102.107607,NA,NA,None,NA,None,NA,None,NA,NA,32:12:00,1,15,2009,01,15,3,15,2009,03,15
24980,70478,Vegetation/Soil Manipulation,Soil Disturbance,Soil Disturbance: Chaining,44312,3982,2307,3,2015-12-03,2016-01-03,12/3/2015,1/3/2016,actual,actual,31,Implemented,Unknown,2,Acres,2275.72,0,No seed list,NA,NA,NA,NA,NA,NA,habitat improvement in South Steptoe Valley,"2-way chain south Steptoe units 4-6 (2,150 to 2,306 acres of pinyon and juniper on public lands near Ely, Nevada).",Chaining of units completed. Implementation verified by GIS attribute table.,unknown,Polygon,Confirmed,"Digitized by BLM field office personnel, method unknown",NA,2275.72,2275.72,NA,Contractor,"Brush control, Establishment of seeded species, Forest health",habitat improvement in South Steptoe Valley,NA,NA,NA,NA,HLI funded 1500 acres. Fuels funded 800 acres.\r\nEstimated cost based off actual acreage multiplied by $72.20/ac listed in contract.,55:29:00,12,3,2015,12,03,1,3,2016,01,03
24980,70495,Seeding,Ground Seeding,Ground Seeding: Dribble,44313,3983,2307,3,2015-12-03,2016-01-03,12/3/2015,1/3/2016,actual,actual,31,Implemented,Unknown,1,Acres,2275.72,-1,Confirmed seed list,South Steptoe Bitterbrush,Seeds,Confirmed on Paper,Unknown,Overall,bulk lbs. is estimated based on the 1LB/Acre dispersal rate listed in contract diary,habitat improvement in South Steptoe Valley,seed bitterbrush through dribbler at 1LB/Acre throughout south Steptoe units 4-6 while back chaining,seeding completed; had to use two trash cans with holes in the bottom attached to each dozer to disperse seed instead of dribblers. Implementation verified by GIS attribute table. Documentation (contract diary) is unclear if all three units were dribble seeded.,unknown,Polygon,Confirmed,"Digitized by BLM field office personnel, method unknown",NA,2275.72,2275.72,NA,Contractor,"Brush control, Establishment of seeded species, Forest health",habitat improvement in South Steptoe Valley,Mechanical problems during seed application,Used two trash cans with holes in the bottom attached to each dozer to disperse seed instead of dribblers. This led to inconsistent dispersal of seed.,NA,NA,NA,06:49:00,12,3,2015,12,03,1,3,2016,01,03
5664,15661,Vegetation/Soil Manipulation,Soil Disturbance,Soil Disturbance: Plowing,9865,6085,2478,2,1972-06-15,1972-04-15,00/00/1972,4/00/1972,estimated month and day,estimated day,-61,Implemented,None,2,Acres,1220,0,NA,NA,NA,NA,NA,NA,NA,NA,NA,"Seedbed was prepared by root plowing to a depth of 12-16"". Risers were required on the blade to create a furrowed effect.",NA,Polygon,Confirmed,Digitized by LTDL data entry personnel using a confirmed map,2/11/2016,1209.488347,1208.734039,NA,Contractor,"Erosion, Forage for livestock, Rangeland health","Seeding will increase ground cover from 11% to 25%, and will reduce sheet erosion by wind and water, and gully erosion.",None,NA,None,NA,"This treatment was conducted by a contractor, but the contract number is illegible.",50:44:00,00,00,1972,06,15,4,00,1972,04,15
5664,15662,Seeding,Aerial Seeding,Aerial Seeding,9866,6086,2478,2,1972-06-15,1972-04-15,00/00/1972,4/00/1972,estimated month and day,estimated day,-61,Implemented,None,2,Acres,1220,-1,Confirmed seed list,NA,Seeds,Confirmed on Paper,Unknown,Species Specific,NA,NA,NA,Seeded by air-Lehmans Lovegrass at 3/4lbs# and 1/2# blue panic per acre.,NA,Polygon,Confirmed,Digitized by LTDL data entry personnel using a confirmed map,2/11/2016,1209.488347,1208.734039,NA,Contractor,"Erosion, Forage for livestock, Rangeland health","Seeding will increase ground cover from 11% to 25%, and will reduce sheet erosion by wind and water, and gully erosion.",None,NA,None,NA,NA,50:55:00,00,00,1972,06,15,4,00,1972,04,15
9910,26905,Vegetation/Soil Manipulation,Soil Disturbance,Soil Disturbance: Plowing,17199,6091,2480,2,1967-02-01,1967-06-29,2/1/1967,6/29/1967,actual,actual,148,Implemented,None,2,Acres,1640,0,NA,NA,NA,NA,NA,NA,NA,NA,NA,The seedbed was prepared by root plowing to a depth of from 12 to 16 inches. Plowing was on the contour aided by using Cherokee-scout contour levels.,NA,Polygon,Confirmed,Digitized by LTDL data entry personnel using a confirmed map,2/10/2016,1892.918793,1892.920033,NA,NA,Rangeland health,NA,None,NA,None,Very dusty all during plowing operations.,NA,47:26:00,2,1,1967,02,01,6,29,1967,06,29
9910,26906,Seeding,Aerial Seeding,Aerial Seeding,17200,6092,2480,2,1967-02-01,1967-06-29,2/1/1967,6/29/1967,actual,actual,148,Implemented,None,2,Acres,1640,-1,Confirmed seed list,NA,Seeds,Confirmed on Paper,Unknown,Species Specific,NA,NA,NA,"Seeding was done by aerial broadcast of 3/4 lb. Lehmann's lovegrass, 1lb. Of Blue Panic, and 3/4 lb. Bermuda grass per acre. Seed deposition was checked by use of 60&$ strip of wrapping paper and moved with the swath.",NA,Polygon,Confirmed,Digitized by LTDL data entry personnel using a confirmed map,2/10/2016,1892.918793,1892.920033,NA,NA,Rangeland health,NA,None,NA,None,NA,NA,47:26:00,2,1,1967,02,01,6,29,1967,06,29
10099,27434,Seeding,Aerial Seeding,Aerial Seeding,17553,6095,2481,2,1963-03-01,1963-07-12,3/1/1963,7/12/1963,actual,actual,133,Implemented,None,2,Acres,274,-1,Confirmed seed list,NA,Seeds,Confirmed on Paper,Unknown,Overall,"There was only a general rate listed for all species combined indicated here, specific rates for each species were not possible. \r\nBlue panic, Giant Bermuda, and common Bermuda were seeded at a rate of 1/5-2lbs per acre. These seeded species are not in our seed list.",NA,NA,"A mixture of blue panic, giant Bermuda, and common Bermuda was flown on to the area at a rate of 1 1/2 - 2 pounds per acre.",NA,Polygon,Confirmed,Digitized by LTDL data entry personnel using a confirmed map,4/30/2013,458.8025069,458.8028726,NA,NA,Unknown,Mesquite and salt cedar in the flood plain above the San Simon Fan Structure will\r\nbe treated with a tractor and root knife .,None,NA,None,NA,NA,53:46:00,3,1,1963,03,01,7,12,1963,07,12
10099,27435,Vegetation/Soil Manipulation,Soil Disturbance,Soil Disturbance: Plowing,17554,6096,2481,2,1963-03-01,1963-07-12,3/1/1963,7/12/1963,actual,actual,133,Implemented,None,2,Acres,332,0,NA,NA,NA,NA,NA,NA,NA,NA,NA,"The area was root plowed to a depth of 18"" which cut out the auxiliary buds of the mesquite and salt cedar.",NA,Polygon,Confirmed,Digitized by LTDL data entry personnel using a confirmed map,4/30/2013,458.8025069,458.8028726,NA,NA,Unknown,Mesquite and salt cedar in the flood plain above the San Simon Fan Structure will\r\nbe treated with a tractor and root knife .,None,NA,None,NA,NA,54:42:00,3,1,1963,03,01,7,12,1963,07,12
15284,39162,Vegetation/Soil Manipulation,Soil Disturbance,Soil Disturbance: Ripping,25211,6587,2892,2,1964-03-12,1964-05-30,3/12/1964,5/30/1964,actual,actual,79,Implemented,Unknown,2,Acres,23,0,No seed list,NA,NA,NA,NA,NA,NA,NA,NA,NA,NA,Polygon,Confirmed,Digitized by LTDL data entry personnel using a confirmed map,1/1/1900 0:00,74.39203504,74.39203504,NA,BLM,Other (see related notes),"Approximately 23 acres were ripped with a Jayhawk Ripper to a depth of around 28"".\r\nThe ripped furrows were on a contour and alternately spaced 14' and 7' apart\r\nhorizontally. This area will be fenced and the various benefits of this ripping\r\nwill be studied.",NA,NA,NA,NA,NA,45:20:00,3,12,1964,03,12,5,30,1964,05,30
15284,39163,Seeding,Seeding,Seeding,25212,6588,2892,2,1964-03-12,1964-05-30,3/12/1964,5/30/1964,actual,actual,79,Implemented,Unknown,2,Acres,23,-1,Confirmed seed list,Espiritu,Seeds,Confirmed on Paper,Unknown,Overall,"There was only a general rate listed for all species combined indicated here, specific rates for each species were not possible.",NA,NA,NA,NA,Polygon,Confirmed,Digitized by LTDL data entry personnel using a confirmed map,1/1/1900 0:00,74.39203504,74.39203504,NA,BLM,Other (see related notes),"Approximately 23 acres were ripped with a Jayhawk Ripper to a depth of around 28"".\r\nThe ripped furrows were on a contour and alternately spaced 14' and 7' apart\r\nhorizontally. This area will be fenced and the various benefits of this ripping\r\nwill be studied.",NA,NA,NA,NA,NA,46:23:00,3,12,1964,03,12,5,30,1964,05,30
540,1425,Seeding,Aerial Seeding,Aerial Seeding,933,1025,3079,2,1998-10-01,1999-03-31,10/1/1998,3/31/1999,actual,actual,181,Implemented,Unknown,1,Acres,1125,-1,Planned seed list,Barn Fire Aerial Seed Mix,Seeds,Plan,Unknown,Species Specific,"The seed mix did not indicate whether bulk or PLS rates were used, therefore, unknown has been listed and all seed mix information has been entered into the Bulk category.","After inspecting several past and recent wildfire sites in the area that were not rehabilitated (or seeded), it is anticipated that the primary vegetation that would re-establish in the burn site is cheatgrass and some curly grass.  In addition to the invasion of cheatgrass into the burn site, areas of scotch thistle were found along roads in the area and would likely invade.  Providing ground cover composed of both native and introduced perennial species would likely reduce the change of future fire events and also protect and stabilize the soils.",The proposed action would be to rehabilitate approximately 1125 acres of public land that burned as a result of the Barn wildfire.  All of the 1125 acres would be aerially seeded with the exception of bitterbrush seed which would need to be covered for proper seeding establishment.,Field office GIS information indicates that the seeding did occur and was fully implemented.,NA,Polygon,Confirmed,"Digitized by BLM field office personnel, method unknown",NA,1165.438347,1150.401501,NA,NA,"Fire hazard, Erosion, Loss of Perennials, Invasion by Cheatgrass, Invasion by non-native annuals","After inspecting several past and recent wildfire sites in the area that were not rehabilitated (or seeded), it is anticipated that the primary vegetation that would re-establish in the burn site is cheatgrass and some curly grass.  In addition to the invasion of cheatgrass into the burn site, areas of scotch thistle were found along roads in the area and would likely invade.  Providing ground cover composed of both native and introduced perennial species would likely reduce the change of future fire events and also protect and stabilize the soils.",None,NA,None,NA,NA,59:53:00,10,1,1998,10,01,3,31,1999,03,31
540,1426,Vegetation/Soil Manipulation,Soil Disturbance,Soil Disturbance: Chaining,934,1026,3079,2,1998-10-01,1999-03-31,10/1/1998,3/31/1999,actual,actual,181,Implemented,Unknown,1,Acres,814,0,NA,NA,NA,NA,NA,NA,NA,"After inspecting several past and recent wildfire sites in the area that were not rehabilitated (or seeded), it is anticipated that the primary vegetation that would re-establish in the burn site is cheatgrass and some curly grass.  In addition to the invasion of cheatgrass into the burn site, areas of scotch thistle were found along roads in the area and would likely invade.  Providing ground cover composed of both native and introduced perennial species would likely reduce the change of future fire events and also protect and stabilize the soils.",A total of 814 acres from the previously mentioned aerial seeding site would be chained to cover the seeded species.  A dribbler attached to the caterpillar tractor (used to pull the chain) would apply the bitterbrush seed.,Provided field office GIS information indicates that the chaining did occur.,NA,Polygon,Confirmed,"Digitized by BLM field office personnel, method unknown",NA,803.0378505,795.7122194,NA,NA,"Fire hazard, Erosion, Loss of Perennials, Invasion by Cheatgrass, Invasion by non-native annuals","After inspecting several past and recent wildfire sites in the area that were not rehabilitated (or seeded), it is anticipated that the primary vegetation that would re-establish in the burn site is cheatgrass and some curly grass.  In addition to the invasion of cheatgrass into the burn site, areas of scotch thistle were found along roads in the area and would likely invade.  Providing ground cover composed of both native and introduced perennial species would likely reduce the change of future fire events and also protect and stabilize the soils.",None,NA,None,NA,NA,07:50:00,10,1,1998,10,01,3,31,1999,03,31
1739,4840,Vegetation/Soil Manipulation,Soil Disturbance,Soil Disturbance: Chaining,3152,1123,3091,2,1964-03-21,1965-02-24,3/21/1964,2/24/1965,actual,actual,340,Implemented,None,2,Acres,125,0,NA,NA,NA,NA,NA,NA,NA,NA,NA,Area was chained and windrowed into piles.,NA,Polygon,Confirmed,"Digitized by BLM field office personnel, method unknown",NA,522.0902257,521.2596366,NA,NA,"Invasion by non-native annuals, Noxious Weeds, Rangeland health",Project was completed to eliminate undesirable brush competition and reeseed.,None,NA,None,NA,NA,38:29:00,3,21,1964,03,21,2,24,1965,02,24
1739,4841,Seeding,Drill Seeding,Ground Seeding: Drill,3153,1124,3091,2,1964-03-21,1965-02-24,3/21/1964,2/24/1965,actual,actual,340,Implemented,None,2,Acres,125,-1,Confirmed seed list,NA,Seeds,Confirmed on Paper,Unknown,Overall,"There was only a general rate listed for all species combined indicated here, specific rates for each species were not possible.",NA,NA,Seed was drilled with a rangeland drill into the cleared areas within the enclosed area.,NA,Polygon,Confirmed,"Digitized by BLM field office personnel, method unknown",NA,522.0902257,521.2596366,NA,NA,"Invasion by non-native annuals, Noxious Weeds, Rangeland health",Project was completed to eliminate undesirable brush competition and reeseed.,None,NA,None,NA,NA,38:29:00,3,21,1964,03,21,2,24,1965,02,24
2174,5953,Vegetation/Soil Manipulation,Soil Disturbance,Soil Disturbance: Chaining,3817,1157,3094,2,1966-09-10,1967-01-27,9/10/1966,1/27/1967,actual,actual,139,Implemented,None,2,Acres,1960,0,NA,NA,NA,NA,NA,NA,NA,To improve the watershed and check severe erosion in\r\na frail land area. The project will also provide feed for wildlife\r\nand livestock .,Approximately 1900 acres of pinon-juniper land will be chained and seeded.,Approximately 1960 acres of Pinyon-juniper land was chained and seeded.,NA,Polygon,Confirmed,Digitized by LTDL data entry personnel using a confirmed map,2/19/2015,2098.285912,2055.521993,NA,NA,"Forage for livestock, Forage for wildlife, Forage quality, Erosion, Watershed degradation, Watershed health",Approximately 1900 acres of pinon-juniper land will be chained and\r\nseeded in order to improve the watershed and check severe erosion in\r\na frail land area. The project will also provide feed for wildlife\r\nand livestock .,None,NA,None,NA,NA,29:34:00,9,10,1966,09,10,1,27,1967,01,27
2174,5954,Seeding,Aerial Seeding,Aerial Seeding,3818,1158,3094,2,1966-09-10,1967-01-27,9/10/1966,1/27/1967,actual,actual,139,Implemented,None,2,Acres,1960,-1,Confirmed seed list,Seed List,Seeds,Confirmed on Paper,Unknown,Species Specific,NA,To improve the watershed and check severe erosion in\r\na frail land area. The project will also provide feed for wildlife\r\nand livestock .,Approximately 1900 acres of pinon-juniper land will be chained and seeded.,Approximately 1960 acres of Pinyon-juniper land was chained and seeded.,NA,Polygon,Confirmed,Digitized by LTDL data entry personnel using a confirmed map,2/19/2015,2098.285912,2055.521993,NA,NA,"Forage for livestock, Forage for wildlife, Forage quality, Erosion, Watershed degradation, Watershed health",Approximately 1900 acres of pinon-juniper land will be chained and\r\nseeded in order to improve the watershed and check severe erosion in\r\na frail land area. The project will also provide feed for wildlife\r\nand livestock .,None,NA,None,NA,NA,57:18:00,9,10,1966,09,10,1,27,1967,01,27
13048,35162,Vegetation/Soil Manipulation,Vegetation Disturbance,Vegetation Disturbance: Mechanical Thinning,22685,2099,3126,2,1947-11-25,1948-01-30,11/25/1947,1/30/1948,actual,actual,66,Implemented,None,2,Acres,1000,0,NA,NA,NA,NA,NA,NA,NA,NA,NA,NA,"Sagebrush railing was also disappointing as It now appears there was hardly\r\nmore than a 40 per cent kill, This Is believed due to lateness in the year when project was carried out,\r\nRain and light snows in late Dec and early Jan put moisture In plants and the sage did not break off as well\r\nas It probably would have If railed earlier, No increase or decrease in erosion noticed as there was little or\r\nno rainfall during the summer to Influence it either way, Native grasses have undoubtedly Increased the\r\nvigor and perhaps Slightly in density, The licensee cooperating on project states that the grass has\r\nimproved at least 100 per cent, His belief Is In doubt influenced by the increased height and vigor of the\r\nnatural stand which has been brought about by elimination of livestock use and much of the sagebrush\r\ncompetition",Polygon,Confirmed,"Digitized by BLM field office personnel, method unknown",NA,3871.810687,3841.228136,NA,NA,None,NA,None,NA,None,NA,NA,21:47:00,11,25,1947,11,25,1,30,1948,01,30
13048,35163,Seeding,Ground Seeding,Ground Seeding: Broadcast,22686,2100,3126,2,1947-11-25,1948-01-30,11/25/1947,1/30/1948,actual,actual,66,Implemented,None,2,Acres,1000,-1,Confirmed seed list,NA,Seeds,Confirmed on Paper,Unknown,Overall,"There was only a general rate listed for all species combined indicated here, specific rates for each species were not possible.",NA,NA,Area reseeded with western wheatgrass and crested wheatgrass.,"Crested wheat\r\nand Western Wheatgrass broadcast seeded behind rail on densely covered sagebrush range at rate of 6 lbs.\r\nPer acre, Reseeded In January showed promising results in April, No moisture through summer and\r\napparently all seedlings died",Polygon,Confirmed,"Digitized by BLM field office personnel, method unknown",NA,3871.810687,3841.228136,NA,NA,Loss of vegetation,Project area has been highly abused in the past and is in need of revegetation.,None,NA,None,NA,NA,21:47:00,11,25,1947,11,25,1,30,1948,01,30
842,2327,Vegetation/Soil Manipulation,Soil Disturbance,Soil Disturbance: Chaining,1509,7573,3131,2,1967-04-27,1967-09-12,4/27/1967,9/12/1967,actual,actual,138,Implemented,None,2,Acres,2136,0,NA,NA,NA,NA,NA,NA,NA,NA,NA,70# anchor chain pulled between 2 106-Eimco tractors,NA,Polygon,Confirmed,Digitized by LTDL data entry personnel using a confirmed map,9/7/2012,2021.582806,2021.584805,NA,NA,Unknown,NA,None,NA,None,NA,NA,41:47:00,4,27,1967,04,27,9,12,1967,09,12
842,2328,Seeding,Aerial Seeding,Aerial Seeding,1510,7574,3131,2,1967-04-27,1967-09-12,4/27/1967,9/12/1967,actual,actual,138,Implemented,None,2,Acres,1989,-1,Confirmed seed list,NA,Seeds,Confirmed on Paper,NA,NA,NA,NA,NA,Russian wild rye seeded at 5 lbs./acre with 1/4 lb. nomad alfalfa,NA,Polygon,Confirmed,Digitized by LTDL data entry personnel using a confirmed map,9/7/2012,2021.582806,2021.584805,NA,NA,Unknown,NA,None,NA,None,NA,NA,41:47:00,4,27,1967,04,27,9,12,1967,09,12
1621,4524,Vegetation/Soil Manipulation,Soil Disturbance,Soil Disturbance: Chaining,2905,7685,3134,2,1985-06-15,1987-06-15,00/00/1985,00/00/1987,estimated month and day,estimated month and day,730,Implemented,None,1,Acres,1280,0,NA,NA,NA,NA,NA,NA,NA,NA,NA,Multiple sections chained.,NA,Polygon,Confirmed,"Digitized by BLM field office personnel, method unknown",NA,338.8246753,338.8251048,NA,NA,"Provide forage for livestock, Provide cover for wildlife",The short-term use of treating specific sites would increase\r\nthe long-term productivity of livestock forage and wildlife habitat.,None,NA,None,NA,NA,49:52:00,00,00,1985,06,15,00,00,1987,06,15
1621,4525,Seeding,Aerial Seeding,Aerial Seeding,2906,7686,3134,2,1987-06-15,1987-06-15,00/00/1987,00/00/1987,estimated month and day,estimated month and day,0,Implemented,None,1,Acres,1280,-1,Planned seed list,NA,Seeds,Plan,Unknown,Overall,"There was only a general rate listed for all species combined indicated here, specific rates for each species were not possible.",NA,"The seed used will be selected on a site-specific basis but\r\ncould include luna pubescent wheatgrass (Agtr), crested wheatgrass\r\n(Agcr), slender wheatgrass (Agtr), western wheatgrass (Agsm), Indian\r\nricegrass (Orhy), smooth brome (Brin), and bitterbrush (Putr). The\r\ntreated pastures will then be rested for two growing seasons after\r\nwhich time the AMP grazing schedule will be followed.",NA,NA,Polygon,Confirmed,"Digitized by BLM field office personnel, method unknown",NA,338.8246753,338.8251048,NA,NA,"Provide forage for livestock, Provide cover for wildlife",The short-term use of treating specific sites would increase\r\nthe long-term productivity of livestock forage and wildlife habitat.,None,NA,None,NA,NA,49:52:00,00,00,1987,06,15,00,00,1987,06,15
1638,4569,Seeding,Aerial Seeding,Aerial Seeding,2941,7689,3135,2,2006-06-15,2007-06-15,00/00/2006,00/00/2007,estimated month and day,estimated month and day,365,Implemented,Fully Successful,1,Acres,2874,-1,Planned seed list,NA,NA,Plan,Unknown,Unknown,The project was seeded but a seed list was included in the PDF.,Mix and apply seed at an even rate over the burned area at a rate of 16.17pounds per acre using fixed wing aircraft and cover seed where possible by mechanical contract.,Seed mixing and aerial seeding were monitored using qualified Pi's. The Utah State Division of Wildlife Resources also added additional species to both seed mixes. Forage kochia and Wyoming sagebrush were applied separately over the burn with a second aerial application.,Seed was applied evenly across the treatment area per contract specifications. Seed was covered mechanically by chaining.,Pi's assured that contract specifications were met for all contracts.,Polygon,Confirmed,"Digitized by BLM field office personnel, method unknown",NA,958.7441044,958.7428502,NA,NA,"Erosion, Habitat for mule deer, Invasion by Cheatgrass, Invasion by non-native annuals","Throughout the burned area, soils are inherently prone to runoff generation. Because the fire consumed soil organic matter and coarse debris in most parts of the burn, the potential for runoff generation from a given precipitation event has increased. Decreases in vegetation/debris/litter cover, increases in runoff generation, and decreases in soil structure and cohesion (due to loss of organic matter) have also increased the susceptibility of soils to erosion from sheet flow. On steeper slopes, there is also increased risk of rill erosion. Reestablishing vegetative cover and placement of stabilization structures\r\nwould reduce the effects of erosion.\r\n   Buckskin Mountain is winter range for the Paunsaugunt and Kaibab deer herds. The Paunsaugunt Habitat Management Plan approved in May, 1984, identified the area as critical winter range. Browse species are an important source of forage for deer during this period. Grass and forb species are important forage species in early spring. Stabilizing the burned area would help preserve these deer herds.\r\n   Covering seed using mechanical methods may negatively impact cultural sites. Identifying and avoiding these sites prior to\r\ntreatment would minimize these impacts.\r\n   The pre-burn vegetation of the Buckskin Fire was a mix of pinyon-juniper woodland and sagebrush grassland communities. Stabilization actions would prevent the establishment and/or spread of noxious and invasive non-native species, especially cheatgrass.",None,NA,None,NA,NA,19:18:00,00,00,2006,06,15,00,00,2007,06,15
1638,4575,Vegetation/Soil Manipulation,Soil Disturbance,Soil Disturbance: Chaining,2942,7690,3135,2,2006-06-15,2007-06-15,00/00/2006,00/00/2007,estimated month and day,estimated month and day,365,Implemented,Fully Successful,1,Acres,2874,0,NA,NA,NA,NA,NA,NA,NA,Seed will be applied in two separate flights.  The first flight will consist of the bulk of the grass and forb species in the seed mix and those will be worked into the soil by the Ely Chain.,Seed was applied evenly across the treatment area per contract specifications. Seed was covered mechanically by chaining.,NA,NA,Polygon,Confirmed,"Digitized by BLM field office personnel, method unknown",NA,958.7441044,958.7428502,NA,NA,"Erosion, Habitat for mule deer, Invasion by Cheatgrass, Invasion by non-native annuals","Throughout the burned area, soils are inherently prone to runoff generation. Because the fire consumed soil organic matter and coarse debris in most parts of the burn, the potential for runoff generation from a given precipitation event has increased. Decreases in vegetation/debris/litter cover, increases in runoff generation, and decreases in soil structure and cohesion (due to loss of organic matter) have also increased the susceptibility of soils to erosion from sheet flow. On steeper slopes, there is also increased risk of rill erosion. Reestablishing vegetative cover and placement of stabilization structures\r\nwould reduce the effects of erosion.\r\n   Buckskin Mountain is winter range for the Paunsaugunt and Kaibab deer herds. The Paunsaugunt Habitat Management Plan approved in May, 1984, identified the area as critical winter range. Browse species are an important source of forage for deer during this period. Grass and forb species are important forage species in early spring. Stabilizing the burned area would help preserve these deer herds.\r\n   Covering seed using mechanical methods may negatively impact cultural sites. Identifying and avoiding these sites prior to\r\ntreatment would minimize these impacts.\r\n   The pre-burn vegetation of the Buckskin Fire was a mix of pinyon-juniper woodland and sagebrush grassland communities. Stabilization actions would prevent the establishment and/or spread of noxious and invasive non-native species, especially cheatgrass.",None,NA,None,NA,Cost for this treatment is captured in the Aerial Seeding treatment.,20:45:00,00,00,2006,06,15,00,00,2007,06,15
2522,6961,Vegetation/Soil Manipulation,Soil Disturbance,Soil Disturbance: Chaining,4427,7759,3137,2,1966-06-06,1966-12-22,6/6/1966,12/22/1966,actual,actual,199,Implemented,None,2,Acres,3487,0,NA,NA,NA,NA,NA,NA,NA,NA,NA,Area was double chained,NA,Polygon,Confirmed,Digitized by LTDL data entry personnel using a confirmed map,9/5/2012,3394.524133,2834.096941,NA,NA,Unknown,NA,None,NA,None,NA,NA,30:29:00,6,6,1966,06,06,12,22,1966,12,22
2522,6962,Seeding,Aerial Seeding,Aerial Seeding,4428,7760,3137,2,1966-06-06,1966-12-22,6/6/1966,12/22/1966,actual,actual,199,Implemented,None,2,Acres,3487,-1,Confirmed seed list,NA,NA,Confirmed on Paper,NA,NA,NA,NA,NA,Aerial seeded with crested wheatgrass at the rate of 7 lbs./acre,NA,Polygon,Confirmed,Digitized by LTDL data entry personnel using a confirmed map,9/5/2012,3394.524133,2834.096941,NA,NA,Unknown,NA,None,NA,None,NA,NA,30:29:00,6,6,1966,06,06,12,22,1966,12,22
5248,14541,Vegetation/Soil Manipulation,Soil Disturbance,Soil Disturbance: Chaining,9131,8099,3157,2,1966-06-27,1966-12-22,6/27/1966,12/22/1966,actual,actual,178,Implemented,None,2,Acres,811,0,NA,NA,NA,NA,NA,NA,NA,NA,NA,Juniper area was double chained,NA,Polygon,Confirmed,Digitized by LTDL data entry personnel using a confirmed map,9/5/2012,895.7154781,676.9643254,NA,NA,Unknown,NA,None,NA,None,NA,NA,08:04:00,6,27,1966,06,27,12,22,1966,12,22
5248,14542,Seeding,Aerial Seeding,Aerial Seeding,9132,8100,3157,2,1966-06-27,1966-12-22,6/27/1966,12/22/1966,actual,actual,178,Implemented,None,2,Acres,811,-1,Confirmed seed list,NA,Seeds,Confirmed on Paper,NA,NA,NA,NA,NA,Juniper area was aerial seeded,NA,Polygon,Confirmed,Digitized by LTDL data entry personnel using a confirmed map,9/5/2012,895.7154781,676.9643254,NA,NA,Unknown,NA,None,NA,None,NA,NA,08:04:00,6,27,1966,06,27,12,22,1966,12,22
7078,19411,Seeding,Aerial Seeding,Aerial Seeding,12279,8311,3175,2,1964-08-31,1964-09-15,8/31/1964,9/15/1964,actual,actual,15,Implemented,None,2,Acres,900,-1,Confirmed seed list,NA,Seeds,Confirmed on Paper,NA,NA,NA,NA,NA,The area was aerial seeded,NA,Polygon,Confirmed,Digitized by LTDL data entry personnel using a confirmed map,8/3/2012,1041.158578,1038.908398,NA,NA,Unknown,NA,None,NA,None,NA,NA,55:42:00,8,31,1964,08,31,9,15,1964,09,15
7078,19410,Vegetation/Soil Manipulation,Soil Disturbance,Soil Disturbance: Chaining,12280,8312,3175,2,1964-08-31,1964-09-15,8/31/1964,9/15/1964,actual,actual,15,Implemented,None,2,Acres,900,0,NA,NA,NA,NA,NA,NA,NA,NA,NA,the area was chained to cover the seed,NA,Polygon,Confirmed,Digitized by LTDL data entry personnel using a confirmed map,8/3/2012,1041.158578,1038.908398,NA,NA,Unknown,NA,None,NA,None,NA,NA,02:46:00,8,31,1964,08,31,9,15,1964,09,15
7554,20639,Seeding,Drill Seeding,Ground Seeding: Drill,13091,8351,3176,2,1967-05-15,1967-12-15,5/00/1967,12/00/1967,estimated day,estimated day,214,Implemented,None,1,Acres,4000,-1,Unknown seed list,NA,NA,Unknown Seed List Origin,NA,NA,NA,NA,Federal Range will be seeded.,NA,The grass is beginnning to grow and should be ready to use by livestock fall of 1970.,Polygon,Confirmed,"Digitized by BLM field office personnel, method unknown",NA,5084.207555,5084.197787,NA,NA,"Provide forage for livestock, Provide forage for wildlife, Watershed degradation",the purpose of this project is to stabilize the watershed and improve the forage for both wildlife and livestock by planting grass and browse.,None,NA,None,NA,NA,25:26:00,5,00,1967,05,15,12,00,1967,12,15
7554,20640,Vegetation/Soil Manipulation,Soil Disturbance,Soil Disturbance: Plowing,13092,8352,3176,2,1967-05-15,1967-12-15,5/00/1967,12/00/1967,estimated day,estimated day,214,Implemented,None,1,Acres,4000,0,NA,NA,NA,NA,NA,NA,NA,NA,Federal Range now covered with big sagebrush to be plowed.,NA,NA,Polygon,Confirmed,"Digitized by BLM field office personnel, method unknown",NA,5084.207555,5084.197787,NA,NA,"Provide forage for livestock, Provide forage for wildlife, Watershed degradation",the purpose of this project is to stabilize the watershed and improve the forage for both wildlife and livestock by planting grass and browse.,None,NA,None,NA,NA,25:26:00,5,00,1967,05,15,12,00,1967,12,15
10389,28154,Seeding,Drill Seeding,Ground Seeding: Drill,18074,8623,3192,2,1957-12-01,1958-11-15,12/1/1957,11/15/1958,actual,actual,349,Implemented,None,2,Acres,612,-1,Confirmed seed list,NA,NA,Confirmed on Paper,NA,NA,NA,NA,NA,drilled to crested wheat seed grass using 6.5 lbs./acre.  Seed planted .5 inches in depth.,NA,Polygon,Confirmed,Digitized by LTDL data entry personnel using a confirmed map,9/4/2012,687.3388903,667.5080787,NA,NA,Unknown,NA,None,NA,None,NA,NA,46:48:00,12,1,1957,12,01,11,15,1958,11,15
10389,28153,Vegetation/Soil Manipulation,Soil Disturbance,Soil Disturbance: Plowing,18075,8624,3192,2,1957-12-01,1958-11-15,12/1/1957,11/15/1958,actual,actual,349,Implemented,None,2,Acres,612,0,NA,NA,NA,NA,NA,NA,NA,NA,NA,plowed with heavy duty disc wheat land plow.  Seed bed plowed and prepared and allowed to rest 4 months to become settled.,NA,Polygon,Confirmed,Digitized by LTDL data entry personnel using a confirmed map,9/4/2012,687.3388903,667.5080787,NA,NA,Unknown,NA,None,NA,None,NA,NA,46:48:00,12,1,1957,12,01,11,15,1958,11,15
11397,30924,Vegetation/Soil Manipulation,Soil Disturbance,Soil Disturbance: Chaining,19883,8667,3195,2,1967-05-25,1967-09-18,5/25/1967,9/18/1967,actual,actual,116,Implemented,None,2,Acres,2000,0,NA,NA,NA,NA,NA,NA,NA,NA,NA,70# anchjor chain pulled between 2 Emico 106 tractors.  Area computed from aerial phtos,NA,Polygon,Confirmed,Digitized by LTDL data entry personnel using a confirmed map,9/10/2012,2539.829415,2476.957726,NA,NA,Unknown,NA,None,NA,None,NA,NA,06:00:00,5,25,1967,05,25,9,18,1967,09,18
11397,30925,Seeding,Aerial Seeding,Aerial Seeding,19884,8668,3195,2,1967-05-25,1967-09-18,5/25/1967,9/18/1967,actual,actual,116,Implemented,None,2,Acres,2000,-1,Confirmed seed list,NA,Seeds,Confirmed on Paper,NA,NA,NA,NA,NA,NA,NA,Polygon,Confirmed,Digitized by LTDL data entry personnel using a confirmed map,9/10/2012,2539.829415,2476.957726,NA,NA,Unknown,NA,None,NA,None,NA,NA,06:00:00,5,25,1967,05,25,9,18,1967,09,18
12001,32432,Vegetation/Soil Manipulation,Soil Disturbance,Soil Disturbance: Chaining,20862,8717,3198,2,1960-03-26,1961-03-15,3/26/1960,3/15/1961,actual,actual,354,Implemented,None,2,Acres,2450,0,NA,NA,NA,NA,NA,NA,NA,NA,NA,Chained area covered with a stand of Pinon-Juniper and a heavy understory of sagebrush.,NA,Polygon,Confirmed,"Digitized by BLM field office personnel, method unknown",NA,1705.599831,1705.476636,NA,NA,"Loss of vegetation, Invasion by non-native annuals",Project was done to increase forage and plant cover by natives and introduced species of grass.,None,NA,None,NA,NA,04:05:00,3,26,1960,03,26,3,15,1961,03,15
12001,32433,Seeding,Ground Seeding,Ground Seeding: Broadcast,20863,8718,3198,2,1960-03-26,1961-03-15,3/26/1960,3/15/1961,actual,actual,354,Implemented,None,2,Acres,800,-1,Confirmed seed list,NA,Seeds,Confirmed on Paper,Unknown,Overall,"There was only a general rate listed for all species combined indicated here, specific rates for each species were not possible.",NA,NA,The more favorable areas were seeded with crested wheatgrass and sweetclover.,NA,Polygon,Confirmed,"Digitized by BLM field office personnel, method unknown",NA,1705.599831,1705.476636,NA,NA,"Loss of vegetation, Invasion by non-native annuals",Project was done to increase forage and plant cover by natives and introduced species of grass.,None,NA,None,NA,NA,04:05:00,3,26,1960,03,26,3,15,1961,03,15
13484,16917,Vegetation/Soil Manipulation,Soil Disturbance,Soil Disturbance: Plowing,23376,8875,3203,2,1967-05-25,1967-09-01,5/25/1967,9/1/1967,actual,actual,99,Implemented,None,2,Acres,803,0,NA,NA,NA,NA,NA,NA,NA,NA,NA,plowed,NA,Polygon,Confirmed,Digitized by LTDL data entry personnel using a confirmed map,9/7/2012,1172.70716,1172.707793,NA,NA,Unknown,NA,None,NA,None,NA,NA,43:15:00,5,25,1967,05,25,9,1,1967,09,01
13484,16918,Seeding,Drill Seeding,Ground Seeding: Drill,23377,8876,3203,2,1967-05-25,1967-09-01,5/25/1967,9/1/1967,actual,actual,99,Implemented,None,2,Acres,803,-1,Confirmed seed list,NA,Seeds,Confirmed on Paper,NA,NA,NA,NA,NA,drilled to crested wheatgrass at 5 lbs./acre with 1/4lb. Nomad alfalfa per acre,NA,Polygon,Confirmed,Digitized by LTDL data entry personnel using a confirmed map,9/7/2012,1172.70716,1172.707793,NA,NA,Unknown,NA,None,NA,None,NA,NA,43:15:00,5,25,1967,05,25,9,1,1967,09,01
22142,58208,Vegetation/Soil Manipulation,Soil Disturbance,Soil Disturbance: Chaining,35969,9017,3204,2,2021-01-04,2021-01-06,1/4/2021,1/6/2021,actual,actual,2,Implemented,See Comments,2,Acres,1250,0,No seed list,NA,NA,NA,NA,NA,NA,Objective: For the purposes of Soil and Site Stability Increase Native Grasses By 25 Count per Square Meter\r\nCount Within 5 Years.,"On slopes less than 30 percent, two-way chaining with an Ely Chain would be implemented to prepare the soil and cover the seed. Of the total acres, 1,247 acres are in this category, although some of this area is too rocky and would possibly not be included in this treatment. This determination would be made during implementation. The chain would be pulled in a \u201cJ\u201d formation by two tractor type crawlers.",Chaining started immediately following to mix seed into\r\nsoil.,Unknown.,Polygon,Confirmed,Digitized by LTDL data entry personnel using a confirmed map,5/5/2021,1246.02,1246.02,NA,BLM,"Establishment of seeded species, Erosion, Habitat for mule deer, Invasive species, Noxious weeds","The Wire Pass Fire resulted in a 1,503 acres of Critical Winter Mule Deer Habitat burned. The\r\nPaunsagaunt Deer Management Unit is a trophy mule deer unit within the area that was burned.\r\nThis unit is an important winter deer area for most of the mule deer herds within southern Utah and\r\nis considered the longest migration route of mule deer in Utah.\r\nThe Wire Pass Fire did burn approximately 15 acres within the Paria River Wilderness Area. The fire\r\naffected the Mollies Nipple grazing allotment. Current BLM policy requires that the burn areas be\r\nprotected from livestock grazing to allow for establishment of vegetation on the site.\r\nBased on these findings, past fire history in similar areas, and visits to the burned area, protecting\r\nthe watershed values and reducing the erosion potential would be a priority for the Wire Pass ESR\r\nproject. Additionally, containment and control of invasive, non-native annual grasses such as\r\ncheatgrass, which may exacerbate erosion potential and fire frequency and severity that would\r\nfurther degrade crucial mule deer habitat is also a very high priority.",NA,NA,NA,NA,NA,30:52:00,1,4,2021,01,04,1,6,2021,01,06
22142,58210,Seeding,Aerial Seeding,Aerial Seeding: Fixed Wing,35970,9018,3204,2,2021-01-04,2021-01-06,1/4/2021,1/6/2021,actual,actual,2,Implemented,See Comments,2,Acres,1503,-1,Confirmed seed list,First Aerial Seeding,Seeds,Confirmed on Paper,Unknown,Species Specific,NA,Objective: For the purposes of Soil and Site Stability Establish Seeded Species At 25 Percent Relative Frequency\r\nWithin 5 Years.,Seed would be applied in two separate flights. The first flight would consist of the bulk of the grass and forb species in the seed mix and these would be worked into the soil by the Ely Chain.,"1,503 acres were seeded on January 4 - 6, 2021. This was completed by\r\nfix wing aircraft contractor Hammond Enterprises. Seed was purchased\r\nthrough the Utah Watershed Restoration Initiative from the Great Basin\r\nResearch Center. Chaining started immediately following to mix seed into\r\nsoil.",Unknown.,Polygon,Confirmed,Digitized by LTDL data entry personnel using a confirmed map,5/5/2021,1486.94,1486.94,NA,Contractor,"Establishment of seeded species, Erosion, Habitat for mule deer, Invasive species, Noxious weeds","The Wire Pass Fire resulted in a 1,503 acres of Critical Winter Mule Deer Habitat burned. The\r\nPaunsagaunt Deer Management Unit is a trophy mule deer unit within the area that was burned.\r\nThis unit is an important winter deer area for most of the mule deer herds within southern Utah and\r\nis considered the longest migration route of mule deer in Utah.\r\nThe Wire Pass Fire did burn approximately 15 acres within the Paria River Wilderness Area. The fire\r\naffected the Mollies Nipple grazing allotment. Current BLM policy requires that the burn areas be\r\nprotected from livestock grazing to allow for establishment of vegetation on the site.\r\nBased on these findings, past fire history in similar areas, and visits to the burned area, protecting\r\nthe watershed values and reducing the erosion potential would be a priority for the Wire Pass ESR\r\nproject. Additionally, containment and control of invasive, non-native annual grasses such as\r\ncheatgrass, which may exacerbate erosion potential and fire frequency and severity that would\r\nfurther degrade crucial mule deer habitat is also a very high priority.",NA,NA,"Dry, Hot, Other (See Trt Notes), Drought",Limited precipitation has occurred over the project site. Weather has been\r\nwarmer and drier than normal this year throughout the whole southwest\r\nregion within Utah. It is currently anticipated that this will continue\r\nthroughout the winter adding to an already persistent drought.,"Treatment was initially planned as two treatments, but was implemented as one.",11:19:00,1,4,2021,01,04,1,6,2021,01,06
1739,4840,Vegetation/Soil Manipulation,Soil Disturbance,Soil Disturbance: Chaining,3152,2807,3222,3,1964-03-21,1965-02-24,3/21/1964,2/24/1965,actual,actual,340,Implemented,None,2,Acres,125,0,NA,NA,NA,NA,NA,NA,NA,NA,NA,Area was chained and windrowed into piles.,NA,Polygon,Confirmed,"Digitized by BLM field office personnel, method unknown",NA,522.0902257,521.2596366,NA,NA,"Invasion by non-native annuals, Noxious Weeds, Rangeland health",Project was completed to eliminate undesirable brush competition and reeseed.,None,NA,None,NA,NA,38:29:00,3,21,1964,03,21,2,24,1965,02,24
1739,4841,Seeding,Drill Seeding,Ground Seeding: Drill,3153,2808,3222,3,1964-03-21,1965-02-24,3/21/1964,2/24/1965,actual,actual,340,Implemented,None,2,Acres,125,-1,Confirmed seed list,NA,Seeds,Confirmed on Paper,Unknown,Overall,"There was only a general rate listed for all species combined indicated here, specific rates for each species were not possible.",NA,NA,Seed was drilled with a rangeland drill into the cleared areas within the enclosed area.,NA,Polygon,Confirmed,"Digitized by BLM field office personnel, method unknown",NA,522.0902257,521.2596366,NA,NA,"Invasion by non-native annuals, Noxious Weeds, Rangeland health",Project was completed to eliminate undesirable brush competition and reeseed.,None,NA,None,NA,NA,38:29:00,3,21,1964,03,21,2,24,1965,02,24
474,1270,Seeding,Aerial Seeding,Aerial Seeding,849,9070,3237,3,1966-06-27,1966-12-01,6/27/1966,12/1/1966,actual,actual,157,Implemented,None,2,Acres,3900,-1,Confirmed seed list,NA,Seeds,Confirmed on Paper,NA,NA,NA,NA,NA,Aerial seeded with crested wheatgrass at 6lbs./acre.,NA,Polygon,Confirmed,Digitized by LTDL data entry personnel using a confirmed map,9/4/2012,4336.290877,4336.290887,NA,NA,Unknown,NA,None,NA,None,NA,NA,37:07:00,6,27,1966,06,27,12,1,1966,12,01
130,319,Vegetation/Soil Manipulation,Soil Disturbance,Soil Disturbance: Chaining,230,7489,3363,2,1961-09-01,1961-10-17,9/1/1961,10/17/1961,actual,actual,46,Implemented,None,2,Acres,1400,0,NA,NA,NA,NA,NA,NA,NA,NA,NA,"This project consisted of double chaining the area, once before and once after the seed was applied by aerial broadcast. The second chaining was in the opposite direction of the first chaining.",NA,Polygon,Confirmed,"Digitized by BLM field office personnel, method unknown",NA,1225.459112,1222.445334,NA,NA,"Loss of Perennials, Loss of vegetation, Overgrazing, Provide forage for livestock","To rehabilitate depleted range, thus increasing carrying capacity of this area.",None,NA,None,NA,NA,48:30:00,9,1,1961,09,01,10,17,1961,10,17
130,320,Seeding,Aerial Seeding,Aerial Seeding,231,7490,3363,2,1961-09-01,1961-10-17,9/1/1961,10/17/1961,actual,actual,46,Implemented,None,2,Acres,1400,-1,Confirmed seed list,NA,Seeds,Confirmed on Paper,No control areas present,Species Specific,"717 additional pounds of brose seed was applied to the area, but it's unclear what species were in the mix.",NA,NA,Crested wheatgrass was applied at a rate of six pounds per acre. The state fish and game planted 717 pounds of browse seed in the area.,NA,Polygon,Confirmed,"Digitized by BLM field office personnel, method unknown",NA,1225.459112,1222.445334,NA,NA,"Loss of Perennials, Loss of vegetation, Overgrazing, Provide forage for livestock","To rehabilitate depleted range, thus increasing carrying capacity of this area.",None,NA,None,NA,NA,49:06:00,9,1,1961,09,01,10,17,1961,10,17
1664,4646,Vegetation/Soil Manipulation,Soil Disturbance,Soil Disturbance: Chaining,2991,7691,3367,2,1963-09-12,1963-11-05,9/12/1963,11/5/1963,actual,actual,54,Implemented,None,2,Acres,2452,0,NA,NA,NA,NA,NA,NA,NA,NA,"The seedbed will be prepared by double chaining, using 40 lb. . anchor chain pulled be tween two D-8 tractors .",Seedbed preparation consisted of dragging\r\n40 lb./link anchor chain over the area\r\ntwice. Once before seed application and\r\nagain after application.,NA,Polygon,Confirmed,"Digitized by BLM field office personnel, method unknown",NA,1884.983768,1862.769267,NA,NA,"Loss of vegetation, Loss of Perennials, Provide forage for livestock",Original carrying capacity was 27.7 acres per A.U.M Estimated carrying capacity after seeding becomes established is 7 acres per A.U.M.,None,NA,None,NA,NA,18:47:00,9,12,1963,09,12,11,5,1963,11,05
1664,4647,Seeding,Aerial Seeding,Aerial Seeding,2992,7692,3367,2,1963-09-12,1963-11-05,9/12/1963,11/5/1963,actual,actual,54,Implemented,None,2,Acres,2452,-1,Confirmed seed list,NA,Seeds,Confirmed on Paper,Unknown,Species Specific,NA,NA,Crested wheatgrass seed will be aerial broadcast\r\nbetween chainings at the rate of 6 lbs. . per acre .,method of seeding was aerial broadcast.\r\nSpecies was fairway crested wheat grass .,NA,Polygon,Confirmed,"Digitized by BLM field office personnel, method unknown",NA,1884.983768,1862.769267,NA,NA,"Loss of vegetation, Loss of Perennials, Provide forage for livestock",Original carrying capacity was 27.7 acres per A.U.M Estimated carrying capacity after seeding becomes established is 7 acres per A.U.M.,None,NA,None,NA,NA,19:14:00,9,12,1963,09,12,11,5,1963,11,05
5535,15331,Vegetation/Soil Manipulation,Soil Disturbance,Soil Disturbance: Chaining,9654,8141,3380,2,1971-02-15,1971-03-15,2/15/1971,3/15/1971,actual,actual,28,Implemented,None,2,Acres,1060,0,NA,NA,NA,NA,NA,NA,NA,NA,NA,NA,NA,Polygon,Confirmed,Digitized by LTDL data entry personnel using a confirmed map,10/21/2013,1202.196305,1154.214265,NA,Unknown,Provide forage for livestock,NA,None,NA,None,NA,NA,58:52:00,2,15,1971,02,15,3,15,1971,03,15
5535,15332,Seeding,Ground Seeding,Ground Seeding,9655,8142,3380,2,1971-02-15,1971-03-15,2/15/1971,3/15/1971,actual,actual,28,Implemented,None,2,Acres,1060,-1,Not Determined,NA,NA,NA,NA,NA,NA,NA,NA,NA,NA,Polygon,Confirmed,Digitized by LTDL data entry personnel using a confirmed map,10/21/2013,1202.196305,1154.214265,NA,Unknown,None,NA,None,NA,None,NA,NA,58:52:00,2,15,1971,02,15,3,15,1971,03,15
6711,18488,Vegetation/Soil Manipulation,Soil Disturbance,Soil Disturbance: Chaining,11674,8251,3383,2,1960-08-05,1960-09-29,8/5/1960,9/29/1960,actual,actual,55,Implemented,None,2,Acres,1600,0,NA,NA,NA,NA,NA,NA,NA,NA,NA,This project consisted of chaining and seeding 1600 acres on Little Baullies Flats.,NA,Polygon,Confirmed,"Digitized by BLM field office personnel, method unknown",NA,1983.602384,1927.63028,NA,NA,Provide forage for livestock,The purpose of this project is to increase the carrying capacity of this area. This will allow for better distribution of livestock on the Federal Range and will give relief to area which are presently heavily used.,None,NA,None,NA,NA,41:07:00,8,5,1960,08,05,9,29,1960,09,29
6711,18489,Seeding,Aerial Seeding,Aerial Seeding: Fixed Wing,11675,8252,3383,2,1960-08-05,1960-09-29,8/5/1960,9/29/1960,actual,actual,55,Implemented,None,2,Acres,1600,-1,Confirmed seed list,NA,Seeds,Confirmed on Paper,Unknown,Species Specific,NA,NA,NA,Crested Wheat seed was applied by plane at the rate of 6lbs. per acre.,NA,Polygon,Confirmed,"Digitized by BLM field office personnel, method unknown",NA,1983.602384,1927.63028,NA,Contractor,Provide forage for livestock,The purpose of this project is to increase the carrying capacity of this area. This will allow for better distribution of livestock on the Federal Range and will give relief to area which are presently heavily used.,None,NA,None,NA,NA,41:08:00,8,5,1960,08,05,9,29,1960,09,29
6908,19010,Vegetation/Soil Manipulation,Soil Disturbance,Soil Disturbance: Chaining,12020,1605,3610,2,1967-08-22,1967-11-06,8/22/1967,11/6/1967,actual,actual,76,Implemented,None,2,Acres,2000,0,NA,NA,NA,NA,NA,NA,NA,"Completion of this project should stabilize and improve the hydrologic condition of a critical area in the Shaunty Hills watershed, and provide and improve wildlife food.",NA,"Seed-bed was prepared by chaining then aerial broadcasting seed, and chaining area in opposite direction to first chaining.",There has been good winter and spring moisture.  Brush kill will average between 50 and 605.  Juniper kill will average 95%+ on all areas chained.,Polygon,Confirmed,"Digitized by BLM field office personnel, method unknown",NA,2823.170428,2817.011313,NA,NA,"Provide forage for wildlife, Watershed degradation","Completion of this project should stabilize and improve the hydrologic condition of a critical area in the Shaunty Hills watershed, and provide and improve wildlife food.",None,NA,None,NA,NA,43:24:00,8,22,1967,08,22,11,6,1967,11,06
6908,19011,Seeding,Aerial Seeding,Aerial Seeding,12021,1606,3610,2,1967-08-22,1967-11-06,8/22/1967,11/6/1967,actual,actual,76,Implemented,None,2,Acres,2000,-1,Confirmed seed list,Long Lick Aerial Seeding,Seeds,Confirmed on Paper,Unknown,Species Specific,"The seed mix did not indicate whether bulk or PLS rates were used, therefore, unknown has been listed and all seed mix information has been entered into the Bulk category.","Completion of this project should stabilize and improve the hydrologic condition of a critical area in the Shaunty Hills watershed, and provide and improve wildlife food.",NA,"Seed-bed was prepared by chaining then aerial broadcasting seed, and chaining area in opposite direction to first chaining.  Seed planted 2 lbs clover, 1/2 lb fourwing saltbrush, 6 1/2 lobs of crested wheatgrass.  Seed cost per acre $2.23.  Total cost per acre, $7.79.",NA,Polygon,Confirmed,"Digitized by BLM field office personnel, method unknown",NA,2823.17041,2817.011312,NA,NA,"Provide forage for wildlife, Watershed degradation","Completion of this project should stabilize and improve the hydrologic condition of a critical area in the Shaunty Hills watershed, and provide and improve wildlife food.",None,NA,None,NA,NA,43:49:00,8,22,1967,08,22,11,6,1967,11,06
962,2640,Vegetation/Soil Manipulation,Soil Disturbance,Soil Disturbance: Chaining,1708,7581,3623,2,1965-07-10,1965-11-26,7/10/1965,11/26/1965,actual,actual,139,Implemented,Unknown,2,Acres,1247,0,NA,NA,NA,NA,NA,NA,NA,"Approximately 1200 acres of sagebrush and scattered trees are to be treated to improve watershed conditions, wildlife habitat and forage for livestock and wildlife.  Sagebrush areas in the draws will be left to provide cover for sage grouse.",Approximately 1200 acres of sagebrush and scattered trees will be double chained.,"Approximately 1247 acres of sagebrush and scattered juniper trees were double chained with a 90"" link anchor chain.",NA,Polygon,Confirmed,"Digitized by BLM field office personnel, method unknown",NA,1764.628571,1753.342681,NA,NA,"Habitat for sage grouse, Habitat for wildlife, Watershed degradation, Provide forage for livestock, Provide forage for wildlife","Approximately 1200 acres of sagebrush and scattered trees are to be treated to improve watershed conditions, wildlife habitat and forage for livestock and wildlife.  Sagebrush areas in the draws will be left to provide cover for sage grouse.",None,NA,None,NA,NA,59:18:00,7,10,1965,07,10,11,26,1965,11,26
962,2641,Seeding,Aerial Seeding,Aerial Seeding,1709,7582,3623,2,1965-07-16,1965-11-26,7/16/1965,11/26/1965,actual,actual,133,Implemented,Unknown,2,Acres,1247,-1,Confirmed seed list,Big Swamp Aerial Seeding,Seeds,Confirmed on Paper,Unknown,Species Specific,"The seed mix did not indicate whether bulk or PLS rates were used, therefore, unknown has been listed and all seed mix information has been entered into the Bulk category.","Approximately 1200 acres of sagebrush and scattered trees are to be treated to improve watershed conditions, wildlife habitat and forage for livestock and wildlife.  Sagebrush areas in the draws will be left to provide cover for sage grouse.",Approximately 1200 acres of sagebrush and scattered trees will be aerial seeded with crested wheatgrass at the rate of 7 pounds per acre.  Ladak alfalfa and yellow sweetclover will be seeded at .5 pounds per acre.,"Approximately 1247 acres of sagebrush and scattered juniper trees were chained and aerial seeded with a mixture of 7.5"" crested wheatgrass, .25&& ladak alfalfa, and .25&& yellow sweet clover.  Seed tested 98% pure and 89% germination.  Cost of seed per acre was $1.51.  Total cost per acre treated was $6.16.",NA,Polygon,Confirmed,"Digitized by BLM field office personnel, method unknown",NA,1764.628579,1753.342673,NA,NA,"Habitat for sage grouse, Habitat for wildlife, Watershed degradation, Provide forage for livestock, Provide forage for wildlife","Approximately 1200 acres of sagebrush and scattered trees are to be treated to improve watershed conditions, wildlife habitat and forage for livestock and wildlife.  Sagebrush areas in the draws will be left to provide cover for sage grouse.",None,NA,None,NA,NA,59:35:00,7,16,1965,07,16,11,26,1965,11,26
2111,5764,Vegetation/Soil Manipulation,Soil Disturbance,Soil Disturbance: Chaining,3713,7725,3638,2,1962-12-15,1962-12-15,12/00/1962,12/00/1962,estimated day,estimated day,0,Implemented,Unknown,1,Acres,750,0,NA,NA,NA,NA,NA,NA,NA,Range rehabilitation and seeding of critical deer winter range known as Cedar Cove area in Beaver County,NA,"The area was chained one way, then chained back the other way after the seeding was implemented.",NA,Polygon,Confirmed,"Digitized by BLM field office personnel, method unknown",NA,541.151096,541.151402,NA,NA,"Provide forage for wildlife, Rangeland health, Habitat for mule deer",Range rehabilitation and seeding of critical deer winter range known as Cedar Cove area in Beaver County,None,NA,None,NA,NA,32:44:00,12,00,1962,12,15,12,00,1962,12,15
2111,5765,Seeding,Aerial Seeding,Aerial Seeding,3714,7726,3638,2,1962-12-15,1962-12-15,12/00/1962,12/00/1962,estimated day,estimated day,0,Implemented,Unknown,1,Acres,750,-1,Confirmed seed list,Cedar Cove Aerial Seed Mix,Seeds,Confirmed on Paper,Unknown,Species Specific,"The seed mix did not indicate whether bulk or PLS rates were used, therefore, unknown has been listed and all seed mix information has been entered into the Bulk category.",Range rehabilitation and seeding of critical deer winter range known as Cedar Cove area in Beaver County,NA,A mixture of grass and browse seed was sown by aerial seeding at the rate of 12 lbs. per acre.,NA,Polygon,Confirmed,"Digitized by BLM field office personnel, method unknown",NA,541.151081,541.1513941,NA,NA,"Provide forage for wildlife, Rangeland health, Habitat for mule deer",Range rehabilitation and seeding of critical deer winter range known as Cedar Cove area in Beaver County,None,NA,None,NA,NA,04:36:00,12,00,1962,12,15,12,00,1962,12,15
2146,5868,Vegetation/Soil Manipulation,Soil Disturbance,Soil Disturbance: Chaining,3773,7733,3639,2,1966-04-27,1966-11-16,4/27/1966,11/16/1966,actual,actual,203,Implemented,None,2,Acres,1300,0,NA,NA,NA,NA,NA,NA,NA,NA,NA,"Predominate vegetative species was big sage (Artr) and pinyon-juniper, with understory of squirrel tail (Sihy) and western wheatgrass (Agsm).  300ft of anchor chain (110 lbs. centered 90 ft. and 40lb. On the ends) pulled between two D-8 tractors, maximum distance between tractors was 135 ft.",NA,Polygon,Confirmed,"Digitized by BLM field office personnel, method unknown",NA,1302.879814,1302.880518,NA,NA,Unknown,NA,None,NA,None,NA,NA,15:07:00,4,27,1966,04,27,11,16,1966,11,16
2146,5869,Seeding,Aerial Seeding,Aerial Seeding,3774,7734,3639,2,1966-04-27,1966-11-16,4/27/1966,11/16/1966,actual,actual,203,Implemented,None,2,Acres,1300,-1,Confirmed seed list,Cedar Pond Brush Control Mix,Seeds,Confirmed on Paper,Unknown,Species Specific,"The seed mix did not indicate whether bulk or PLS rates were used, therefore, unknown has been listed and all seed mix information has been entered into the Bulk category.",NA,NA,"Seed was broadcast over area by plane.  Crested wheatgrass was used at 6lbs per acre.  Purity of seed was 93.06%, germination was 90.25%.  Seed cost $2.10 per acre with a total cost at $7.41 per acre.",NA,Polygon,Confirmed,"Digitized by BLM field office personnel, method unknown",NA,1302.879809,1302.8805,NA,NA,Unknown,NA,None,NA,None,NA,NA,14:57:00,4,27,1966,04,27,11,16,1966,11,16
2196,5990,Seeding,Aerial Seeding,Aerial Seeding,3851,7737,3640,2,1986-10-23,1987-06-15,10/23/1986,00/00/1987,actual,estimated month and day,235,Implemented,Unknown,1,Acres,3050,-1,Confirmed seed list,Aerial Seeding Mix,Seeds,Confirmed on Paper,Unknown,Overall,"There was only a general rate listed for all species combined indicated here, specific rates for each species were not possible.","Two major rehabilitation objectives have been identified.  First is the reestablishment of surface cover to reduce soil loss.  The burned area is highly subject to wind and water erosion.  Gullies and rills are already forming on most of the burned areas.  Drifts are already forming in washes.  In addition, airborne dust is visible over 80 percent of the time.  This is expected to become a serious nuisance at The Little Sahara Recreation Area from the Chamber and Hose Lay Fires.  The second is to prevent the invasion of cheatgrass and squarrose knapweed because of the susceptibility of the site.",NA,NA,NA,Polygon,Confirmed,Digitized by LTDL data entry personnel using a confirmed map,6/9/2015,2873.812137,2873.814271,NA,Unknown,"Erosion, Loss of vegetation, Vegetal cover,","If seeding is delayed, cheatgrass will likely dominate the site within 2 years to the point that establishment of perennial vegetation may be foreclosed.  A particular danger occurs, since cheatgrass is so highly flammable.  Without establishment of more fire resistant perennial grasses, the area may burn again and again and the long term cost of suppression far exceed the cost of rehabilitation.  Not enough is known about the knapweed in order to determine extent or impacts from invasion&* however, there seems to be great concern over this noxious plant from government range conservationists, stockmen, and the academic community.",Unknown,NA,Unknown,NA,NA,51:33:00,10,23,1986,10,23,00,00,1987,06,15
2196,5991,Vegetation/Soil Manipulation,Soil Disturbance,Soil Disturbance: Chaining,3852,7738,3640,2,1986-10-23,1987-06-15,10/23/1986,00/00/1987,actual,estimated month and day,235,Implemented,Unknown,1,Acres,3050,0,NA,NA,NA,NA,NA,NA,NA,"Two major rehabilitation objectives have been identified.  First is the reestablishment of surface cover to reduce soil loss.  The burned area is highly subject to wind and water erosion.  Gullies and rills are already forming on most of the burned areas.  Drifts are already forming in washes.  In addition, airborne dust is visible over 80 percent of the time.  This is expected to become a serious nuisance at The Little Sahara Recreation Area from the Chamber and Hose Lay Fires.  The second is to prevent the invasion of cheatgrass and squarrose knapweed because of the susceptibility of the site.",NA,NA,NA,Polygon,Confirmed,Digitized by LTDL data entry personnel using a confirmed map,6/9/2015,2873.812137,2873.814271,NA,Unknown,"Erosion, Invasion by cheatgrass, Loss of vegetation, Vegetal cover","If seeding is delayed, cheatgrass will likely dominate the site within 2 years to the point that establishment of perennial vegetation may be foreclosed.  A particular danger occurs, since cheatgrass is so highly flammable.  Without establishment of more fire resistant perennial grasses, the area may burn again and again and the long term cost of suppression far exceed the cost of rehabilitation.  Not enough is known about the knapweed in order to determine extent or impacts from invasion&* however, there seems to be great concern over this noxious plant from government range conservationists, stockmen, and the academic community.",Unknown,NA,Unknown,NA,NA,06:33:00,10,23,1986,10,23,00,00,1987,06,15
2321,6353,Seeding,Aerial Seeding,Aerial Seeding,4054,7751,3644,2,2006-06-15,2006-06-15,00/00/2006,00/00/2006,estimated month and day,estimated month and day,0,Implemented,Fully Successful,1,Acres,445,-1,Planned seed list,Chipman Aerial Seeding Mix,Seeds,Plan,Unknown,Species Specific,"The seed mix did not indicate whether bulk or PLS rates were used, therefore, unknown has been listed and all seed mix information has been entered into the Bulk category.",Mix and apply seed at an even rate over the burned area at a rate of 11.12 pounds per acre using\r\nfixed wing aircraft.,Seed mixing and aerial seeding were monitored using qualified Pl's.,Seed was applied evenly across the treatment area per contract specifications.,PI's assured that contract specifications were met for all contracts.,Polygon,Confirmed,"Digitized by BLM field office personnel, method unknown",NA,444.7598509,444.7602877,NA,NA,"Habitat for mule deer, Habitat for antelope, Habitat for sage grouse, Habitat for wildlife, Invasion by Cheatgrass, Invasion by non-native annuals, Erosion","1.   Throughout the burned area, soils are inherently prone to runoff generation. Because the fire consumed soil organic matter and coarse debris in most parts of the burn, the potential for runoff generation from a given precipitation event has increased. Decreases in vegetation debrislitter cover, increases in runoff generation, and decreases in soil structure and cohesion (due to loss of organic matter) have also increased the susceptibility of soils to erosion from sheet flow. On steeper slopes, there is also increased risk of rill erosion.\r\n2.   Greater sage-grouse (Centrocercus urophasianus), a Utah Division of Wildlife Resources and BLM sensitive species are found within the treatment area. Other Special Status Species that could occur in the area might be burrowing owl, ferruginous hawk, and Swainson&$s hawk. Ferruginous hawk occur yearlong and utilize sagebrush-grass communities for foraging habitat. Swainson&$s hawk uses sagebrush-grass communities for foraging habitat as well and occurs during spring, summer, and fall. Burrowing owls mostly utilize grassland habitat for nesting and foraging during spring, summer, and fall.\r\n3.   Cultural Resources could be exposed by the elimination of vegetative cover and increased erosion.\r\n4.   Noxious and invasive non-native species, especially cheatgrass are prone to invade pinyon-juniper woodland and sagebrush grassland communities after fire.",None,NA,None,NA,NA,28:47:00,00,00,2006,06,15,00,00,2006,06,15
2321,6354,Herbicide/Weeds/Chemical,Herbicide,Noxious Weeds: Weed Control - Herbicide Application,4055,7752,3644,2,2006-06-15,2006-06-15,00/00/2006,00/00/2006,estimated month and day,estimated month and day,0,Implemented,Fully Successful,1,Acres,445,0,NA,NA,NA,NA,NA,NA,NA,"Inventory, identify, and control the spread of noxious weeds within the treatment area.",Areas of noxious weed were inventoried and sprayed with herbicide under\r\ncontract.,Areas identified with noxious weeds were sprayed to control their spread.,Pi's assured that contract specifications were met for all contracts.,Polygon,Confirmed,"Digitized by BLM field office personnel, method unknown",NA,444.7598509,444.7602877,The reports indicate that the herbicide treatment occred over the entire fire perimeter.  So the confirmed fire perimeter shapefile was used for the treatment.,NA,"Habitat for mule deer, Habitat for antelope, Habitat for sage grouse, Habitat for wildlife, Invasion by Cheatgrass, Invasion by non-native annuals, Erosion","1.   Throughout the burned area, soils are inherently prone to runoff generation. Because the fire consumed soil organic matter and coarse debris in most parts of the burn, the potential for runoff generation from a given precipitation event has increased. Decreases in vegetation debris litter cover, increases in runoff generation, and decreases in soil structure and cohesion (due to loss of organic matter) have also increased the susceptibility of soils to erosion from sheet flow. On steeper slopes, there is also increased risk of rill erosion.\r\n2.   Greater sage-grouse (Centrocercus urophasianus), a Utah Division of Wildlife Resources and BLM sensitive species are found within the treatment area. Other Special Status Species that could occur in the area might be burrowing owl, ferruginous hawk, and Swainson&$s hawk. Ferruginous hawk occur yearlong and utilize sagebrush-grass communities for foraging habitat. Swainson&$s hawk uses sagebrush-grass communities for foraging habitat as well and occurs during spring, summer, and fall. Burrowing owls mostly utilize grassland habitat for nesting and foraging during spring, summer, and fall.\r\n3.   Cultural Resources could be exposed by the elimination of vegetative cover and increased erosion.\r\n4.   Noxious and invasive non-native species, especially cheatgrass are prone to invade pinyon-juniper woodland and sagebrush grassland communities after fire.",None,NA,None,NA,NA,29:11:00,00,00,2006,06,15,00,00,2006,06,15
2856,7934,Seeding,Aerial Seeding,Aerial Seeding,4995,7797,3650,2,1964-07-24,1965-11-26,7/24/1964,11/26/1965,actual,actual,490,Implemented,None,2,Acres,2905,-1,Confirmed seed list,Coyote Bench Aerial Seeding,Seeds,Confirmed on Paper,Unknown,Species Specific,"The seed mix did not indicate whether bulk or PLS rates were used, therefore, unknown has been listed and all seed mix information has been entered into the Bulk category.",The purpose of the project is to increase the forage for domestic livestock as well as for wildlife in the area.,NA,The chained area was aerial seeded to crested wheatgrass at the rate of 8 pounds per acre and back chained to cover the seed.  Seed tests indicated 90% purity and 85% germination.,NA,Polygon,Confirmed,"Digitized by BLM field office personnel, method unknown",NA,3090.494266,2846.746416,NA,NA,"Provide forage for livestock, Provide forage for wildlife",The purpose of the project is to increase the forage for domestic livestock as well as for wildlife in the area.,None,NA,None,NA,NA,28:39:00,7,24,1964,07,24,11,26,1965,11,26
2856,7935,Vegetation/Soil Manipulation,Soil Disturbance,Soil Disturbance: Chaining,4996,7798,3650,2,1964-07-24,1965-11-26,7/24/1964,11/26/1965,actual,actual,490,Implemented,None,2,Acres,2905,0,NA,NA,NA,NA,NA,NA,NA,The purpose of the project is to increase the forage for domestic livestock as well as for wildlife in the area.,NA,Approximately 1695 acres of trees were chained and windrowed and 1210 acres of sagebrush was chained.  The seeded area was then back chained.  The kill on the brush was about 60%.,NA,Polygon,Confirmed,"Digitized by BLM field office personnel, method unknown",NA,3090.494278,2846.746401,NA,NA,"Provide forage for livestock, Provide forage for wildlife",The purpose of the project is to increase the forage for domestic livestock as well as for wildlife in the area.,None,NA,None,NA,NA,28:51:00,7,24,1964,07,24,11,26,1965,11,26
3439,9625,Vegetation/Soil Manipulation,Soil Disturbance,Soil Disturbance: Chaining,5966,7843,3657,2,2006-09-15,2007-05-15,9/00/2006,5/00/2007,estimated day,estimated day,242,Implemented,Unknown,1,Acres,10075,0,No seed list,NA,NA,NA,NA,NA,NA,Apply and cover seed to the ground of the burned area prior to the winter and spring storms to establish seeded species.,"Employees will be using large caterpillar tractors to pull the heavy ""Ely chain"" across the burned landscape once the entire burn area has been aerial seeded.","Approximately 10,075 acres were than single chained using two D-9 type caterpillar tractors dragging a 250 foot anchor ""Ely"" chain.",The aerial seeding studies show good success 36 seedlings of seeded species and 7.5% live cover.  The single chain studies show 68 seedlings and 5.25% live cover.  It appears the two treatments are doing well and we expect to reach our goal of 20% perennial cover.,Polygon,Confirmed,"Digitized by BLM field office personnel, method unknown",6/28/2024,10077.52,10035.63,NA,Unknown,"Erosion, Provide cover for wildlife, Provide forage for wildlife, Loss of cultural sites, Invasion by Cheatgrass, Noxious Weeds","Soil/water stabilization- The vast areas of exposed soils of the burn area are without protective vegetation.  Wind and water erosion will continue if left unprotected. The path of the Dog Valley Fire, as it crossed the 15 Interstate, was nearly four (4) miles wide. The freeway is located in a series of canyons, such as Dog Valley with mountains on each side. The BLM lands are generally to the\r\nwest and Forest Service lands to the east. Runoff from the mountains into the canyons could cause severe flooding across the 1-15 Interstate. Canyon winds could cause dust storms along the freeway making visibility limited, causing unsafe driving conditions.\r\n\r\nWildlife- The area around the burn provides habitat for many small rodents, birds and reptiles.  Bald eagles, ferruginous hawks and burrowing owls depend on the area for foraging habitat.  Loss of vegetation for habitat could impact these species.\r\n\r\nCritical Heritage Resources- Critical heritage resources such as historical or cultural artifacts may be located on the burn area. With the loss of vegetation that has been covering the different resources, protection\r\nwould be impossible. Completion of ground seeding efforts could also damage these resources if not identified and flagged.\r\n\r\nInvasive plants- The entire area burned by the Dog Valley Fire has been dominated by Scotch thistle.\r\nGround seeding operations must be completed prior to the emergence of Scotch thistle and cheatgrass this fall or in early spring. In the event this plan is not approved, the burn area could become totally re-infested by Scotch thistle and cheatgrass.",NA,NA,NA,NA,NA,50:17:00,9,00,2006,09,15,5,00,2007,05,15
3439,9620,Seeding,Aerial Seeding,Aerial Seeding,5968,7844,3657,2,2006-09-15,2007-05-15,9/00/2006,5/00/2007,estimated day,estimated day,242,Implemented,Unknown,1,Acres,11520,-1,Planned seed list,Dog Valley Mix (Plan),Seeds,Plan,Unknown,Species Specific,NA,Apply and cover seed to the ground of the burned area prior to the winter and spring storms to establish seeded species.,"It is proposed to aerial seed l l,520 acres and single chain 10,075 acres on the Dog Valley Fire located T. 24 & 25 S., R. 6, 7 & 8 W. two (2) miles northwest of Cove Fort, Millard County, Utah. The aerial seeding and single chaining will begin as soon as the funds are made available this fall (October) or early in the spring of 2007 (March). Approximately 11,520 acres will be aerial seeded prior lo the single chaining operations. A fixed wing plane will be used that will have a load capacity of 800 lbs. or more. The seeding rate will be 12.7 pounds per acre. The aerial seeding project will be done by contract and only a certified pilot will fly the plane. Fueling area and landing strips will be the responsibility of the contractor. A certified COR/PI BLM employee will monitor the seeding operations and make changes when necessary. At no time will the BLM flag for the plane or allow the plane in the air when conditions are unsafe.",Approximately 11520 acers were aerial seeded and 10075 were single chained in the fall/spring of 2006/2007.  Studies were established throughout the aerial seeded areas to evaluate the success of the seeding.  Use frequency studies were used to determine the success of the seeding.,"The aerial seeding studies show good success 36 seedlings of seeded species and 7.5% live cover.  The single chain studies show 68 seedlings and 5.25% live cover.  It appears the two treatments are doing well and we expect to reach our goal of 20% perennial cover. The average percent cover of perennial vegetation is 10.75% point data for the three treatment types. Individually the average percent ground cover from point data for aerial seed only is 13%, aerial seed and single chain is 10.5%, and ground seeding 10%. The average relative frequency of perennial vegetation for the three treatments is 66% and 49% average being seeded species. Single chaining has a relative frequency of 51.67% perennial vegetation and 32.44% being seeded and over 100 % species frequency of perennials. Aerial seed only has a relative frequency of 66.47% and 51.63% is seeded species and a species frequency of over 100% perennial vegetation. Ground seeding or rangeland drilling has a relative frequency average of 73% perennial vegetation and 15% is seeded species. Also the species frequency for perennial vegetation is over 100%. A detailed summary of the monitoring on each treatment is included as charts and graphs at the end of this report.",Polygon,Confirmed,"Digitized by BLM field office personnel, method unknown",6/28/2024,11521.69,11479.21,NA,Unknown,"Erosion, Provide cover for wildlife, Provide forage for wildlife, Loss of cultural sites, Invasion by Cheatgrass, Noxious Weeds","Soil/water stabilization- The vast areas of exposed soils of the burn area are without protective vegetation.  Wind and water erosion will continue if left unprotected. The path of the Dog Valley Fire, as it crossed the 15 Interstate, was nearly four (4) miles wide. The freeway is located in a series of canyons, such as Dog Valley with mountains on each side. The BLM lands are generally to the\r\nwest and Forest Service lands to the east. Runoff from the mountains into the canyons could cause severe flooding across the 1-15 Interstate. Canyon winds could cause dust storms along the freeway making visibility limited, causing unsafe driving conditions.\r\n\r\nWildlife- The area around the burn provides habitat for many small rodents, birds and reptiles.  Bald eagles, ferruginous hawks and burrowing owls depend on the area for foraging habitat.  Loss of vegetation for habitat could impact these species.\r\n\r\nCritical Heritage Resources- Critical heritage resources such as historical or cultural artifacts may be located on the burn area. With the loss of vegetation that has been covering the different resources, protection\r\nwould be impossible. Completion of ground seeding efforts could also damage these resources if not identified and flagged.\r\n\r\nInvasive plants- The entire area burned by the Dog Valley Fire has been dominated by Scotch thistle.\r\nGround seeding operations must be completed prior to the emergence of Scotch thistle and cheatgrass this fall or in early spring. In the event this plan is not approved, the burn area could become totally re-infested by Scotch thistle and cheatgrass.",None,NA,None,NA,Scanned map illegible.,54:09:00,9,00,2006,09,15,5,00,2007,05,15
4047,11375,Vegetation/Soil Manipulation,Soil Disturbance,Soil Disturbance: Plowing,7000,7953,3664,2,1956-04-10,1957-05-07,4/10/1956,5/7/1957,actual,actual,392,Implemented,None,2,Acres,1105,0,NA,NA,NA,NA,NA,NA,NA,NA,Mechanical brush (Big sage) reduction by plowing,"During the fall of 1956 and very early spring of 1957, the area of 1105 acres was plowed and seeded by drilling to crested wheatgrass.",The greasewood has returned but not spreading. Some sagebrush is gradually invading the pasture.,Polygon,Confirmed,"Digitized by BLM field office personnel, method unknown",NA,1547.332305,1444.612943,NA,Contractor,"Invasive Species, Provide Forage for Wildlife, Provide Forage for Livestock, Rangeland Health",This area of 1500 acres of reseedable range is to be seeded to grass. it is expected that a vigorous stand of grass will greatly increase the carrying capacity of the range and also keep Halogeton from invading the area.,None,NA,None,NA,NA,15:48:00,4,10,1956,04,10,5,7,1957,05,07
4047,11376,Seeding,Drill Seeding,Ground Seeding: Drill,7001,7954,3664,2,1956-04-10,1957-05-07,4/10/1956,5/7/1957,actual,actual,392,Implemented,None,2,Acres,1105,-1,Confirmed seed list,NA,Seeds,Confirmed on Paper,Unknown,Species Specific,NA,It is expected that a vigorous stand of grass will greatly increase the carrying capacity of the range and also keep Halogeton from invading the area.,This area of 1500 acres of reseedable range is to be seeded to grass.,Six pounds of crested wheatgrass seed were sown per acre.,NA,Polygon,Confirmed,"Digitized by BLM field office personnel, method unknown",NA,1547.332305,1444.612943,NA,Contractor,"Invasive Species, Provide Forage for Wildlife, Provide Forage for Livestock, Rangeland Health",This area of 1500 acres of reseedable range is to be seeded to grass. It is expected that a vigorous stand of grass will greatly increase the carrying capacity of the range and also keep Halogeton from invading the area.,None,NA,None,NA,NA,15:49:00,4,10,1956,04,10,5,7,1957,05,07
4086,11504,Vegetation/Soil Manipulation,Soil Disturbance,Soil Disturbance: Chaining,7106,7965,3665,2,1960-07-15,1960-12-15,7/00/1960,12/00/1960,estimated day,estimated day,153,Implemented,Unknown,2,Acres,2130,0,NA,NA,NA,NA,NA,NA,NA,"The project is scheduled to increase vegetative cover, resulting in less runoff and erosion.\r\n  The capacity to produce range forage can be greatly increased by rehabilitation measures thereby increasing the value of this natural resource.",The area will be treated by either plowing and drilling or chaining and broadcasting to crested wheatgrass.,The area including approximately 2238 acres of Federal range and 640 acres of State land was double chained and seeded to crested wheatgrass seed.,NA,Polygon,Confirmed,"Digitized by BLM field office personnel, method unknown",NA,2198.453201,2170.067439,NA,NA,"Erosion, Loss of vegetation, Rangeland health","The project is scheduled to increase vegetative cover, resulting in less runoff and erosion.\r\n  The capacity to produce range forage can be greatly increased by rehabilitation measures thereby increasing the value of this natural resource.",None,NA,None,NA,NA,08:50:00,7,00,1960,07,15,12,00,1960,12,15
4086,11505,Seeding,Aerial Seeding,Aerial Seeding,7107,7966,3665,2,1960-07-15,1960-12-15,7/00/1960,12/00/1960,estimated day,estimated day,153,Implemented,None,2,Acres,2130,-1,Confirmed seed list,Evans Aerial Seeding,Seeds,Confirmed on Paper,Unknown,Species Specific,"The seed mix did not indicate whether bulk or PLS rates were used, therefore, unknown has been listed and all seed mix information has been entered into the Bulk category.","The project is scheduled to increase vegetative cover, resulting in less runoff and erosion.\r\n  The capacity to produce range forage can be greatly increased by rehabilitation measures thereby increasing the value of this natural resource.",The area will be treated by either plowing and drilling or chaining and broadcasting to crested wheatgrass seed.,The area was aerially seeded following the first seeding to crested wheatgrass.,NA,Polygon,Confirmed,"Digitized by BLM field office personnel, method unknown",NA,2198.453201,2170.067469,NA,NA,"Erosion, Loss of vegetation, Rangeland health","The project is scheduled to increase vegetative cover, resulting in less runoff and erosion.\r\n  The capacity to produce range forage can be greatly increased by rehabilitation measures thereby increasing the value of this natural resource.",None,NA,None,NA,NA,09:03:00,7,00,1960,07,15,12,00,1960,12,15
4903,13622,Seeding,Seeding,Seeding,8572,8081,3685,2,2004-06-15,2007-06-15,00/00/2004,00/00/2007,estimated month and day,estimated month and day,1095,Implemented,Unknown,1,Acres,17444,-1,Unknown seed list,NA,NA,Unknown Seed List Origin,NA,NA,See hyperlinked documents for possible seed mixes.,"a) Decrease the closed canopy of pinyon/juniper trees by 40-60 percent;\r\nb) Re-establish sagebrush corridors between the Bald Hills and the Greenville Bench allowing for better dispersal and movement of wildlife species;\r\nc) Establish a mix of native and non-native shrubs, forbs, and grasses throughout the treated areas and improve woodland health by improving age structure and decreasing tree density","Establish a mix of native and non-native shrubs, forbs and grasses within the treated areas to improve vegetative health by increasing plant diversity and age structure on the sagebrush bench.",GIS information indicates that the seeding was implemented.,NA,Polygon,Confirmed,"Digitized by BLM field office personnel, method unknown",NA,16109.15929,13239.11922,NA,NA,"Overgrazing, Loss of vegetation, Loss of Perennials, Habitat for wildlife, Habitat for sage grouse, Erosion, Fire hazard, Public Safety, Rangeland health","A combination of 100 years of fire suppression and past livestock grazing practices have allowed the pinyon/juniper woodland to increase its range and expand into areas historically dominated by sagebrush and perennial grasses. In the  project area remaining shrub lands are dominated by homogenous stands of mature sagebrush with declining, remnant populations of native perennial forbs and grasses. Much of the ground below the pinyon/juniper closed canopy has little or no shrubs, forbs or grasses, all of which are important to wildlife, livestock and ecosystem stability. The sagebrush corridors that once connected the Bald Hills and the Greenville Bench, and facilitated the movement and dispersal of sagebrush obligate species such as sage grouse, have disappeared due to pinyon/ juniper encroachment. Due to the current condition of the watershed, a catastrophic wildfire would cause large-scale damage to the watershed and would be very hard to control.\r\n   The following actions have been identified by resource and fire management professionals as necessary on the Greenville Bench area: 1) establishing fuel breaks along selected roads, property lines and topographic features on the lower sagebrush bench creating a situation where wildfires can be better managed by reducing the rate of spread and giving fire fighters additional response time to suppress fires&* 2) decreasing the hazardous fuel loads on the mid and upper slopes in the pinyon/juniper woodland, thereby protecting against the threat of catastrophic wildfires leaving the woodlands and impacting neighboring private lands and Interstate 15&* 3) re-establishing sagebrush corridors between the Bald Hills and the Greenville Bench allowing for better dispersal and movement of wildlife species&* 4) decreasing the amount of pinyon/juniper encroachment into areas historically dominated by big sagebrush&* 5) increasing plant diversity within the treatment areas by establishing a mix of native and non-native shrubs, forbs and grasses that would also facilitate a decrease in surface soil erosion as a result of precipitation and wind&* 6) improve the health of both woodlands and sagebrush/grasslands by increasing biological diversity and age class.",None,NA,None,NA,See hyperlinked documents for possible seed mixes.,31:19:00,00,00,2004,06,15,00,00,2007,06,15
4903,13621,Vegetation/Soil Manipulation,Vegetation Disturbance,Vegetation Disturbance: Mechanical Thinning,8573,8082,3685,2,2004-06-15,2007-06-15,00/00/2004,00/00/2007,estimated month and day,estimated month and day,1095,Implemented,Unknown,1,Acres,15632.33,0,NA,NA,NA,NA,NA,NA,NA,"a) Decrease the closed canopy of pinyon/juniper trees by 40-60 percent;\r\nb) Re-establish sagebrush corridors between the Bald Hills and the Greenville Bench allowing for better dispersal and movement of wildlife species;\r\nc) Establish a mix of native and non-native shrubs, forbs, and grasses throughout the treated areas and improve woodland health by improving age structure and decreasing tree density",Areas have been identified within the lower pinyon/juniper community that\r\nhave a large component of sagebrush remaining. The manual cutting or mobile\r\nchipping / shredding of pinyon/juniper within these areas would allow the\r\nattainment of treatment objectives where chaining and broadcast fire treatments\r\nwould not.,GIS information indicates that the treatment was implemented.,NA,Polygon,Confirmed,"Digitized by BLM field office personnel, method unknown",NA,13980.1663,12454.09574,NA,NA,"Overgrazing, Loss of vegetation, Loss of Perennials, Habitat for wildlife, Habitat for sage grouse, Erosion, Fire hazard, Public Safety, Rangeland health","A combination of 100 years of fire suppression and past livestock grazing practices have allowed the pinyon/juniper woodland to increase its range and expand into areas historically dominated by sagebrush and perennial grasses. In the  project area remaining shrub lands are dominated by homogenous stands of mature sagebrush with declining, remnant populations of native perennial forbs and grasses. Much of the ground below the pinyon/juniper closed canopy has little or no shrubs, forbs or grasses, all of which are important to wildlife, livestock and ecosystem stability. The sagebrush corridors that once connected the Bald Hills and the Greenville Bench, and facilitated the movement and dispersal of sagebrush obligate species such as sage grouse, have disappeared due to pinyon/ juniper encroachment. Due to the current condition of the watershed, a catastrophic wildfire would cause large-scale damage to the watershed and would be very hard to control.\r\n   The following actions have been identified by resource and fire management professionals as necessary on the Greenville Bench area: 1) establishing fuel breaks along selected roads, property lines and topographic features on the lower sagebrush bench creating a situation where wildfires can be better managed by reducing the rate of spread and giving fire fighters additional response time to suppress fires&* 2) decreasing the hazardous fuel loads on the mid and upper slopes in the pinyon/juniper woodland, thereby protecting against the threat of catastrophic wildfires leaving the woodlands and impacting neighboring private lands and Interstate 15&* 3) re-establishing sagebrush corridors between the Bald Hills and the Greenville Bench allowing for better dispersal and movement of wildlife species&* 4) decreasing the amount of pinyon/juniper encroachment into areas historically dominated by big sagebrush&* 5) increasing plant diversity within the treatment areas by establishing a mix of native and non-native shrubs, forbs and grasses that would also facilitate a decrease in surface soil erosion as a result of precipitation and wind&* 6) improve the health of both woodlands and sagebrush/grasslands by increasing biological diversity and age class.",None,NA,None,NA,NA,43:08:00,00,00,2004,06,15,00,00,2007,06,15
5395,14926,Vegetation/Soil Manipulation,Soil Disturbance,Soil Disturbance: Chaining,9380,8113,3688,2,1965-07-30,1965-12-31,7/30/1965,12/31/1965,actual,actual,154,Implemented,None,2,None,NA,0,NA,NA,NA,NA,NA,NA,NA,NA,NA,Double chained with aerial seeding between chainings.,NA,Polygon,Confirmed,Digitized by LTDL data entry personnel using a confirmed map,8/19/2013,2668.82291,2473.93369,NA,NA,None,NA,None,NA,None,NA,NA,58:39:00,7,30,1965,07,30,12,31,1965,12,31
5395,14927,Seeding,Aerial Seeding,Aerial Seeding,9381,8114,3688,2,1965-07-30,1965-12-31,7/30/1965,12/31/1965,actual,actual,154,Implemented,None,2,Acres,2600,-1,Confirmed seed list,crested,Seeds,Confirmed on Paper,NA,NA,NA,NA,NA,"Method of seeding - aerial seeding between chainings. \r\nCrested wheatgrass broadcast.\r\nPurity of seed 91.83%, germination 80.75%. Broadcast at 8 lbs per acre. Seed cost per acre $1.68.\r\nTotal cost per acre $6.70.",NA,Polygon,Confirmed,Digitized by LTDL data entry personnel using a confirmed map,8/19/2013,2668.82291,2473.93369,NA,NA,None,NA,None,NA,None,NA,NA,58:39:00,7,30,1965,07,30,12,31,1965,12,31
5524,15284,Seeding,Seeding,Seeding,9619,8137,3690,2,1967-08-11,1967-12-04,8/11/1967,12/4/1967,actual,actual,115,Implemented,None,2,Acres,2200,-1,Confirmed seed list,Russian Wildrye,Seeds,Confirmed on Paper,Unknown,Unknown,"The seed mix did not indicate whether bulk or PLS rates were used, therefore, unknown has been listed and all seed mix information has been entered into the Bulk category.",NA,NA,"Dominant vegetative species before treatment was big sage. - b. Seedbed was prepared by double plowing. C. Russian Wildrye drilled at 6 lbs per acre. Seed cost $1.28 per acre, total cost per acres seeded, $7.70.","Brush kill appears to be real good, 95%+. Russian Wildrye drilled at the rate of 6 lbs per acre. Good winter precipitation. Cost per acre was $7.70. Seeding was scheduled for crested wheat grass but changed to Russian wild rye due to the scarcity and high cost of crested.",Polygon,Confirmed,Digitized by LTDL data entry personnel using a confirmed map,9/17/2013,2264.001335,2230.971507,NA,NA,"Provide forage for livestock, Provide forage for wildlife, Provide cover for wildlife",There will be a substantial in crease of AUMs attributed to the seeding for livestock. Also for deer.,None,NA,None,NA,NA,33:23:00,8,11,1967,08,11,12,4,1967,12,04
5524,15285,Vegetation/Soil Manipulation,Soil Disturbance,Soil Disturbance: Plowing,9620,8138,3690,2,1967-08-11,1967-12-04,8/11/1967,12/4/1967,actual,actual,115,Implemented,None,2,Acres,2200,0,NA,NA,NA,NA,NA,NA,NA,NA,NA,"Dominant vegetative species before treatment was big sage. - b. Seedbed was prepared by double plowing. C. Russian Wildrye drilled at 6 lbs per acre. Seed cost $1.28 per acre, total cost per acres seeded, $7.70.","Brush kill appears to be real good, 95%+. Russian Wildrye drilled at the rate of 6 lbs per acre. Good winter precipitation. Cost per acre was $7.70. Seeding was scheduled for crested wheat grass but changed to Russian wild rye due to the scarcity and high cost of crested.",Polygon,Confirmed,Digitized by LTDL data entry personnel using a confirmed map,9/17/2013,2264.001335,2230.971507,NA,NA,"Provide forage for livestock, Provide forage for wildlife, Provide cover for wildlife",There will be a substantial in crease of AUMs attributed to the seeding for livestock. Also for deer.,None,NA,None,NA,NA,40:37:00,8,11,1967,08,11,12,4,1967,12,04
5572,15446,Seeding,Aerial Seeding,Aerial Seeding,9735,8143,3691,2,1987-06-15,1987-06-15,00/00/1987,00/00/1987,estimated month and day,estimated month and day,0,Implemented,Unknown,1,Acres,6850,-1,Confirmed seed list,Aerial Seed Mix,Seeds,Confirmed on Paper,Unknown,Overall,"There was only a general rate listed for all species combined indicated here, specific rates for each species were not possible.",NA,NA,NA,NA,Polygon,Confirmed,Digitized by LTDL data entry personnel using a confirmed map,6/22/2015,6091.486633,6091.49078,NA,Unknown,"Erosion, Forage for livestock, Forage for wildlife, Loss of vegetation, Vegetal cover",NA,None,NA,None,NA,NA,06:34:00,00,00,1987,06,15,00,00,1987,06,15
5572,15447,Vegetation/Soil Manipulation,Soil Disturbance,Soil Disturbance: Chaining,9736,8144,3691,2,1987-06-15,1987-06-15,00/00/1987,00/00/1987,estimated month and day,estimated month and day,0,Implemented,Unknown,1,Acres,5550,0,No seed list,NA,NA,NA,NA,NA,NA,NA,NA,NA,NA,Polygon,Confirmed,Digitized by LTDL data entry personnel using a confirmed map,6/22/2015,6091.486633,6091.49078,NA,Unknown,"Loss of vegetation, Vegetal cover, Erosion, Forage for livestock, Forage for wildlife",NA,None,NA,None,NA,NA,09:14:00,00,00,1987,06,15,00,00,1987,06,15
6013,16658,Seeding,Aerial Seeding,Aerial Seeding,10486,8175,3698,2,1971-06-15,1971-06-15,00/00/1971,00/00/1971,estimated month and day,estimated month and day,0,Implemented,None,2,Acres,1500,-1,Confirmed seed list,NA,Seeds,Confirmed on Paper,Unknown,Species Specific,NA,This seeding is needed for FY71 to prevent site soil loss. Also to produce more AUMs of forage so that Class I grazing privileges can be restored as per agreement dated 1/9/59. This area is an important deer winter range and an important area for sage grouse. This seeding will help the two wildlife species .,NA,NA,NA,Polygon,Confirmed,"Digitized by BLM field office personnel, method unknown",NA,1133.295934,1095.729633,NA,BLM and Cooperators,"Habitat for Mule Deer, Habitat for Sage Grouse, Provide Forage for Livestock, Provide Forage for Wildlife, Erosion",This seeding is needed for FY 71 to prevent site soil loss. Also to produce more AUMs of forage so that Class I grazing privileges can be restored as per agreement dated 1/9/59. This area is an important deer winter range and an important area for sage grouse. This seeding will help the two wildlife species .,None,NA,None,NA,NA,48:08:00,00,00,1971,06,15,00,00,1971,06,15
6013,16659,Vegetation/Soil Manipulation,Soil Disturbance,Soil Disturbance: Chaining,10487,8176,3698,2,1971-06-15,1971-06-15,00/00/1971,00/00/1971,estimated month and day,estimated month and day,0,Implemented,None,2,Acres,1500,0,NA,NA,NA,NA,NA,NA,NA,NA,"This is a double changing project. The area is to be chained once, then aerial seeded (under separate contract); then chained a second time in the opposite direction.",NA,NA,Polygon,Confirmed,"Digitized by BLM field office personnel, method unknown",NA,1133.295934,1095.729633,NA,NA,"Habitat for Mule Deer, Habitat for Sage Grouse, Provide Forage for Livestock, Provide Forage for Wildlife, Erosion",This seeding is needed for FY 71 to prevent site soil loss. Also to produce more AUMs of forage so that Class I grazing privileges can be restored as per agreement dated 1/9/59. This area is an important deer winter range and an important area for sage grouse. This seeding will help the two wildlife species .,None,NA,None,NA,NA,48:08:00,00,00,1971,06,15,00,00,1971,06,15
6335,17499,Vegetation/Soil Manipulation,Soil Disturbance,Soil Disturbance: Chaining,11026,8217,3702,2,2003-06-15,2003-06-15,00/00/2003,00/00/2003,estimated month and day,estimated month and day,0,Implemented,Unknown,1,Acres,125,0,No seed list,NA,NA,NA,NA,NA,NA,Establish seeded species.,Emergency fire stabilization operations would include single\r\nchaining (125 acres).,"2 large D-9 caterpillar type tractors pulled a 250 foot anchor chain, to pull soil over the seeded area.","The 1st year showed 3.5% live vegetation, 28.25% litter, 4.75% rocks, and 63.5% bareground. By the third and final year of monitoring there was 11.75% live perennial vegetative cover and out of the live cover, 70% was seeded species. The study also shows in the third year there was 68.75% litter, 1.75% rocks, and 17.75% bareground. Furthermore, western wheatgrass which was not seeded also had a good response to the treatment. Also the study shows that there were few annuals able to establish in the fire area. With this level of success we have achieved our ES goals of being cost effective, preventing further degradation in fire area and downstream, stabilized steep slopes, the prevention of non-native invasive plants, have been achieved.",Polygon,Confirmed,"Digitized by BLM field office personnel, method unknown",NA,123.9433196,123.9434231,NA,Unknown,Livestock in treated area,"The project is needed to prevent the loss of soil due to wind water erosion.  It will also prevent the establishment of noxious weeds, undesirable plants including cheatgrass and knapweed on the public lands burned by the wildfire.",NA,NA,NA,NA,NA,49:47:00,00,00,2003,06,15,00,00,2003,06,15
6335,17498,Seeding,Aerial Seeding,Aerial Seeding,11027,8218,3702,2,2003-06-15,2003-06-15,00/00/2003,00/00/2003,estimated month and day,estimated month and day,0,Implemented,Successful,1,Acres,125,-1,Confirmed seed list,Kern Aerial Mix (Actual),Seeds,Confirmed on Paper,Unknown,Species Specific,"Bulk or PLS was not specified, so bulk was listed to be safe.",Establish seeded species.,Emergency fire stabilization operations would include aerial seeding (125 acres).,"A fixed wing plane was contracted to fly 1,688 lbs of seed on 125 acres.","The 1st year showed 3.5% live vegetation, 28.25% litter, 4.75% rocks, and 63.5% bareground. By the third and final year of monitoring there was 11.75% live perennial vegetative cover and out of the live cover, 70% was seeded species. The study also shows in the third year there was 68.75% litter, 1.75% rocks, and 17.75% bareground. Furthermore, western wheatgrass which was not seeded also had a good response to the treatment. Also the study shows that there were few annuals able to establish in the fire area. With this level of success we have achieved our ES goals of being cost effective, preventing further degradation in fire area and downstream, stabilized steep slopes, the prevention of non-native invasive plants, have been achieved.",Polygon,Confirmed,"Digitized by BLM field office personnel, method unknown",11/19/2015,123.9433196,123.9434231,The entire area was seeded so the project and treatment shapefiles were identical.,Unknown,"Erosion, Fire hazard, Loss of vegetation, Noxious weeds, Vegetal cover, Unknown","The project is needed to prevent the loss of soil due to wind water erosion.  It will also prevent the establishment of noxious weeds, undesirable plants including cheatgrass and knapweed on the public lands burned by the wildfire.",NA,NA,NA,NA,NA,48:12:00,00,00,2003,06,15,00,00,2003,06,15
6899,18981,Vegetation/Soil Manipulation,Soil Disturbance,Soil Disturbance: Plowing,12001,8285,3707,2,1953-07-27,1954-01-19,7/27/1953,1/19/1954,actual,actual,176,Implemented,None,2,Acres,1122,0,NA,NA,NA,NA,NA,NA,NA,NA,NA,Sagebrush was the dominant vegetation.  It was eliminated by plowing with a disc plow.,NA,Polygon,Confirmed,Digitized by LTDL data entry personnel using a confirmed map,10/30/2012,1590.263093,1579.714477,NA,NA,None,NA,None,NA,None,NA,Documents label this treatment as the Long Hollow Seeding.,25:47:00,7,27,1953,07,27,1,19,1954,01,19
6899,18980,Seeding,Drill Seeding,Ground Seeding: Drill,12002,8286,3707,2,1953-07-27,1954-01-19,7/27/1953,1/19/1954,actual,actual,176,Implemented,None,2,Acres,1122,-1,Confirmed seed list,Long Hollow Chalk Hollow Dril Seed 2,Seeds,Confirmed on Paper,Unknown,Species Specific,"The seed mix did not indicate whether bulk or PLS rates were used, therefore, unknown has been listed and all seed mix information has been entered into the Bulk category.",NA,NA,Crested wheat seed was drilled at the rate of 6 lbs per acre.,"Good stand of crested wheatgrass in both seedings.  The main protion of Long Holllow is heavily grazed, the southerna nd western portions have not been grazed.",Polygon,Confirmed,Digitized by LTDL data entry personnel using a confirmed map,10/30/2012,1590.263093,1579.714477,NA,NA,None,NA,None,NA,None,NA,Documents label this treatment as the Long Hollow Seeding.,28:51:00,7,27,1953,07,27,1,19,1954,01,19
6925,19038,Vegetation/Soil Manipulation,Soil Disturbance,Soil Disturbance: Chaining,12039,8291,3710,2,1963-10-20,1963-12-22,10/20/1963,12/22/1963,actual,actual,63,Implemented,None,2,Acres,600,-1,Confirmed seed list,NA,Seeds,Confirmed on Paper,Unknown,Species Specific,NA,NA,NA,The project consisted of chaining twice the pinion-juniper stand with anchor chains & tractors .,NA,Polygon,Confirmed,"Digitized by BLM field office personnel, method unknown",NA,609.6229104,609.6251959,NA,NA,Unknown,NA,None,NA,None,NA,NA,38:18:00,10,20,1963,10,20,12,22,1963,12,22
6925,19039,Seeding,Aerial Seeding,Aerial Seeding,12040,8292,3710,2,1963-10-30,1963-12-22,10/30/1963,12/22/1963,actual,actual,53,Implemented,None,2,Acres,600,-1,Not Determined,NA,NA,NA,NA,NA,NA,NA,NA,"After the first chaining, crested wheat was\r\nbroadcast by airplane then the second chaining was completed. Nine lbs. per acre\r\nwas broadcast.",NA,Polygon,Confirmed,"Digitized by BLM field office personnel, method unknown",NA,609.6229104,609.6251959,NA,NA,Unknown,NA,None,NA,None,NA,NA,38:18:00,10,30,1963,10,30,12,22,1963,12,22
7467,20360,Seeding,Seeding,Seeding,12888,8343,3716,2,1959-07-15,1959-11-15,7/00/1959,11/00/1959,estimated day,estimated day,123,Implemented,Unknown,2,Acres,1218,-1,Confirmed seed list,Middle Buckskin Seeding,Seeds,Confirmed on Paper,Unknown,Species Specific,"The seed mix did not indicate whether bulk or PLS rates were used, therefore, unknown has been listed and all seed mix information has been entered into the Bulk category.",NA,NA,"Approximately 1,018 acres of sagebrush covered and was plowed and seeded to crested wheatgrass seed at the rate of approximately 6 pounds to the acre.  The area is fenced for protection under a separate project.  Approximately 200 acres of private land was treated at the expense of the cooperators.",NA,Polygon,Confirmed,"Digitized by BLM field office personnel, method unknown",NA,1734.288791,1734.290009,NA,NA,Unknown,NA,None,NA,None,NA,NA,08:01:00,7,00,1959,07,15,11,00,1959,11,15
7467,20361,Vegetation/Soil Manipulation,Soil Disturbance,Soil Disturbance: Plowing,12889,8344,3716,2,1959-07-15,1959-11-15,7/00/1959,11/00/1959,estimated day,estimated day,123,Implemented,Unknown,1,Acres,1218,0,NA,NA,NA,NA,NA,NA,NA,NA,NA,"Approximately 1,018 acres of sagebrush covered and was plowed and seeded to crested wheatgrass seed at the rate of approximately 6 pounds to the acre.  The area is fenced for protection under a separate project.  Approximately 200 acres of private land was treated at the expense of the cooperators.",NA,Polygon,Confirmed,"Digitized by BLM field office personnel, method unknown",NA,1734.288764,1734.289977,NA,NA,Unknown,NA,None,NA,None,NA,NA,10:40:00,7,00,1959,07,15,11,00,1959,11,15
7522,20520,Seeding,Aerial Seeding,Aerial Seeding,12984,8347,3717,2,1994-10-15,1995-03-15,10/00/1994,3/00/1995,estimated day,estimated day,151,Implemented,Unknown,1,Acres,7825,-1,Unknown seed list,Milford Bench Aerial Seed Mix,Seeds,Unknown Seed List Origin,Unknown,Species Specific,"The seed mix did not indicate whether bulk or PLS rates were used, therefore, unknown has been listed and all seed mix information has been entered into the Bulk category.","The proposed action is needed to minimize the adverse affects of fire to soil, vegetation and wildlife.  Rapid reestablishment of perennial vegetation would reduce soil loss, thus preserving long-term productivity of the area.\r\n   Goals and general objectives of the project are to:\r\n   A.  Reestablish perennial vegetation communities which have a fire resistant characteristics and reduce the opportunity for invasion of undesirable annuals.  Annual vegetation, if allowed to invade these sites, would continue or increase the occurrence of major fires on these areas.\r\n  B.  Maintain the soil surface factor at the present level by maximizing soil surface cover in the shortest possible timeframe.\r\n  C.  Establish a plant community that would, over the long-term, provide for the diverse needs of the soil an wildlife resources, as well as for domestic livestock.",NA,A memo indicates that one pound per acre of Forage Kochia was aerially broadcast over the same area that was drill seeded.,NA,Polygon,Confirmed,"Digitized by BLM field office personnel, method unknown",NA,7662.878738,7538.643656,NA,NA,"Provide forage for livestock, Habitat for wildlife, Invasion by non-native annuals, Loss of Perennials, Erosion, Fire hazard","The proposed action is needed to minimize the adverse affects of fire to soil, vegetation and wildlife.  Rapid reestablishment of perennial vegetation would reduce soil loss, thus preserving long-term productivity of the area.\r\n   Goals and general objectives of the project are to:\r\n   A.  Reestablish perennial vegetation communities which have a fire resistant characteristics and reduce the opportunity for invasion of undesirable annuals.  Annual vegetation, if allowed to invade these sites, would continue or increase the occurrence of major fires on these areas.\r\n  B.  Maintain the soil surface factor at the present level by maximizing soil surface cover in the shortest possible timeframe.\r\n  C.  Establish a plant community that would, over the long-term, provide for the diverse needs of the soil an wildlife resources, as well as for domestic livestock.",None,NA,None,NA,NA,43:37:00,10,00,1994,10,15,3,00,1995,03,15
7522,20521,Seeding,Drill Seeding,Ground Seeding: Drill,12985,8348,3717,2,1994-10-15,1995-03-15,10/00/1994,3/00/1995,estimated day,estimated day,151,Implemented,Unknown,1,Acres,7825,-1,Planned seed list,Milford Bench Drill Seeding,Seeds,Plan,Unknown,Species Specific,NA,"The proposed action is needed to minimize the adverse affects of fire to soil, vegetation and wildlife.  Rapid reestablishment of perennial vegetation would reduce soil loss, thus preserving long-term productivity of the area.\r\n   Goals and general objectives of the project are to:\r\n   A.  Reestablish perennial vegetation communities which have a fire resistant characteristics and reduce the opportunity for invasion of undesirable annuals.  Annual vegetation, if allowed to invade these sites, would continue or increase the occurrence of major fires on these areas.\r\n  B.  Maintain the soil surface factor at the present level by maximizing soil surface cover in the shortest possible timeframe.\r\n  C.  Establish a plant community that would, over the long-term, provide for the diverse needs of the soil an wildlife resources, as well as for domestic livestock.",The area was to be seeded with a rangeland drill,A memo indicates that the area was drill seeded at a rate of 7.0 pounds per acre with rangeland drills.,NA,Polygon,Confirmed,"Digitized by BLM field office personnel, method unknown",NA,7662.878738,7538.643656,NA,NA,"Provide forage for livestock, Habitat for wildlife, Invasion by non-native annuals, Loss of Perennials, Erosion, Fire hazard","The proposed action is needed to minimize the adverse affects of fire to soil, vegetation and wildlife.  Rapid reestablishment of perennial vegetation would reduce soil loss, thus preserving long-term productivity of the area.\r\n   Goals and general objectives of the project are to:\r\n   A.  Reestablish perennial vegetation communities which have a fire resistant characteristics and reduce the opportunity for invasion of undesirable annuals.  Annual vegetation, if allowed to invade these sites, would continue or increase the occurrence of major fires on these areas.\r\n  B.  Maintain the soil surface factor at the present level by maximizing soil surface cover in the shortest possible timeframe.\r\n  C.  Establish a plant community that would, over the long-term, provide for the diverse needs of the soil an wildlife resources, as well as for domestic livestock.",None,NA,None,NA,NA,52:02:00,10,00,1994,10,15,3,00,1995,03,15
7830,21392,Seeding,Aerial Seeding,Aerial Seeding,13596,8387,3724,2,1988-10-19,1988-11-11,10/19/1988,11/11/1988,actual,actual,23,Implemented,Unknown,2,Acres,715,-1,Confirmed seed list,Aerial Mix,Seeds,Confirmed on Paper,Unknown,Overall,"There was only a general rate listed for all species combined indicated here, specific rates for each species were not possible.",1.  Stabilize Soils  2.  Provide vegetative cover  3.  Reduce future fire danger,NA,NA,NA,Polygon,Confirmed,Digitized by LTDL data entry personnel using a confirmed map,6/29/2015,929.1997021,844.079253,NA,Unknown,"Erosion, Fire hazard, Loss of vegetation, Vegetal cover",NA,Unknown,NA,Unknown,NA,NA,20:27:00,10,19,1988,10,19,11,11,1988,11,11
7830,21393,Vegetation/Soil Manipulation,Soil Disturbance,Soil Disturbance: Chaining,13597,8388,3724,2,1988-10-19,1988-11-11,10/19/1988,11/11/1988,actual,actual,23,Implemented,Unknown,0,Acres,995,0,NA,NA,NA,NA,NA,NA,NA,1.  Stabilize Soils  2.  Provide vegetative cover  3.  Reduce future fire danger,NA,NA,NA,Polygon,Confirmed,Digitized by LTDL data entry personnel using a confirmed map,6/30/2015,929.1997021,844.079253,NA,Unknown,"Erosion, Hazardous fuels reduction, Loss of vegetation, Vegetal cover",NA,None,NA,None,NA,NA,58:09:00,10,19,1988,10,19,11,11,1988,11,11
8139,22297,Vegetation/Soil Manipulation,Soil Disturbance,Soil Disturbance: Chaining,14184,8431,3729,2,1964-07-14,1964-10-30,7/14/1964,10/30/1964,actual,actual,108,Implemented,None,2,Acres,600,0,NA,NA,NA,NA,NA,NA,NA,NA,The project includes double chaining of pinion-juniper with 35 lb. anchor chains dragged behind two crawler tractors.,This area was chained twice with anchor chains and tractors.,NA,Polygon,Confirmed,"Digitized by BLM field office personnel, method unknown",NA,1062.726494,1039.820865,NA,BLM,"Provide Forage for Livestock, Provide Forage for Wildlife",The proposed project area is located within the Gov&$t. Creek Resource Conservation Area where an approximate seven percent (7%) restoration of grazing privileges . Such a project will afford more forage for wildlife as well as livestock and will create additional relief of the native untreated areas.,None,NA,None,NA,NA,11:39:00,7,14,1964,07,14,10,30,1964,10,30
8139,22298,Seeding,Aerial Seeding,Aerial Seeding: Fixed Wing,14185,8432,3729,2,1964-07-14,1964-10-30,7/14/1964,10/30/1964,actual,actual,108,Implemented,None,2,Acres,600,-1,Confirmed seed list,NA,Seeds,Confirmed on Paper,Unknown,Species Specific,NA,NA,NA,"After the first chaining, crested wheat was broadcast by airplane then the second chaining was completed. Five lbs. of seed which cost $. 90 was broadcast per acre.  Seed data: Purity  90.607%, Inert material, 9. 40%, weed seed - trace, Crop seed -\r\ntrace , germination, 90.25%.",NA,Polygon,Confirmed,"Digitized by BLM field office personnel, method unknown",NA,1062.726494,1039.820865,NA,NA,"Provide Forage for Livestock, Provide Forage for Wildlife",The proposed project area is located within the Gov&$t. Creek Resource Conservation Area where an approximate seven percent (7%) restoration of grazing privileges . Such a project will afford more forage for wildlife as well as livestock and will create additional relief of the native untreated areas.,None,NA,None,NA,NA,11:39:00,7,14,1964,07,14,10,30,1964,10,30
8154,22323,Seeding,Ground Seeding,Ground Seeding: Broadcast,14207,8435,3730,2,2007-05-27,2008-09-30,5/27/2007,9/30/2008,actual,actual,492,Implemented,None,1,Acres,1657,-1,Confirmed seed list,NA,Seeds,Confirmed on Paper,Unknown,NA,NA,NA,"A diverse mix of forbs, grasses and browse would be seeded to benefit the various wildlife, livestock, vegetation and watershed values of the area.",NA,NA,Polygon,Confirmed,"Digitized by BLM field office personnel, method unknown",NA,1658.123274,1655.849403,NA,NA,"Brush control, Fire hazard, Hazardous fuels accumulation, Hazardous fuels reduction, Watershed health, Watershed degradation, Vegetal cover, Wildland Urban Interface, Habitat for wildlife, Erosion","The North Fremont Allotment presently has 3500 acres of treatable, decadent, Wyoming big sagebrush habitat. This habitat consists of a monoculture of 80 to 100 year old sagebrush that is lacking an understory of desirable perennial grasses and forbs. This allotment presently does not have sufficient vegetative diversity, cover, composition or forage, to provide for BLM&$s multiple use needs.\r\n\r\nThe proposed Dixie harrow treatment would improve the vegetative resource and therefore restore the rangeland. The decadent sagebrush stands, that are of little or no value to wintering big game, other wildlife species, livestock and watershed, would be treated in an effort to improve vegetative cover and composition. An increase in desirable, upland forage and a decrease in overland flow/soil erosion would occur.",None,NA,None,NA,NA,56:27:00,5,27,2007,05,27,9,30,2008,09,30
8154,22322,Vegetation/Soil Manipulation,Soil Disturbance,Soil Disturbance: Harrowing,14208,8436,3730,2,2007-05-25,2008-09-30,5/25/2007,9/30/2008,actual,actual,494,Implemented,None,1,Acres,1657,0,Confirmed seed list,NA,NA,Confirmed on Paper,NA,NA,NA,NA,"A total of 3500 acres of decadent, Wyoming, big sagebrush rangeland would be double harrowed and broadcast seeded (see attached map). After the area is harrowed once, then a combination of broadcast seeding and harrowing would be used to complete the action. \r\n\r\nThe harrowing would be done on the contour as much as possible. This is very important for the improvement of the watershed, because harrowing on the contour greatly reduces the amount of overland flow and soil movement during runoff periods. The harrow creates furrows and keeps maximum water on-site, therefore improving seedling establishment and survival.\r\n\r\nA Dixie Harrow would be pulled behind a four-wheel drive tractor. A large, broadcast seeder that is tied into the tractor hydraulic system would be used to broadcast the seed.",NA,NA,Polygon,Confirmed,"Digitized by BLM field office personnel, method unknown",NA,1658.129778,1655.849403,NA,NA,"Brush control, Fire hazard, Hazardous fuels accumulation, Hazardous fuels reduction, Watershed health, Watershed degradation, Vegetal cover, Wildland Urban Interface, Habitat for wildlife, Erosion","The North Fremont Allotment presently has 3500 acres of treatable, decadent, Wyoming big sagebrush habitat. This habitat consists of a monoculture of 80 to 100 year old sagebrush that is lacking an understory of desirable perennial grasses and forbs. This allotment presently does not have sufficient vegetative diversity, cover, composition or forage, to provide for BLM&$s multiple use needs.\r\n\r\nThe proposed Dixie harrow treatment would improve the vegetative resource and therefore restore the rangeland. The decadent sagebrush stands, that are of little or no value to wintering big game, other wildlife species, livestock and watershed, would be treated in an effort to improve vegetative cover and composition. An increase in desirable, upland forage and a decrease in overland flow/soil erosion would occur.",None,NA,None,NA,NA,42:15:00,5,25,2007,05,25,9,30,2008,09,30
8313,22756,Seeding,Ground Seeding,Ground Seeding: Broadcast,14494,8449,3732,2,2003-09-15,2003-11-30,9/15/2003,11/30/2003,actual,actual,76,Implemented,None,1,Acres,3300,-1,Planned seed list,NA,Seeds,Plan,Unknown,NA,NA,NA,"Eleven species would be used in the seed mix ( 4 forbs, 2 browse, 5 grasses):\r\nAppar Lewis flax, Delar small burnet, yellow sweetclover, Eski sainfoin, forage kochia,\r\nantelope bitterbrush, Covar sheep fescue, Luna pubescent wheatgrass, Hycrest crested\r\nwheatgrass, Russian wildrye and Magnar great basin wildrye. After the area is harrowed once,\r\nthen a combination of broadcast seeding and harrowing would be used to complete the action.\r\nThe second harrowing would be done in the opposite direction of the first harrowing.",NA,NA,Polygon,Confirmed,"Digitized by BLM field office personnel, method unknown",NA,3493.811838,3190.626806,NA,NA,"Brush control, Fire hazard, Hazardous fuels accumulation, Hazardous fuels reduction, Invasion by pinyon-juniper","The project involves double harrowing and broadcast seeding 3,000 acres of Wyoming big\r\nsagebrush habitat. Eleven species would be used in the seed mix ( 4 forbs, 2 browse, 5 grasses):\r\nAppar Lewis flax, Delar small burnet, yellow sweetclover, Eski sainfoin, forage kochia,\r\nantelope bitterbrush, Covar sheep fescue, Luna pubescent wheatgrass, Hycrest crested\r\nwheatgrass, Russian wildrye and Magnar great basin wildrye. After the area is harrowed once,\r\nthen a combination of broadcast seeding and harrowing would be used to complete the action.\r\nThe second harrowing would be done in the opposite direction of the first harrowing. This is\r\ncrucial to the success of the project, because it maximizes the kill of the decadent, nonproductive\r\nsagebrush and it also finalizes the preparation of the seedbed. The harrowing would be done on\r\nthe contour as much as possible. This is very important for the improvement of the watershed,\r\nbecause harrowing on the contour greatly reduces the amount of overland flow and soil\r\nmovement during runoff periods. It keeps maximum water on-site and improves seedling\r\nestablishment and survival.",None,NA,None,NA,NA,32:58:00,9,15,2003,09,15,11,30,2003,11,30
8313,22755,Vegetation/Soil Manipulation,Soil Disturbance,Soil Disturbance: Harrowing,14495,8450,3732,2,2003-09-15,2003-11-30,9/15/2003,11/30/2003,actual,actual,76,Implemented,None,2,Acres,3300,0,NA,NA,NA,NA,NA,NA,NA,NA,"A Dixie Harrow (43 feet wide; 12,000 lbs.) would be pulled behind a 450 horsepower, fourwheel\r\ndrive tractor, that has dual tires all around (8). A large, Herd broadcast seeder (Model\r\n2440; 21 bushel capacity), that is tied into the tractor hydraulic system, would be used to\r\nbroadcast the seed.",NA,NA,Polygon,Confirmed,"Digitized by BLM field office personnel, method unknown",NA,3493.811838,3190.626806,NA,NA,"Brush control, Fire hazard, Hazardous fuels accumulation, Hazardous fuels reduction, Invasion by pinyon-juniper","The project involves double harrowing and broadcast seeding 3,000 acres of Wyoming big\r\nsagebrush habitat. Eleven species would be used in the seed mix ( 4 forbs, 2 browse, 5 grasses):\r\nAppar Lewis flax, Delar small burnet, yellow sweetclover, Eski sainfoin, forage kochia,\r\nantelope bitterbrush, Covar sheep fescue, Luna pubescent wheatgrass, Hycrest crested\r\nwheatgrass, Russian wildrye and Magnar great basin wildrye. After the area is harrowed once,\r\nthen a combination of broadcast seeding and harrowing would be used to complete the action.\r\nThe second harrowing would be done in the opposite direction of the first harrowing. This is\r\ncrucial to the success of the project, because it maximizes the kill of the decadent, nonproductive\r\nsagebrush and it also finalizes the preparation of the seedbed. The harrowing would be done on\r\nthe contour as much as possible. This is very important for the improvement of the watershed,\r\nbecause harrowing on the contour greatly reduces the amount of overland flow and soil\r\nmovement during runoff periods. It keeps maximum water on-site and improves seedling\r\nestablishment and survival.",None,NA,None,NA,NA,33:10:00,9,15,2003,09,15,11,30,2003,11,30
8991,24507,Vegetation/Soil Manipulation,Soil Disturbance,Soil Disturbance: Chaining,15644,8517,3743,2,1957-09-09,1958-01-10,9/9/1957,1/10/1958,actual,actual,123,Implemented,Unknown,2,Acres,984,0,NA,NA,NA,NA,NA,NA,NA,NA,NA,Removal of cedar trees and sagebrush by chaining.  Seedbed prepared by plowing or rechaining as necessary.  Crested wheatgrass drilled at the rate of 6lb/acre.,NA,Polygon,Confirmed,"Digitized by BLM field office personnel, method unknown",NA,1104.996476,1100.08744,NA,NA,None,NA,None,NA,None,NA,NA,12:03:00,9,9,1957,09,09,1,10,1958,01,10
8991,24508,Seeding,Drill Seeding,Ground Seeding: Drill,15645,8518,3743,2,1957-09-09,1958-01-10,9/9/1957,1/10/1958,actual,actual,123,Implemented,Unknown,1,Acres,984,-1,Confirmed seed list,Porcupine Pasture Drill Seeding,Seeds,Confirmed on Paper,Unknown,Species Specific,"The seed mix did not indicate whether bulk or PLS rates were used, therefore, unknown has been listed and all seed mix information has been entered into the Bulk category.",NA,NA,Removal of cedar trees and sagebrush by chaining.  Seedbed prepared by plowing or rechaining as necessary.  Crested wheatgrass drilled at the rate of 6lb/acre.,Stand is dense although plants are low in stature.  Evidence of snakeweed invasion although the proper stocking rate these plants will probably be at a minimum.  No grazing has been allowed on seeding as of this date.,Polygon,Confirmed,"Digitized by BLM field office personnel, method unknown",NA,1104.996462,1100.087429,NA,NA,None,NA,None,NA,None,NA,NA,14:11:00,9,9,1957,09,09,1,10,1958,01,10
8993,24511,Vegetation/Soil Manipulation,Soil Disturbance,Soil Disturbance: Plowing,15647,8519,3744,2,1956-07-29,1956-11-16,7/29/1956,11/16/1956,actual,actual,110,Implemented,Unknown,2,Acres,950,0,NA,NA,NA,NA,NA,NA,NA,NA,NA,Tree removal and plowing of 950 acres which was following by drilling 5700 lbs. of crested wheatgrass and the rate of 6lb per acre.,NA,Polygon,Confirmed,"Digitized by BLM field office personnel, method unknown",NA,1285.271285,1252.21641,NA,NA,None,NA,None,NA,None,NA,NA,48:31:00,7,29,1956,07,29,11,16,1956,11,16
8993,24512,Seeding,Drill Seeding,Ground Seeding: Drill,15648,8520,3744,2,1956-07-29,1956-11-16,7/29/1956,11/16/1956,actual,actual,110,Implemented,Little Success,2,Acres,950,-1,Confirmed seed list,Porcupine Reseeding DrilL Seed Mix,Seeds,Confirmed on Paper,Unknown,Species Specific,"The seed mix did not indicate whether bulk or PLS rates were used, therefore, unknown has been listed and all seed mix information has been entered into the Bulk category.",NA,NA,Tree removal and plowing of 950 acres which was following by drilling 5700 lbs. of crested wheatgrass and the rate of 6lb per acre.,"Poor seeding, lot of new trees growing, needs burning and rest.",Polygon,Confirmed,"Digitized by BLM field office personnel, method unknown",NA,1285.271246,1252.216405,NA,NA,None,NA,None,NA,None,NA,NA,51:45:00,7,29,1956,07,29,11,16,1956,11,16
9995,27158,Seeding,Aerial Seeding,Aerial Seeding,17374,8587,3748,2,1988-06-15,1989-06-15,00/00/1988,00/00/1989,estimated month and day,estimated month and day,365,Implemented,Unknown,1,Acres,575,-1,Confirmed seed list,Aerial Mix,Seeds,Confirmed on Paper,Unknown,Overall,"There was only a general rate listed for all species combined indicated here, specific rates for each species were not possible.","1.  Stabilize soils, 2.  Provide vegetative cover, 3.  Reduce future fire danger",NA,NA,NA,Polygon,Confirmed,Digitized by LTDL data entry personnel using a confirmed map,7/10/2015,666.0101336,655.8899963,NA,Contractor,"Erosion, Hazardous fuels accumulation, Loss of vegetation, Vegetal cover",NA,None,NA,None,NA,NA,21:04:00,00,00,1988,06,15,00,00,1989,06,15
9995,27159,Vegetation/Soil Manipulation,Soil Disturbance,Soil Disturbance: Chaining,17375,8588,3748,2,1988-06-15,1989-06-15,00/00/1988,00/00/1989,estimated month and day,estimated month and day,365,Implemented,Unknown,1,Acres,550,0,NA,NA,NA,NA,NA,NA,NA,"1.  Stabilize soils, 2.  Provide vegetative cover, 3.  Reduce future fire danger",NA,NA,NA,Polygon,Confirmed,Digitized by LTDL data entry personnel using a confirmed map,7/10/2015,666.0101336,655.8899963,NA,Unknown,"Erosion, Hazardous fuels accumulation, Loss of vegetation, Vegetal cover",NA,None,NA,None,NA,NA,24:45:00,00,00,1988,06,15,00,00,1989,06,15
8835,24090,Seeding,Drill Seeding,Ground Seeding: Drill,15376,3484,3828,3,1960-06-15,1961-03-24,00/00/1960,3/24/1961,estimated month and day,actual,282,Implemented,None,1,Acres,3000,-1,Confirmed seed list,Pinto Seeding Drill Mix,Seeds,Confirmed on Paper,Unknown,Species Specific,"The seed mix did not indicate whether bulk or PLS rates were used, therefore, unknown has been listed and all seed mix information has been entered into the Bulk category.",NA,NA,"Crested wheatgrass was seeded at the rate of 6 lbs./acre, by drilling with rangeland drills.",NA,Polygon,Confirmed,"Digitized by BLM field office personnel, method unknown",NA,2960.553562,2958.465733,NA,NA,None,NA,None,NA,None,NA,NA,19:54:00,00,00,1960,06,15,3,24,1961,03,24
8835,24089,Vegetation/Soil Manipulation,Soil Disturbance,Soil Disturbance: Plowing,15377,3485,3828,3,1960-06-15,1961-03-24,00/00/1960,3/24/1961,estimated month and day,actual,282,Implemented,None,1,Acres,3000,0,NA,NA,NA,NA,NA,NA,NA,NA,NA,Brush removal by plowing.,NA,Polygon,Confirmed,"Digitized by BLM field office personnel, method unknown",NA,2960.553488,2958.465656,NA,NA,None,NA,None,NA,None,NA,NA,06:32:00,00,00,1960,06,15,3,24,1961,03,24
8835,24088,Vegetation/Soil Manipulation,Soil Disturbance,Soil Disturbance: Chaining,15378,3486,3828,3,1960-06-15,1961-03-24,00/00/1960,3/24/1961,estimated month and day,actual,282,Implemented,None,1,Acres,3000,0,NA,NA,NA,NA,NA,NA,NA,NA,NA,Tree removal by chaining with anchor chain.,NA,Polygon,Confirmed,"Digitized by BLM field office personnel, method unknown",NA,2960.553488,2958.465656,NA,NA,None,NA,None,NA,None,NA,NA,08:50:00,00,00,1960,06,15,3,24,1961,03,24
5979,16563,Seeding,Drill Seeding,Ground Seeding: Drill,10430,9690,3888,3,1962-07-15,1962-11-15,7/15/1962,11/15/1962,actual,actual,123,Implemented,None,2,Acres,1100,-1,Confirmed seed list,Jackrabbit Drill Seeding Mix,Seeds,Confirmed on Paper,Unknown,Species Specific,"The seed mix did not indicate whether bulk or PLS rates were used, therefore, unknown has been listed and all seed mix information has been entered into the Bulk category.",NA,Approximately 1500 acres of sagbrush land will be plowed or chained and seeded to Siberian Wheatgrass at the rate of 7 pounds per acre.,"Crested wheatgrass seed was drilled at the rate of 7 lbs. per acre using a rangeland drill.  The seed tested 98% pure, 85% germination.  Cost of seed was $1.68.",NA,Polygon,Confirmed,"Digitized by BLM field office personnel, method unknown",NA,967.5311368,967.5320946,NA,NA,Unknown,NA,None,NA,None,NA,NA,09:33:00,7,15,1962,07,15,11,15,1962,11,15
5979,16562,Vegetation/Soil Manipulation,Soil Disturbance,Soil Disturbance: Chaining,10431,9691,3888,3,1962-07-15,1962-11-15,7/15/1962,11/15/1962,actual,actual,123,Implemented,None,2,Acres,1100,0,NA,NA,NA,NA,NA,NA,NA,NA,Approximately 1500 acres of sagebrush land will be plowed or chained and seeded to Siberian Wheatgrass at the rate of 7 pounds per acre.,"Trees were chained, the ground was then smoothed up with a ship's anchor chain.",NA,Polygon,Confirmed,"Digitized by BLM field office personnel, method unknown",NA,967.5311336,967.5320952,NA,NA,Unknown,NA,None,NA,None,NA,NA,12:37:00,7,15,1962,07,15,11,15,1962,11,15
5979,16561,Vegetation/Soil Manipulation,Soil Disturbance,Soil Disturbance: Plowing,10432,9692,3888,3,1962-07-15,1962-11-15,7/15/1962,11/15/1962,actual,actual,123,Implemented,None,2,Acres,1100,0,NA,NA,NA,NA,NA,NA,NA,NA,Approximately 1500 acres of sagebrush land will be plowed or chained and seeded to Siberian Wheatgrass at the rate of 7 pounds per acre.,The seedbed was prepared by plowing sagebrush with a wheatland plow.,NA,Polygon,Confirmed,"Digitized by BLM field office personnel, method unknown",NA,967.5311336,967.5320952,NA,NA,Unknown,NA,None,NA,None,NA,NA,15:28:00,7,15,1962,07,15,11,15,1962,11,15
6686,18399,Vegetation/Soil Manipulation,Soil Disturbance,Soil Disturbance: Chaining,11621,9783,3895,3,1966-08-02,1966-12-14,8/2/1966,12/14/1966,actual,actual,134,Implemented,Successful,2,Acres,1000,0,NA,NA,NA,NA,NA,NA,NA,Completion of the project will help stabilize and improve hydrologic condition of one of the critical areas in Minersville watershed.  This seeding will alleviate use on the native range by cattle resulting in Improved browse conditions for big animals.,"A total of 1000 acres will be single chained, windrowed, plowed and crested wheat grass seed drilled.","Seed bed was prepared by chaining, pilling, and windrowing trees then plowing the area.","Brush kill was good, averaging somewhere between 80 and 90%.  Juniper kill was 95% on all areas chained and windrowed.",Polygon,Confirmed,"Digitized by BLM field office personnel, method unknown",NA,946.3466743,946.3474949,NA,NA,"Watershed degradation, Provide forage for wildlife, Provide forage for livestock, Habitat for wildlife",Completion of the project will help stabilize and improve hydrologic condition of one of the critical areas in Minersville watershed.  This seeding will alleviate use on the native range by cattle resulting in Improved browse conditions for big animals.,None,NA,None,NA,NA,54:02:00,8,2,1966,08,02,12,14,1966,12,14
6686,18400,Vegetation/Soil Manipulation,Soil Disturbance,Soil Disturbance: Plowing,11622,9784,3895,3,1966-08-02,1966-12-14,8/2/1966,12/14/1966,actual,actual,134,Implemented,Successful,2,Acres,1000,0,NA,NA,NA,NA,NA,NA,NA,Completion of the project will help stabilize and improve hydrologic condition of one of the critical areas in Minersville watershed.  This seeding will alleviate use on the native range by cattle resulting in Improved browse conditions for big animals.,"A total of 1000 acres will be single chained, windrowed, plowed and crested wheat grass seed drilled.","Seed bed was prepared by chaining, piling and windrowing trees then plowing the area.","Brush kill was good, averaging somewhere between 80 and 90%.  Juniper kill was 95% on all areas chained and windrowed.",Polygon,Confirmed,"Digitized by BLM field office personnel, method unknown",NA,946.3466743,946.3474949,NA,NA,"Watershed degradation, Provide forage for wildlife, Provide forage for livestock, Habitat for wildlife",Completion of the project will help stabilize and improve hydrologic condition of one of the critical areas in Minersville watershed.  This seeding will alleviate use on the native range by cattle resulting in Improved browse conditions for big animals.,None,NA,None,NA,NA,56:33:00,8,2,1966,08,02,12,14,1966,12,14
6686,18401,Seeding,Drill Seeding,Ground Seeding: Drill,11623,9785,3895,3,1966-08-02,1966-12-14,8/2/1966,12/14/1966,actual,actual,134,Implemented,Unknown,2,Acres,1000,-1,Confirmed seed list,Lincoln Bench Drill Seed Mix,Seeds,Confirmed on Paper,Unknown,Species Specific,"The seed mix did not indicate whether bulk or PLS rates were used, therefore, unknown has been listed and all seed mix information has been entered into the Bulk category.",Completion of the project will help stabilize and improve hydrologic condition of one of the critical areas in Minersville watershed.  This seeding will alleviate use on the native range by cattle resulting in Improved browse conditions for big animals.,"A total of 1000 acres will be single chained, windrowed, plowed and crested wheat grass seed drilled.","Siberian wheatgrass and clover was drilled in the area.  Purity of the seed was 98.66%, germination 90.25%.  Seed cost $1.79 per acre, total cost per acre $17.41.",NA,Polygon,Confirmed,"Digitized by BLM field office personnel, method unknown",NA,946.3466866,946.3475081,NA,NA,"Watershed degradation, Provide forage for wildlife, Provide forage for livestock, Habitat for wildlife",Completion of the project will help stabilize and improve hydrologic condition of one of the critical areas in Minersville watershed.  This seeding will alleviate use on the native range by cattle resulting in Improved browse conditions for big animals.,None,NA,None,NA,NA,58:48:00,8,2,1966,08,02,12,14,1966,12,14
7593,20734,Seeding,Aerial Seeding,Aerial Seeding: Rotor Wing,13156,9836,3900,3,1967-10-05,1967-11-24,10/5/1967,11/24/1967,actual,actual,50,Implemented,Partially Successful,1,Acres,1200,-1,Confirmed seed list,Miners Mountain Aerial Seeding Mix,Seeds,Confirmed on Paper,Unknown,Species Specific,Cost of seed was $4.35 per acre.,...aerial seeding.,Helicopter [seeding]...1200 ac...\r\n\r\nThe entire area...will be seeded to crested wheatgrass at 6 lbs. per acre and four wing saltbush at 1/2 lb. per acre.\r\n\r\nThe seed will be furnished by the Government...,"After the entire area had been chained once, the seed was applied by aerial broadcast from a helicopter under contract with Reeder Flying Service, Twin Falls, Idaho. \r\n\r\nAbout 300 lbs. of the browse seed was aerial broadcast from helicopter.",Condition of success of improvement[:] fair.,Polygon,Confirmed,Digitized by LTDL data entry personnel using a confirmed map,2/10/2014,1193.037356,1164.617025,NA,Contractor,"Forage for Livestock, Forage for Wildlife",Project is for the purpose [of] providing deer forage and livestock forage.,Unknown,NA,Unknown,NA,Treatment funded by BLM''s Soil & Watershed Conservation program.\r\n\r\nEstimated initiation and completion dates based on project start and end dates indicated in Project Completion Report.,04:00:00,10,5,1967,10,05,11,24,1967,11,24
11366,30828,Seeding,Seeding,Seeding,19822,10083,3929,3,1966-09-22,1967-11-06,9/22/1966,11/6/1967,actual,actual,410,Implemented,None,2,Acres,800,-1,Confirmed seed list,Russian wildrye,Seeds,Confirmed on Paper,NA,NA,NA,To improve forage conditions for deer and cattle.,"The area will be chained or plowed, depending on the cover, and seeded to Crested Wheatgrass. Certain areas will be left unchained to provide cover for the deer and shade for the cattle. If browse seed can be obtained from the Utah State Fish & Game Dept. it will also be planted.","The seed bed preparation started in the fall (9/22/66) but due to stormy we t conditions\r\nwork was hampered to the point that work was suspended in early December.\r\nMost of the trees had been chained and windrowed and some of the area had been\r\nplowed one time over. Kill was not too good. No seed was drilled at this time .\r\nWork commenced again in the fall, 9/12/67. Work was completed October 25, 1967 .\r\nBrush kill appears to be good in most places but only fair on some of the rocky\r\nridges. Soil conditions varied from dry to wet in the fall of 1967. Seeded\r\nspecies was changed from crested wheatgrass  to Russian wild rye due to high cost\r\nof crested wheatgrass. Seeded at 6 pounds per acre.\r\nTotal cost per acre $15.76 .",NA,Polygon,Confirmed,Digitized by LTDL data entry personnel using a confirmed map,8/20/2013,817.9510832,315.016956,NA,NA,"Provide forage for livestock, Provide forage for wildlife",To improve forage conditions for deer and cattle.,None,NA,None,NA,NA,43:23:00,9,22,1966,09,22,11,6,1967,11,06
11366,30829,Vegetation/Soil Manipulation,Soil Disturbance,Soil Disturbance: Chaining,19823,10084,3929,3,1966-09-22,1967-11-06,9/22/1966,11/6/1967,actual,actual,410,Implemented,None,2,Acres,800,0,NA,NA,NA,NA,NA,NA,NA,To improve forage conditions for deer and cattle.,"The area will be chained or plowed, depending on the cover, and seeded to Crested Wheatgrass. Certain areas will be left unchained to provide cover for the deer and shade for the cattle. If browse seed can be obtained from the Utah State Fish & Game Dept. it will also be planted.","The seed bed preparation started in the fall (9/22/66) but due to stormy we t conditions\r\nwork was hampered to the point that work was suspended in early December.\r\nMost of the trees had been chained and windrowed and some of the area had been\r\nplowed one time over. Kill was not too good. No seed was drilled at this time .\r\nWork commenced again in the fall, 9/12/67. Work was completed October 25, 1967 .\r\nBrush kill appears to be good in most places but only fair on some of the rocky\r\nridges. Soil conditions varied from dry to wet in the fall of 1967. Seeded\r\nspecies was changed from crested wheatgrass  to Russian wild rye due to high cost\r\nof crested wheatgrass. Seeded at 6 pounds per acre.\r\nTotal cost per acre $15.76 .",NA,Polygon,Confirmed,Digitized by LTDL data entry personnel using a confirmed map,8/20/2013,817.9510832,315.016956,NA,NA,"Provide forage for livestock, Provide forage for wildlife",To improve forage conditions for deer and cattle.,None,NA,None,NA,NA,43:23:00,9,22,1966,09,22,11,6,1967,11,06
11366,30830,Vegetation/Soil Manipulation,Soil Disturbance,Soil Disturbance: Plowing,19824,10085,3929,3,1966-09-22,1967-11-06,9/22/1966,11/6/1967,actual,actual,410,Implemented,None,2,Acres,800,0,NA,NA,NA,NA,NA,NA,NA,To improve forage conditions for deer and cattle.,"The area will be chained or plowed, depending on the cover, and seeded to Crested Wheatgrass. Certain areas will be left unchained to provide cover for the deer and shade for the cattle. If browse seed can be obtained from the Utah State Fish & Game Dept. it will also be planted.","The seed bed preparation started in the fall (9/22/66) but due to stormy we t conditions\r\nwork was hampered to the point that work was suspended in early December.\r\nMost of the trees had been chained and windrowed and some of the area had been\r\nplowed one time over. Kill was not too good. No seed was drilled at this time .\r\nWork commenced again in the fall, 9/12/67. Work was completed October 25, 1967 .\r\nBrush kill appears to be good in most places but only fair on some of the rocky\r\nridges. Soil conditions varied from dry to wet in the fall of 1967. Seeded\r\nspecies was changed from crested wheatgrass  to Russian wild rye due to high cost\r\nof crested wheatgrass. Seeded at 6 pounds per acre.\r\nTotal cost per acre $15.76 .",NA,Polygon,Confirmed,Digitized by LTDL data entry personnel using a confirmed map,8/20/2013,817.9510832,315.016956,NA,NA,"Provide forage for livestock, Provide forage for wildlife",To improve forage conditions for deer and cattle.,None,NA,None,NA,NA,43:23:00,9,22,1966,09,22,11,6,1967,11,06
7467,20360,Seeding,Seeding,Seeding,12888,10996,4039,4,1959-07-15,1959-11-15,7/00/1959,11/00/1959,estimated day,estimated day,123,Implemented,Unknown,2,Acres,1218,-1,Confirmed seed list,Middle Buckskin Seeding,Seeds,Confirmed on Paper,Unknown,Species Specific,"The seed mix did not indicate whether bulk or PLS rates were used, therefore, unknown has been listed and all seed mix information has been entered into the Bulk category.",NA,NA,"Approximately 1,018 acres of sagebrush covered and was plowed and seeded to crested wheatgrass seed at the rate of approximately 6 pounds to the acre.  The area is fenced for protection under a separate project.  Approximately 200 acres of private land was treated at the expense of the cooperators.",NA,Polygon,Confirmed,"Digitized by BLM field office personnel, method unknown",NA,1734.288791,1734.290009,NA,NA,Unknown,NA,None,NA,None,NA,NA,08:01:00,7,00,1959,07,15,11,00,1959,11,15
7467,20361,Vegetation/Soil Manipulation,Soil Disturbance,Soil Disturbance: Plowing,12889,10997,4039,4,1959-07-15,1959-11-15,7/00/1959,11/00/1959,estimated day,estimated day,123,Implemented,Unknown,1,Acres,1218,0,NA,NA,NA,NA,NA,NA,NA,NA,NA,"Approximately 1,018 acres of sagebrush covered and was plowed and seeded to crested wheatgrass seed at the rate of approximately 6 pounds to the acre.  The area is fenced for protection under a separate project.  Approximately 200 acres of private land was treated at the expense of the cooperators.",NA,Polygon,Confirmed,"Digitized by BLM field office personnel, method unknown",NA,1734.288764,1734.289977,NA,NA,Unknown,NA,None,NA,None,NA,NA,10:40:00,7,00,1959,07,15,11,00,1959,11,15
10819,29329,Seeding,Ground Seeding,Ground Seeding: Broadcast,18797,10998,4039,4,1959-07-15,1959-11-15,7/00/1959,11/00/1959,estimated day,estimated day,123,Implemented,Successful,2,Acres,400,-1,Confirmed seed list,South Buckskin Seeding 2 mix,Seeds,Confirmed on Paper,Unknown,Species Specific,"The seed mix did not indicate whether bulk or PLS rates were used, therefore, unknown has been listed and all seed mix information has been entered into the Bulk category.",Reseeding will relieve grazing pressure from Buckhorn Flat as well as replacing a low forage producing area in Buckskin Valley.,"Under this project, approximately 760 acres sage brush land will be plowed and drilled to crested wheatgrass.","An area of approximately 400 acres was double chained.  Crested wheatgrass seed, at the rate of five pounds to the acre, was broadcasted prior to the second chaining.",This project improved the range.,Polygon,Confirmed,"Digitized by BLM field office personnel, method unknown",NA,547.6900683,547.6874645,NA,NA,Provide forage for livestock,Reseeding will relieve grazing pressure from Buckhorn Flat as well as replacing a low forage producing area in Buckskin Valley.,None,NA,None,NA,NA,15:30:00,7,00,1959,07,15,11,00,1959,11,15
10819,29328,Vegetation/Soil Manipulation,Soil Disturbance,Soil Disturbance: Chaining,18798,10999,4039,4,1959-07-15,1959-11-15,7/00/1959,11/00/1959,estimated day,estimated day,123,Implemented,Successful,2,Acres,400,0,NA,NA,NA,NA,NA,NA,NA,Reseeding will relieve grazing pressure from Buckhorn Flat as well as replacing a low forage producing area in Buckskin Valley.,Under this project approximately 760 acres sage brush land will be plowed and drilled to crested wheatgrass.,"An area of approximately 500 acres was double chained, the second time in the opposite direction to the first.",This project has improved the range.,Polygon,Confirmed,"Digitized by BLM field office personnel, method unknown",NA,547.6900738,547.6874618,NA,NA,Provide forage for livestock,Reseeding will relieve grazing pressure from Buckhorn Flat as well as replacing a low forage producing area in Buckskin Valley.,None,NA,None,NA,NA,17:52:00,7,00,1959,07,15,11,00,1959,11,15
16813,43369,Vegetation/Soil Manipulation,Soil Disturbance,Soil Disturbance: Chaining,27108,12463,4213,7,2017-01-17,2017-01-17,1/17/2017,1/17/2017,actual,actual,0,Implemented,Unknown,2,Acres,323,0,NA,NA,NA,NA,NA,NA,NA,Objective: Perennial species at least 40% composition of the total plant community after the 5th full growing\r\nseason (2021) following the fire.,NA,"The 375 acres was then chained by TTCI (Truck Transport of Springville, UT) 1/17/17. TTCI only chained 323 acres @ $29.92/ac. = $9,664.",NA,Polygon,Confirmed,Digitized by LTDL data entry personnel using a confirmed map,12/7/2017,371.8404105,370.1222168,NA,Contractor,Establishment of seeded species,Establish perennial species,"Mechanical problems, Delayed",TTCI was very late doing the chaining because of several serious breakdowns on previous chaining projects.,NA,NA,NA,42:34:00,1,17,2017,01,17,1,17,2017,01,17
557,1473,Seeding,Drill Seeding,Ground Seeding: Drill,960,7549,4433,2,1962-10-09,1962-11-07,10/9/1962,11/7/1962,actual,actual,29,Implemented,Unknown,2,Acres,345,-1,Confirmed seed list,Barrel Springs Mix,Seeds,Confirmed on Paper,Unknown,Overall,"There was only a general rate listed for all species combined indicated here, specific rates for each species were not possible.",NA,NA,NA,NA,Polygon,Confirmed,Digitized by LTDL data entry personnel using a confirmed map,6/2/2016,531.1017129,520.1911816,NA,BLM,"Brush control, Erosion, Establishment of seeded species, Forage quality, Loss of vegetation, Rangeland health, Sagebrush, Unknown, Vegetal cover","Area was plowed with two, one-way disc plows, effort to maintain 90% kill on the sagebrush was made in all except those places where topography, rocks or trees made this impossible.  Plowing depth was 6&& average.  Seed was applied with a grain drill.  Rate of application was 7lb/acre, seeding immediately following plowing.",None,NA,None,NA,NA,10:31:00,10,9,1962,10,09,11,7,1962,11,07
557,1474,Vegetation/Soil Manipulation,Soil Disturbance,Soil Disturbance: Plowing,961,7550,4433,2,1962-10-09,1962-11-07,10/9/1962,11/7/1962,actual,actual,29,Implemented,Unknown,2,Acres,345,0,NA,NA,NA,NA,NA,NA,NA,NA,NA,"Area was plowed with two, one-way disc plows, effort to maintain 90% kill on the sagebrush was made in all except those places where topography, rocks or trees made this impossible.  Plowing depth was 6"" average.",NA,Polygon,Confirmed,Digitized by LTDL data entry personnel using a confirmed map,6/2/2016,531.1017129,520.1911816,NA,BLM,"Brush control, Erosion, Establishment of seeded species, Forage quality, Loss of vegetation, Rangeland health, Sagebrush, Unknown, Vegetal cover","Area was plowed with two, one-way disc plows, effort to maintain 90% kill on the sagebrush was made in all except those places where topography, rocks or trees made this impossible.  Plowing depth was 6&& average.  Seed was applied with a grain drill.  Rate of application was 7lb/acre, seeding immediately following plowing.",None,NA,None,NA,NA,17:00:00,10,9,1962,10,09,11,7,1962,11,07
973,2663,Vegetation/Soil Manipulation,Soil Disturbance,Soil Disturbance: Chaining,1727,7583,4437,2,1966-11-01,1967-05-18,11/1/1966,5/18/1967,actual,actual,198,Implemented,None,2,Acres,4000,0,NA,NA,NA,NA,NA,NA,NA,"To effectively control runoff and stop soil movement, work must begin\r\nat the heads of the drainages, and so it is with the Big Wash seeding.",NA,"Pinyon-juniper trees were chained by two D-8 tractors pulling 90 of 90# & 90' or 47# chain, the area was aerial seeded with 2 1/2# of crested wheat, 2 1/2# of Russian Wild Ryegrass, then the area was back-chained. There were 3,100 acres chained, of which 2,706 were Federal and 394 State lands - 4,000 acres were aerial seeded. Orvin Noon contributed $2,800 by section 9 to pay for the project improvement on the state lands.",NA,Polygon,Confirmed,Digitized by LTDL data entry personnel using a confirmed map,3/20/2013,6007.832823,5186.271865,NA,NA,None,"To effectively control runoff and stop soil movement, work must begin\r\nat the heads of the drainages, and so it is with the Big Wash seeding.",None,NA,None,NA,NA,07:26:00,11,1,1966,11,01,5,18,1967,05,18
973,2664,Seeding,Seeding,Seeding,1728,7584,4437,2,1966-11-01,1967-05-18,11/1/1966,5/18/1967,actual,actual,198,Implemented,None,2,Acres,4000,-1,Confirmed seed list,NA,NA,Confirmed on Paper,NA,NA,NA,"To effectively control runoff and stop soil movement, work must begin\r\nat the heads of the drainages, and so it is with the Big Wash seeding.",NA,"Pinyon-juniper trees were chained by two D-8 tractors pulling 90 of 90# & 90' or 47# chain, the area was aerial seeded with 2 1/2# of crested wheat, 2 1/2# of Russian Wild Ryegrass, then the area was back-chained. There were 3,100 acres chained, of which 2,706 were Federal and 394 State lands - 4,000 acres were aerial seeded. Orvin Noon contributed $2,800 by section 9 to pay for the project improvement on the state lands.",NA,Polygon,Confirmed,Digitized by LTDL data entry personnel using a confirmed map,3/20/2013,6007.832823,5186.271865,NA,NA,None,"To effectively control runoff and stop soil movement, work must begin\r\nat the heads of the drainages, and so it is with the Big Wash seeding.",None,NA,None,NA,NA,07:26:00,11,1,1966,11,01,5,18,1967,05,18
1097,3018,Vegetation/Soil Manipulation,Soil Disturbance,Soil Disturbance: Chaining,1933,7599,4440,2,1966-09-07,1966-11-22,9/7/1966,11/22/1966,actual,actual,76,Implemented,Unknown,2,Acres,1162,0,NA,NA,NA,NA,NA,NA,NA,NA,NA,NA,NA,Polygon,Confirmed,"Digitized by BLM field office personnel, method unknown",NA,2027.953997,1386.062061,NA,BLM,"Brush control, Encroaching vegetation, Erosion, Establishment of seeded species, Forage for livestock, Forage for wildlife, Forage quality, Loss of vegetation, Rangeland health, Sedimentation, Vegetal cover, Unknown","1162 acres of pinon juniper were double chained and seeded.  Cadastral survey corners were located, and remain in place.  The area consisted of rather flat mesa tops with generally good soil depth.  Small islands of trees were left standing for wildlife habitat.",None,NA,None,NA,NA,09:04:00,9,7,1966,09,07,11,22,1966,11,22
1097,3017,Seeding,Aerial Seeding,Aerial Seeding,1934,7600,4440,2,1966-09-07,1966-11-22,9/7/1966,11/22/1966,actual,actual,76,Implemented,Unknown,2,Acres,1162,-1,Confirmed seed list,Black Ridge Mix,Seeds,Confirmed on Paper,Unknown,Overall,"There was only a general rate listed for all species combined indicated here, specific rates for each species were not possible.",NA,NA,NA,NA,Polygon,Confirmed,"Digitized by BLM field office personnel, method unknown",NA,2027.953997,1386.062061,NA,BLM,"Brush control, Encroaching vegetation, Erosion, Establishment of seeded species, Forage for livestock, Forage for wildlife, Forage quality, Loss of vegetation, Rangeland health, Sedimentation, Vegetal cover, Unknown","1162 acres of pinon juniper were double chained and seeded.  Cadastral survey corners were located, and remain in place.  The area consisted of rather flat mesa tops with generally good soil depth.  Small islands of trees were left standing for wildlife habitat.",None,NA,None,NA,NA,10:45:00,9,7,1966,09,07,11,22,1966,11,22
1288,3634,Vegetation/Soil Manipulation,Soil Disturbance,Soil Disturbance: Chaining,2339,7653,4446,2,1964-10-17,1964-11-13,10/17/1964,11/13/1964,actual,actual,27,Implemented,None,2,Acres,1512,0,NA,NA,NA,NA,NA,NA,NA,NA,NA,Seedbed preparation-mechanical treatment(Chaining),NA,Polygon,Confirmed,Digitized by LTDL data entry personnel using a confirmed map,6/14/2016,1647.297554,1646.887458,NA,NA,Pinon-juniper,NA,None,NA,None,NA,NA,46:47:00,10,17,1964,10,17,11,13,1964,11,13
1288,3635,Seeding,Aerial Seeding,Aerial Seeding,2340,7654,4446,2,1964-10-17,1964-11-13,10/17/1964,11/13/1964,actual,actual,27,Implemented,None,2,Acres,1512,-1,Confirmed seed list,NA,Seeds,Confirmed on Paper,Unknown,Species Specific,NA,NA,NA,Method of seeding-Aerial Broadcast,NA,Polygon,Confirmed,Digitized by LTDL data entry personnel using a confirmed map,6/14/2016,1647.297554,1646.887458,NA,NA,Pinon-juniper,NA,None,NA,None,NA,NA,46:47:00,10,17,1964,10,17,11,13,1964,11,13
2139,5836,Seeding,Drill Seeding,Ground Seeding: Drill,3759,7731,4456,2,1967-07-28,1968-05-20,7/28/1967,5/20/1968,actual,actual,297,Implemented,Unknown,1,Acres,1979,-1,Confirmed seed list,Cedar Mountain Seed Mix,Seeds,Confirmed on Paper,Unknown,Species Specific,NA,"Multiple phase rehabilitation of eroding, high potential areas.",2512 acres to be seeded with rangeland drills,"570 acres of the chained area was ricked, burned and seeded with rangeland drills.  1049 acres of sagebrush was double plowed and seeded with rangeland drills.",Unknown,Polygon,Confirmed,Digitized by LTDL data entry personnel using a confirmed map,3/17/2014,2417.868025,2369.607613,NA,Unknown,"Erosion, Rangeland Health","Multiple phase rehabilitation of eroding, high potential areas.",Unknown,NA,Unknown,NA,Cost does not include seed.,52:30:00,7,28,1967,07,28,5,20,1968,05,20
2139,5837,Vegetation/Soil Manipulation,Soil Disturbance,Soil Disturbance: Plowing,3760,7732,4456,2,1967-07-28,1968-05-20,7/28/1967,5/20/1968,actual,actual,297,Implemented,Successful,1,Acres,1409,0,NA,NA,NA,NA,NA,NA,NA,"Multiple phase rehabilitation of eroding, high potential areas.",1922 acres to be plowed with rangeland plows.,1409 acres of sagebrush was double plowed...,A maximum of 3 live plants in 100 square feet was allowed in plow area.,Polygon,Confirmed,Digitized by LTDL data entry personnel using a confirmed map,3/17/2014,1878.070639,1837.79581,NA,Unknown,"Erosion, Rangeland Health","Multiple phase rehabilitation of eroding, high potential areas.",Unknown,NA,Unknown,NA,NA,51:47:00,7,28,1967,07,28,5,20,1968,05,20
2529,6981,Seeding,Aerial Seeding,Aerial Seeding,4443,7773,4465,2,1964-07-01,1965-01-20,7/1/1964,1/20/1965,actual,actual,203,Implemented,Partially Successful,1,Acres,680,-1,Confirmed seed list,Coal Creek #31 Mix,Seeds,Confirmed on Paper,Unknown,Species Specific,NA,Unknown,...seeded by aircraft...,...aerial seeded at 9.65 lbs. per acre.,Grass is growing quite well.,Polygon,Confirmed,Digitized by LTDL data entry personnel using a confirmed map,3/3/2014,840.5861939,840.5548319,NA,NA,Unknown,NA,Unknown,NA,Unknown,NA,NA,39:20:00,7,1,1964,07,01,1,20,1965,01,20
2529,6982,Vegetation/Soil Manipulation,Soil Disturbance,Soil Disturbance: Chaining,4444,7774,4465,2,1964-07-01,1965-01-20,7/1/1964,1/20/1965,actual,actual,203,Implemented,Partially Successful,1,Acres,680,0,NA,NA,NA,NA,NA,NA,NA,Unknown,Unknown,Treatment was dragging 150 feet of 45-lb. anchor chain with a 90-lb. link section in the middle behind two D-7 and D-8 Caterpillars.  The area was chained once then aerial seeded at 9.65 lbs. per acre.  The second chaining was in the reverse direction to obtain a better kill on the stand.,Not all of the trees were killed.,Polygon,Confirmed,Digitized by LTDL data entry personnel using a confirmed map,3/3/2014,840.5861939,840.5548319,NA,NA,Unknown,NA,Unknown,NA,Unknown,NA,NA,39:21:00,7,1,1964,07,01,1,20,1965,01,20
3084,8621,Seeding,Aerial Seeding,Aerial Seeding,5384,7817,4471,2,1959-07-22,1959-08-17,7/22/1959,8/17/1959,actual,actual,26,Implemented,Unknown,2,Acres,1000,-1,Confirmed seed list,Dandy Mix,Seeds,Confirmed on Paper,Unknown,Overall,"There was only a general rate listed for all species combined indicated here, specific rates for each species were not possible.",NA,NA,NA,NA,Polygon,Confirmed,"Digitized by BLM field office personnel, method unknown",NA,1354.543232,1354.400393,NA,BLM,"Brush control, Erosion, Establishment of seeded species, Forage quality, Invasive species, Invasion by pinyon-juniper, Loss of vegetation, Noxious weeds, Pinon-juniper, Rangeland health, Sedimentation, Unknown, Vegetal cover",NA,None,NA,None,NA,NA,10:04:00,7,22,1959,07,22,8,17,1959,08,17
3084,8620,Vegetation/Soil Manipulation,Soil Disturbance,Soil Disturbance: Chaining,5385,7818,4471,2,1959-07-22,1959-08-17,7/22/1959,8/17/1959,actual,actual,26,Implemented,Unknown,2,Acres,1000,0,NA,NA,NA,NA,NA,NA,NA,NA,NA,NA,NA,Polygon,Confirmed,"Digitized by BLM field office personnel, method unknown",NA,1354.543232,1354.400393,NA,BLM,"Brush control, Erosion, Establishment of seeded species, Forage quality, Invasive species, Invasion by pinyon-juniper, Loss of vegetation, Noxious weeds, Pinon-juniper, Rangeland health, Sedimentation, Unknown, Vegetal cover",NA,None,NA,None,NA,NA,12:10:00,7,22,1959,07,22,8,17,1959,08,17
3190,8929,Vegetation/Soil Manipulation,Soil Disturbance,Soil Disturbance: Clearing (Dozer),5562,7827,4473,2,1985-08-01,1988-04-30,8/1/1985,4/30/1988,actual,actual,1003,Implemented,Unknown,1,Acres,170,0,NA,NA,NA,NA,NA,NA,NA,NA,NA,NA,NA,Polygon,Confirmed,"Digitized by BLM field office personnel, method unknown",NA,174.3827278,174.1824552,NA,BLM,"Brush control, Establishment of seeded species, Forage for livestock, Forage for wildlife, Forage quality, Habitat for wildlife, Habitat productivity, Habitat quality, Loss of vegetation, Noxious weeds, Rangeland health, Vegetal cover",Most of the area was hula dozed and seeded in FY87.,None,NA,None,NA,NA,07:06:00,8,1,1985,08,01,4,30,1988,04,30
3190,8928,Seeding,Ground Seeding,Ground Seeding: Broadcast,5563,7828,4473,2,1985-08-01,1988-04-30,8/1/1985,4/30/1988,actual,actual,1003,Implemented,Unknown,1,Acres,170,-1,Confirmed seed list,Deer Creek Mix,Seeds,Confirmed on Paper,Unknown,Overall,"There was only a general rate listed for all species combined indicated here, specific rates for each species were not possible.",NA,NA,NA,NA,Polygon,Confirmed,"Digitized by BLM field office personnel, method unknown",NA,174.3827278,174.1824552,NA,BLM,"Brush control, Establishment of seeded species, Forage for livestock, Forage for wildlife, Forage quality, Habitat for wildlife, Habitat productivity, Habitat quality, Loss of vegetation, Noxious weeds, Rangeland health, Vegetal cover",Most of the area was hula dozed and seeded in FY87.,None,NA,None,NA,NA,27:45:00,8,1,1985,08,01,4,30,1988,04,30
3452,9676,Seeding,Aerial Seeding,Aerial Seeding,5999,7857,4482,2,1963-10-14,1964-05-09,10/14/1963,5/9/1964,actual,actual,208,Implemented,Unknown,2,Acres,4057,-1,Confirmed seed list,Dominguez Mix,Seeds,Confirmed on Paper,Unknown,Overall,"There was only a general rate listed for all species combined indicated here, specific rates for each species were not possible.",NA,NA,NA,NA,Polygon,Confirmed,"Digitized by BLM field office personnel, method unknown",NA,4129.160456,4127.910504,NA,BLM,"Brush control, Erosion, Establishment of seeded species, Forage quality, Habitat quality, Invasive species, Loss of vegetation, Noxious weeds, Rangeland health, Sagebrush, Sedimentation, Vegetal cover","Trees removed by chaining, dragging anchor chain between two cats.  Area seeded by airplane before chaining.  Species\r\nseeded:  3 lbs. crested wheat: 3 lbs. Russian Wild Rye : 3 lbs. Western Wheatgrass: and 1 lb. Yellow Sweet Clover : Total 10 lbs. per acre.",None,NA,None,NA,NA,33:53:00,10,14,1963,10,14,5,9,1964,05,09
3452,9675,Vegetation/Soil Manipulation,Soil Disturbance,Soil Disturbance: Chaining,6000,7858,4482,2,1963-10-14,1964-05-09,10/14/1963,5/9/1964,actual,actual,208,Implemented,Unknown,2,Acres,4057,0,NA,NA,NA,NA,NA,NA,NA,NA,NA,NA,NA,Polygon,Confirmed,"Digitized by BLM field office personnel, method unknown",NA,4129.160456,4127.910504,NA,BLM,"Brush control, Erosion, Establishment of seeded species, Forage quality, Habitat quality, Invasive species, Loss of vegetation, Noxious weeds, Rangeland health, Sagebrush, Sedimentation, Vegetal cover","Trees removed by chaining, dragging anchor chain between two cats.  Area seeded by airplane before chaining.  Species\r\nseeded:  3 lbs. crested wheat: 3 lbs. Russian Wild Rye : 3 lbs. Western Wheatgrass: and 1 lb. Yellow Sweet Clover : Total 10 lbs. per acre.",None,NA,None,NA,NA,35:35:00,10,14,1963,10,14,5,9,1964,05,09
3607,10109,Vegetation/Soil Manipulation,Soil Disturbance,Soil Disturbance: Chaining,6264,7877,4489,2,1966-01-01,1966-12-31,1/1/1966,12/31/1966,actual,actual,364,Implemented,None,1,Acres,1410,0,NA,NA,NA,NA,NA,NA,NA,NA,NA,NA,NA,Polygon,Confirmed,"Digitized by BLM field office personnel, method unknown",NA,1183.037452,1163.391725,NA,NA,Unknown,NA,Unknown,NA,None,NA,NA,41:46:00,1,1,1966,01,01,12,31,1966,12,31
3607,10110,Seeding,Aerial Seeding,Aerial Seeding,6265,7878,4489,2,1966-01-01,1966-12-31,1/1/1966,12/31/1966,actual,actual,364,Implemented,None,1,Acres,1410,-1,Confirmed seed list,Dry Park Seeding Mix II,Seeds,Confirmed in GIS,Unknown,NA,NA,NA,NA,NA,NA,Polygon,Confirmed,"Digitized by BLM field office personnel, method unknown",NA,1183.037452,1163.391725,NA,NA,Unknown,NA,Unknown,NA,None,NA,NA,58:31:00,1,1,1966,01,01,12,31,1966,12,31
3690,10369,Vegetation/Soil Manipulation,Soil Disturbance,Soil Disturbance: Chaining,6402,7893,4490,2,1966-09-07,1966-11-22,9/7/1966,11/22/1966,actual,actual,76,Implemented,Unknown,2,Acres,952,0,NA,NA,NA,NA,NA,NA,NA,NA,NA,NA,NA,Polygon,Confirmed,"Digitized by BLM field office personnel, method unknown",NA,751.6803869,749.0371348,NA,BLM,"Erosion, Establishment of seeded species, Forage for livestock, Forage for wildlife, Forage quality, Habitat for wildlife, Loss of vegetation, Rangeland health, Vegetal cover",The area was double chained on a narrow mesa top which slopes gently toward the north.  Five pounds of crested wheat and one pound of clover/acre was aerial seeded.  A narrow band of pinon juniper was left around the mesa edge for wildlife benefit.,None,NA,None,NA,NA,34:24:00,9,7,1966,09,07,11,22,1966,11,22
3690,10368,Seeding,Aerial Seeding,Aerial Seeding,6403,7894,4490,2,1966-09-07,1966-11-22,9/7/1966,11/22/1966,actual,actual,76,Implemented,Unknown,2,Acres,952,-1,Confirmed seed list,Duval Mix,Seeds,Confirmed on Paper,Unknown,Overall,"There was only a general rate listed for all species combined indicated here, specific rates for each species were not possible.",NA,NA,NA,NA,Polygon,Confirmed,"Digitized by BLM field office personnel, method unknown",NA,751.6803869,749.0371348,NA,BLM,"Erosion, Establishment of seeded species, Forage for livestock, Forage for wildlife, Forage quality, Habitat for wildlife, Loss of vegetation, Rangeland health, Vegetal cover",The area was double chained on a narrow mesa top which slopes gently toward the north.  Five pounds of crested wheat and one pound of clover/acre was aerial seeded.  A narrow band of pinon juniper was left around the mesa edge for wildlife benefit.,None,NA,None,NA,NA,36:16:00,9,7,1966,09,07,11,22,1966,11,22
3776,10589,Vegetation/Soil Manipulation,Soil Disturbance,Soil Disturbance: Chaining,6532,7901,4493,2,1966-06-28,1966-10-17,6/28/1966,10/17/1966,actual,actual,111,Implemented,None,2,Acres,1824,0,NA,NA,NA,NA,NA,NA,NA,To chain the East Coyote area.,We plan to double chain with 90-pound chain which will remove approximately 80% of the sage.,"1,824 acres of sagebrush was double chained, in opposite directions, with 90 lb. anchor chain pulled between two D-8 cats.",NA,Polygon,Confirmed,Digitized by LTDL data entry personnel using a confirmed map,6/27/2014,1947.241055,1931.358183,NA,NA,"Brush control, Erosion, Seedbed preparation",This area is presently supporting a dense stand of big sage. A 1963 survey indicates 92% of the composition is big sage and 97% of this composition is browse. Plant density is 9%.\r\nWe plan to double chain with 90 pound chain which will remove approximately 80% of the sage. The area will be drilled at the rate of six pounds per acre of crested wheat and one-half pound per acre of desirable browse.\r\nThese practices will retard surface runoff and stabilize the soil resources for plant protection.,None,NA,None,NA,NA,42:24:00,6,28,1966,06,28,10,17,1966,10,17
3776,10590,Seeding,Greenstrip,Greenstrip: Drill Seeding,6533,7902,4493,2,1966-06-28,1966-10-17,6/28/1966,10/17/1966,actual,actual,111,Implemented,None,2,Acres,1824,-1,Unknown seed list,NA,Seeds,Unknown Seed List Origin,Unknown,NA,NA,To seed the East coyote area.,The area will be drilled at the rate of six pounds per acre of crested wheat and one-half pound per acre of desirable browse.,Crested wheatgrass was planted with rangeland drill at 6lbs per acre.,NA,Polygon,Confirmed,Digitized by LTDL data entry personnel using a confirmed map,6/27/2014,1947.241055,1931.358183,NA,NA,"Brush control, Erosion, Seedbed preparation",This area is presently supporting a dense stand of big sage. A 1963 survey indicates 92% of the composition is big sage and 97% of this composition is browse. Plant density is 9%.\r\nWe plan to double chain with 90 pound chain which will remove approximately 80% of the sage. The area will be drilled at the rate of six pounds per acre of crested wheat and one-half pound per acre of desirable browse.\r\nThese practices will retard surface runoff and stabilize the soil resources for plant protection.,None,NA,None,NA,NA,42:49:00,6,28,1966,06,28,10,17,1966,10,17
4260,11931,Seeding,Aerial Seeding,Aerial Seeding,7414,7995,4497,2,1965-07-20,1966-01-07,7/20/1965,1/7/1966,actual,actual,171,Implemented,Unknown,2,Acres,2004,-1,Confirmed seed list,Fish Park Mix,Seeds,Confirmed on Paper,Unknown,Overall,"There was only a general rate listed for all species combined indicated here, specific rates for each species were not possible.",NA,NA,NA,NA,Polygon,Confirmed,"Digitized by BLM field office personnel, method unknown",NA,2305.859039,2242.428164,NA,BLM,"Establishment of seeded species, Loss of vegetation, Rangeland health, Vegetal cover",NA,None,NA,None,NA,NA,01:50:00,7,20,1965,07,20,1,7,1966,01,07
4260,11930,Vegetation/Soil Manipulation,Soil Disturbance,Soil Disturbance: Chaining,7415,7996,4497,2,1965-07-20,1966-01-07,7/20/1965,1/7/1966,actual,actual,171,Implemented,Unknown,2,Acres,2004,0,NA,NA,NA,NA,NA,NA,NA,NA,NA,NA,NA,Polygon,Confirmed,"Digitized by BLM field office personnel, method unknown",NA,2305.859039,2242.428164,NA,BLM,"Establishment of seeded species, Loss of vegetation, Rangeland health, Vegetal cover",NA,None,NA,None,NA,NA,04:16:00,7,20,1965,07,20,1,7,1966,01,07
4813,13373,Seeding,Aerial Seeding,Aerial Seeding,8417,8067,4504,2,1967-08-21,1968-05-09,8/21/1967,5/9/1968,actual,actual,262,Implemented,None,2,Acres,1895,-1,Planned seed list,NA,Seeds,Plan,Unknown,Unknown,NA,The purpose of this project is to prevent erosion and increase the carrying capacity for big game and livestock.,"A mixture of crested wheatgrass seed at 6lbs per acre, and browse seed at 2 pounds per acre will be aerial broadcast.","The seed was aerial broadcast, between chainings, with 5 crested wheat, 1/2 of fourwing, and 1/2 of sage per acre.",NA,Polygon,Confirmed,Digitized by LTDL data entry personnel using a confirmed map,6/30/2014,1887.681111,1443.769675,NA,NA,"Erosion, Carrying capacity, Seedbed preparation","The area was chained twice with 40 chain and two D-8 cats. The seed was aerial broadcast, between chainings, with 5 of crested wheat, 1/2 of fourwing, and 1/2 of sage per acre. All of the sage seed and part of the fourwing seed was furnished by the Utah State Fish and Game.",None,NA,None,NA,NA,01:54:00,8,21,1967,08,21,5,9,1968,05,09
4813,13374,Vegetation/Soil Manipulation,Soil Disturbance,Soil Disturbance: Chaining,8418,8068,4504,2,1967-08-21,1968-05-09,8/21/1967,5/9/1968,actual,actual,262,Implemented,None,2,Acres,1895,0,NA,NA,NA,NA,NA,NA,NA,Site preparation for seeding.,The seedbed will be prepared and the seed covered by double chaining with a 40 pound anchor chain pulled between two D-8 tractors.,The area was chained twice with 40 chain and two D-8 cats.,NA,Polygon,Confirmed,Digitized by LTDL data entry personnel using a confirmed map,6/30/2014,1887.681111,1443.769675,NA,NA,"Erosion, Carrying capacity, Seedbed preparation","The area was chained twice with 40 chain and two D-8 cats. The seed was aerial broadcast, between chainings, with 5 of crested wheat, 1/2 of fourwing, and 1/2 of sage per acre. All of the sage seed and part of the fourwing seed was furnished by the Utah State Fish and Game.",None,NA,None,NA,NA,07:45:00,8,21,1967,08,21,5,9,1968,05,09
6501,17929,Vegetation/Soil Manipulation,Soil Disturbance,Soil Disturbance: Discing,11327,8233,4525,2,1956-08-03,1956-11-30,8/3/1956,11/30/1956,actual,actual,119,Implemented,None,2,Acres,1500,0,NA,NA,NA,NA,NA,NA,NA,Sage plowed with disc plow.,NA,NA,NA,Polygon,Confirmed,Digitized by LTDL data entry personnel using a confirmed map,6/20/2014,1427.278159,1338.732223,NA,NA,"Brush control, Carrying capacity, Seedbed preparation","This project was a cooperative project, BLM and range user. The purpose of the project was to increase forage production to facilitate livestock",None,NA,None,NA,NA,08:33:00,8,3,1956,08,03,11,30,1956,11,30
6501,17930,Seeding,Seeding,Seeding,11328,8234,4525,2,1956-08-03,1956-11-30,8/3/1956,11/30/1956,actual,actual,119,Implemented,None,2,Acres,1500,-1,Unknown seed list,NA,Seeds,Unknown Seed List Origin,Unknown,NA,NA,Crested wheat grass planted with drill and broadcaster.,NA,NA,NA,Polygon,Confirmed,Digitized by LTDL data entry personnel using a confirmed map,6/20/2014,1427.278159,1338.732223,NA,NA,"Brush control, Carrying capacity, Seedbed preparation","This project was a cooperative project, BLM and range user. The purpose of the project was to increase forage production to facilitate livestock",None,NA,None,NA,NA,11:05:00,8,3,1956,08,03,11,30,1956,11,30
6702,18471,Vegetation/Soil Manipulation,Soil Disturbance,Soil Disturbance: Chaining,11660,8245,4526,2,1966-10-15,1966-11-07,10/15/1966,11/7/1966,actual,actual,23,Implemented,None,2,Acres,1520,0,NA,NA,NA,NA,NA,NA,NA,"1,520 of pinyon-juniper were chained twice with 40 pound anchor chain pulled between two D-8 cats.",NA,NA,NA,Polygon,Confirmed,Digitized by LTDL data entry personnel using a confirmed map,6/26/2014,2391.801377,2280.14469,NA,NA,"Brush control, Carrying capacity, Erosion, Rangeland health","1,520 acres of pinyon-juniper were chained twice with 40 pound anchor chain pulled between two D-8 cats. Seeding was done by aerial broadcast between chainings, crested wheat at 5 pounds per acre, 200 pounds of fourwing saltbush in the sage flats, and 100 pounds of bitterbrush along the rims and rocky areas.",None,NA,None,NA,NA,01:11:00,10,15,1966,10,15,11,7,1966,11,07
6702,18472,Seeding,Aerial Seeding,Aerial Seeding,11661,8246,4526,2,1966-10-15,1966-11-07,10/15/1966,11/7/1966,actual,actual,23,Implemented,None,2,Acres,1520,-1,Unknown seed list,NA,Seeds,Unknown Seed List Origin,Unknown,NA,NA,"Seeding was done by aerial broadcast between chaingings, created wheat at 5 pounds per acre, 200 pounds of fourwing saltbush in the sage flats, and 100 pounds of bitterbrush along the rims and rocky areas.",NA,NA,NA,Polygon,Confirmed,Digitized by LTDL data entry personnel using a confirmed map,6/26/2014,2391.801377,2280.14469,NA,NA,"Brush control, Carrying capacity, Erosion, Rangeland health","1,520 acres of pinyon-juniper were chained twice with 40 pound anchor chain pulled between two D-8 cats. Seeding was done by aerial broadcast between chainings, crested wheat at 5 pounds per acre, 200 pounds of fourwing saltbush in the sage flats, and 100 pounds of bitterbrush along the rims and rocky areas.",None,NA,None,NA,NA,01:27:00,10,15,1966,10,15,11,7,1966,11,07
7140,19595,Vegetation/Soil Manipulation,Soil Disturbance,Soil Disturbance: Rollerchopping,12373,8317,4532,2,2004-02-01,2004-04-30,2/1/2004,4/30/2004,actual,actual,89,Implemented,None,1,Acres,321,0,NA,NA,NA,NA,NA,NA,NA,"The object of this contract is to\r\nreduce wildland fuel, improve wildlife habitat and improve landscape health by rollerchopping this\r\npinyon and juniper site.\r\n\r\nOBJECTIVES\r\nBased on vegetation mosaics identified within the Uncompahgre Fire Management Plan,\r\ndiscussions with BLM resource specialists, fire managers, ecologists, and Colorado Division of\r\nWildlife habitat specialists the following objectives were developed for the Mailbox/Dry Park\r\nProject.\r\n1 )Reduce potential fire behavior and resistance to control within .25 miles of, and primarily\r\nupwind from, the electric lines, gas lines, and private inholdings within the Mailbox/Dry Park\r\narea by creating a somewhat linear mosaic dominated by 75% early and early-mid seral (grass,\r\nforbs, and low shrubs) with 25% late-mid and late-old growth (decadent sage and dense\r\npinyon/juniper). The patch size in deer emphasis areas should be 5-50 acres. The patch size in\r\nelk emphasis areas should be 50-200 acres. Primarily use mechanical treatments, followed by\r\nprescribed burning, to reduce fuel loadings arid maintain earlier seral communities .. Complete\r\nthese treatments by March, 2007\r\n2)Reduce potential fire behavior and resistance to control within .5 miles of private lands south\r\nof Mailbox Park by creating a mosaic of vegetation types dominated by 75% early and early-mid\r\nseral (grass/forb/shrub) with 25% late-mid and late-old growth (remnant sage and dense\r\npinyon/juniper). The patch size should be 5-50 acres due to deer emphasis in this area. Primarily\r\nuse mechanical treatments, followed by prescribed burning to reduce fuel loadings. and maintain\r\nearlier seral communities. Complete these treatments by March, 2007.\r\n3)Improve deer winter range throughout Mailbox Park by creating a mosaic of vegetation types.\r\n40% of these areas should be early and early-mid seral (grass forb/shrub) with 60% late-mid and\r\nlate-old growth (remnant sage and dense pinyon/juniper). The patch size should be 5-50 acres\r\nseparated by 150-600 feet to preserve adequate cover. Work with private landowners to\r\nincorporate private lands into treatments as able. Primarily use prescribed burning with limited\r\nmechanical treatment. Implement these treatments from 2005 to 2012.\r\n4)Improve elk winter range throughout Dry Park by creating a. mosaic of vegetation types. 40%\r\nof this area should be early and early-mid seral (grass/forb/shrub) with 60% mid-late and late-old\r\ngrowth (remnant sage and dense pinyon/juniper). The patch size should be 50-200 acres\r\nseparated by 1000-2000 feet to preserve adequate cover. Work with private landowners to\r\nincorporate private lands into treatments as able. Primarily use prescribed burning with limited\r\nmechanical treatment. Implement these treatments from 2005 to 2012.\r\n5)By the fifth year following each treatment the canopy/ground cover should be as shown in\r\nTable 1 for various vegetation types and treatment types (includes 'leave islands'). [Table 1 is in the Environmental Assessment Record] \r\n6)Improve watershed condition by improving ground cover over 50% of Mailbox/Dry Park by\r\n100% by 2016.\r\n7)Treatments will be designed, implemented, and re-seeded in a manner that will ensure that\r\nthere is no net increase in density or extent of noxious or invasive weeds within the treatment\r\nareas.","The contractor will pull the roller chopper filled with water within areas for treatment. All roller\r\nchopping will be done in a manner as instructed by the Pl/COR. That is, to roller chop in a\r\ncontinuous manner.\r\n\r\nThe project will be accomplished by the contractor using the bulldozer to pull the rollerchopper\r\nover the vegetation in the designated areas, and apply seed provided by the BLM. The pattern and\r\nshape of treatment areas are shown in the attached map. Edges of the treatment shall be ""flagged&&\r\nby bright plastic surveying ribbon. Treatment areas are shown on the attached map. The areas will\r\nbe seeded while pulling the rollerchopper. At the direction of the Project Inspector (Pl) or\r\nContracting Officers Representative (COR) untreated areas or individual trees will be left scattered\r\nthroughout. Straight line edges will be avoided where possible. Untreated areas larger than 2 acres\r\nin size will not be count as part of the acreage to be treated. The seeding rate will be 8 pounds per\r\nacre.",NA,NA,Polygon,Confirmed,"Digitized by BLM field office personnel, using a GPS unit on the ground",NA,333.7544038,322.8831475,NA,Contractor,"Hazardous fuels reduction, Habitat for wildlife, Pinon-juniper, Fire hazard, Habitat for elk, Habitat for mule deer, Rangeland health, Watershed health",NA,Unknown,NA,None,NA,NA,06:03:00,2,1,2004,02,01,4,30,2004,04,30
7140,19596,Seeding,Ground Seeding,Ground Seeding: Broadcast,12374,8318,4532,2,2004-02-01,2004-04-30,2/1/2004,4/30/2004,actual,actual,89,Implemented,None,1,None,NA,-1,Planned seed list,Mailbox Park Rollerchop Mix,Seeds,Plan,Unknown,NA,NA,"The object of this contract is to\r\nreduce wildland fuel, improve wildlife habitat and improve landscape health by rollerchopping this\r\npinyon and juniper site.\r\n\r\nOBJECTIVES\r\nBased on vegetation mosaics identified within the Uncompahgre Fire Management Plan,\r\ndiscussions with BLM resource specialists, fire managers, ecologists, and Colorado Division of\r\nWildlife habitat specialists the following objectives were developed for the Mailbox/Dry Park\r\nProject.\r\n1 )Reduce potential fire behavior and resistance to control within .25 miles of, and primarily\r\nupwind from, the electric lines, gas lines, and private inholdings within the Mailbox/Dry Park\r\narea by creating a somewhat linear mosaic dominated by 75% early and early-mid seral (grass,\r\nforbs, and low shrubs) with 25% late-mid and late-old growth (decadent sage and dense\r\npinyon/juniper). The patch size in deer emphasis areas should be 5-50 acres. The patch size in\r\nelk emphasis areas should be 50-200 acres. Primarily use mechanical treatments, followed by\r\nprescribed burning, to reduce fuel loadings arid maintain earlier seral communities .. Complete\r\nthese treatments by March, 2007\r\n2)Reduce potential fire behavior and resistance to control within .5 miles of private lands south\r\nof Mailbox Park by creating a mosaic of vegetation types dominated by 75% early and early-mid\r\nseral (grass/forb/shrub) with 25% late-mid and late-old growth (remnant sage and dense\r\npinyon/juniper). The patch size should be 5-50 acres due to deer emphasis in this area. Primarily\r\nuse mechanical treatments, followed by prescribed burning to reduce fuel loadings. and maintain\r\nearlier seral communities. Complete these treatments by March, 2007.\r\n3)Improve deer winter range throughout Mailbox Park by creating a mosaic of vegetation types.\r\n40% of these areas should be early and early-mid seral (grass forb/shrub) with 60% late-mid and\r\nlate-old growth (remnant sage and dense pinyon/juniper). The patch size should be 5-50 acres\r\nseparated by 150-600 feet to preserve adequate cover. Work with private landowners to\r\nincorporate private lands into treatments as able. Primarily use prescribed burning with limited\r\nmechanical treatment. Implement these treatments from 2005 to 2012.\r\n4)Improve elk winter range throughout Dry Park by creating a. mosaic of vegetation types. 40%\r\nof this area should be early and early-mid seral (grass/forb/shrub) with 60% mid-late and late-old\r\ngrowth (remnant sage and dense pinyon/juniper). The patch size should be 50-200 acres\r\nseparated by 1000-2000 feet to preserve adequate cover. Work with private landowners to\r\nincorporate private lands into treatments as able. Primarily use prescribed burning with limited\r\nmechanical treatment. Implement these treatments from 2005 to 2012.\r\n5)By the fifth year following each treatment the canopy/ground cover should be as shown in\r\nTable 1 for various vegetation types and treatment types (includes 'leave islands'). [Table 1 is in the Environmental Assessment Record] \r\n6)Improve watershed condition by improving ground cover over 50% of Mailbox/Dry Park by\r\n100% by 2016.\r\n7)Treatments will be designed, implemented, and re-seeded in a manner that will ensure that\r\nthere is no net increase in density or extent of noxious or invasive weeds within the treatment\r\nareas.",NA,Broadcast seeded concurrent with rollerchopping.,NA,Polygon,Confirmed,"Digitized by BLM field office personnel, using a GPS unit on the ground",NA,327.1901632,322.8831475,NA,NA,"Hazardous fuels reduction, Habitat for wildlife, Pinon-juniper, Fire hazard, Habitat for elk, Habitat for mule deer, Rangeland health, Watershed health",NA,Unknown,NA,None,NA,NA,07:38:00,2,1,2004,02,01,4,30,2004,04,30
7274,19909,Vegetation/Soil Manipulation,Soil Disturbance,Soil Disturbance: Rollerchopping,12594,8329,4533,2,2005-01-11,2005-03-28,1/11/2005,3/28/2005,actual,actual,76,Implemented,None,1,Acres,244,0,NA,NA,NA,NA,NA,NA,NA,"OBJECTIVES\r\nBased on vegetation mosaics identified within the Uncompahgre Fire Management Plan,\r\ndiscussions with BLM resource specialists,, fire managers, ecologists, and Colorado Division of\r\nWildlife habitat specialists the following objectives were developed for the Mailbox/Dry Park\r\nProject.\r\n1) Reduce potential fire behavior and resistance to control within .25 miles of, and primarily\r\nupwind from, the electric lines, gas lines, and private inholdings within the Mailbox/Dry Park\r\narea by creating a somewhat linear mosaic dominated by 75% early and early-mid seral (grass,\r\nforbs, and low shrubs) with 25% late-mid and late-old growth (decadent sage and dense\r\npinyon/juniper). The patch size in deer emphasis areas should be 5-50 acres. The patch size in\r\nelk emphasis areas should be 50-200 acres. Primarily use mechanical treatments, followed by\r\nprescribed burning, to reduce fuel loadings and maintain earlier seral communities. Complete\r\nthese treatments by March, 2007\r\n2) Reduce potential fire behavior and resistance to control within .5 miles of private lands south\r\nof Mailbox Park by creating a mosaic of vegetation types dominated by 75% early and early-mid\r\nseral (grass/forb/shrub) with 25% late-mid and late-old growth (remnant sage and dense\r\npinyon/juniper). The patch size should be 5-50 acres due to deer emphasis in this area. Primarily\r\nuse mechanical treatments, followed by prescribed burning to reduce fuel loadings and maintain\r\nearlier seral communities. Complete these~ treatments by March, 2007.\r\n3)Improve deer winter range throughout Mailbox Park by creating a mosaic of vegetation types.\r\n40% of these areas should be early and early-mid seral (grass forb/shrub) with 60% late-mid and\r\nlate-old growth (remnant sage and dense pinyon/juniper). The patch size should be 5-50 acres\r\nseparated by 150-600 feet to preserve adequate cover. Work with private landowners to\r\nincorporate private lands into treatments as able. Primarily use prescribed burning with limited\r\nmechanical treatment. Implement these treatments from 2005 to 2012.\r\n4)Improve elk winter range throughout Dry Park by creating a mosaic of vegetation types. 40%\r\nof this area should be early and early-mid seral (grass/forb/shrub) with 60% mid-late and late-old\r\ngrowth (remnant sage and dense pinyon/juniper). The patch size should be 50-200 acres\r\nseparated by 1000-2000 feet to preserve adequate cover. Work with private landowners to\r\nincorporate private lands into treatments as able. Primarily use prescribed burning with limited\r\nmechanical treatment. Implement these treatments from 2005 to 2012.\r\n5)By the fifth year following each treatment the canopy/ground cover should be as shown in\r\nTable 1 for various vegetation types and treatment types (includes 'leave islands').\r\n6)Improve watershed condition by improving ground cover ov1er 50% of Mailbox/Dry Park by\r\n100% by 2016.\r\n7)Treatments will be designed, implemented, and re-seeded in a manner that will ensure that\r\nthere is no net increase in density or extent of noxious or invasive weeds within the treatment\r\nareas.","The contractor will pull the roller chopper filled with water within the areas for treatment shown on\r\nthe attached maps. All roller chopping will be done in a continuous manner or as instructed by the\r\nContracting Officer's Representative. In units larger than 10 acres the contractor shall leave 25% of\r\nthe treated areas in untreated islands of a single tree to 2.0 acres. Units less than 10 acres shall have\r\nno leave islands, but should have scattered clumps or individual trees.",NA,NA,Polygon,Confirmed,"Digitized by BLM field office personnel, using a GPS unit on the ground",NA,243.8555891,206.2123714,NA,Contractor,"Fire hazard, Hazardous fuels reduction, Habitat for mule deer, Habitat for elk, Rangeland health, Watershed health",The object of this contract is to reduce the threat from catastrophic wildland fire by\r\nrollerchopping this pinyon and juniper stand and creating openings.\r\n\r\nFuels reduction project to protect the electric transmission line.,Unknown,NA,None,NA,NA,29:33:00,1,11,2005,01,11,3,28,2005,03,28
7274,19910,Seeding,Ground Seeding,Ground Seeding: Broadcast,12595,8330,4533,2,2005-01-11,2005-03-28,1/11/2005,3/28/2005,actual,actual,76,Implemented,None,1,None,NA,-1,Planned seed list,Maverick Draw Powerline Rollerchop Project Mix,Seeds,Plan,Unknown,NA,NA,NA,"All treated areas will be uniformly seeded while pulling the rollerchopper. The seeding rate will be\r\n10 pounds per acre. All work, including ingress and egress, must be completed while the ground\r\nsurface is frozen.",Broadcast with whirlybird on rollerchopper.,NA,Polygon,Confirmed,"Digitized by BLM field office personnel, using a GPS unit on the ground",NA,243.8555891,206.2123714,NA,Contractor,"Fire hazard, Hazardous fuels reduction, Habitat for mule deer, Habitat for elk, Rangeland health, Watershed health",The object of this contract is to reduce the threat from catastrophic wildland fire by\r\nrollerchopping this pinyon and juniper stand and creating openings.\r\n\r\nFuels reduction project to protect the electric transmission line.,Unknown,NA,None,NA,NA,33:12:00,1,11,2005,01,11,3,28,2005,03,28
7826,21375,Seeding,Aerial Seeding,Aerial Seeding,13590,8385,4538,2,1966-06-15,1966-06-15,00/00/1966,00/00/1966,estimated month and day,estimated month and day,0,Implemented,Very Limited Success,1,Acres,3822,-1,Confirmed seed list,Mud Springs Seed Mix,Seeds,Confirmed on Paper,Unknown,Species Specific,NA,The purpose of this project will be for watershed protection on site and reduce grazing pressures off site.,"...seeding into crested 7# wheatgrass and 1/2#-4 wing saltbrush, and 1#...alfalfa per acre.",Seeding by aerial broadcast followed the first chaining .,"----Inspection Memo '67---- \r\nVery few old crested wheatgrass plants, but many new seedlings that apparently germinated last fall.  If these new seedlings all survive, this may be a very good seeding.  There are many patches of 50 feet or so with few or no seedlings, but most of the area is well covered.  In many areas sage brush seedlings are very thick.\r\n\r\n----Inspection Report &$78----\r\nSeed did not grow.\r\nCondition or success of improvement: poor",Polygon,Confirmed,Digitized by LTDL data entry personnel using a confirmed map,3/5/2014,4344.469246,4316.96353,NA,NA,"Watershed Degradation, Forage for Livestock",The purpose of this project will be for watershed protection on site and reduce grazing pressures off site.,Unknown,NA,Unknown,NA,NA,50:21:00,00,00,1966,06,15,00,00,1966,06,15
7826,21376,Vegetation/Soil Manipulation,Soil Disturbance,Soil Disturbance: Chaining,13591,8386,4538,2,1966-06-15,1966-06-15,00/00/1966,00/00/1966,estimated month and day,estimated month and day,0,Implemented,Unknown,1,Acres,3822,0,NA,NA,NA,NA,NA,NA,NA,The purpose of this project will be for watershed protection on site and reduce grazing pressures off site.,This project will consist of removing pinyon juniper trees by chaining twice and seeding...The seeding application will take place between the two chainings which will take place in appropriate direction...,Double chaining of the area with large ships anchor chain...,...an estimated 90% kill of the pinyon-juniper.,Polygon,Confirmed,Digitized by LTDL data entry personnel using a confirmed map,3/5/2014,4344.469246,4316.96353,NA,NA,"Watershed Degradation, Seedbed Preparation",The purpose of this project will be for watershed protection on site and reduce grazing pressures off site.,Unknown,NA,Unknown,NA,NA,50:22:00,00,00,1966,06,15,00,00,1966,06,15
8113,22228,Vegetation/Soil Manipulation,Soil Disturbance,Soil Disturbance: Chaining,14134,8429,4544,2,1963-10-16,1963-12-03,10/16/1963,12/3/1963,actual,actual,48,Implemented,Partially Successful,2,Acres,800,0,NA,NA,NA,NA,NA,NA,NA,#NAME?,----Project Estimate----\r\n...dragging an anchor chain with 45 lb links between two crawler-type tractors (caterpillar D-7).,----Project Completion Report----\r\nThe area was chained once with a 45 lb. line anchor chain and aerial seeded...then chained again in the reverse direction to cover the seed and remove trees that were pulled over and not up rooted the first time over.,#NAME?,Polygon,Confirmed,Digitized by LTDL data entry personnel using a confirmed map,11/15/2013,884.3318527,867.4111188,NA,Unknown,"Erosion, Seedbed Preparation",#NAME?,Unknown,NA,Unknown,NA,"The project dates are confirmed only by the dates listed on the project completion report.  Given that chaining was the first and last treatment of the project, the treatment dates should be homologous with the project dates.",14:57:00,10,16,1963,10,16,12,3,1963,12,03
8113,22227,Seeding,Aerial Seeding,Aerial Seeding: Fixed Wing,14135,8430,4544,2,1963-10-16,1963-12-03,10/16/1963,12/3/1963,actual,actual,48,Implemented,Partially Successful,1,Acres,800,-1,Confirmed seed list,North Clark's Valley Reseeding,Seeds,Confirmed on Paper,Unknown,Species Specific,NA,#NAME?,"----Project Estimate----\r\n...crested wheat (desert 3#), pubescent wheatgrass (2 lbs), intermediate wheatgrass (3 lbs), and Russian wildrye (1 lbs) will be applied by airplane (set wing).",#NAME?,#NAME?,Polygon,Confirmed,Digitized by LTDL data entry personnel using a confirmed map,11/15/2013,890.4080663,0,NA,Unknown,"Provide Forage for Livestock, Erosion",#NAME?,Unknown,NA,Unknown,NA,"Treatment dates are not confirmed as the actual date of aerial seeding is not known; however, it is known that the treatment was completed within the estimated dates.",31:10:00,10,16,1963,10,16,12,3,1963,12,03
9460,25725,Seeding,Aerial Seeding,Aerial Seeding: Fixed Wing,16413,8557,4560,2,1962-10-23,1962-11-15,10/23/1962,11/15/1962,actual,actual,23,Implemented,None,2,Acres,2180,-1,Unknown seed list,NA,NA,Unknown Seed List Origin,NA,NA,NA,[To clear allotment of pinyon-juniper and reseed with Crested wheatgrass].,This projects consists of chaining pinyon-juniper. The area is to be seeded crested wheat at 6 lbs. per acre. Seed is to be applied by plane.,NA,NA,Polygon,Confirmed,Digitized by LTDL data entry personnel using a confirmed map,7/31/2014,2630.101668,2288.796275,NA,NA,"Brush control, Pinon-juniper, Invasion by pinyon-juniper, Rangeland health","The project consisted of artificial revegetation on 2,524 acres. The pinon-juniper stand was eradicated by chaining. Seed was applied by broadcasting by plane. Crested wheatgrass seed was applied at the rate of 6 lbs. per acre.",None,NA,None,NA,NA,50:33:00,10,23,1962,10,23,11,15,1962,11,15
9460,25724,Vegetation/Soil Manipulation,Soil Disturbance,Soil Disturbance: Chaining,16414,8558,4560,2,1962-10-23,1962-11-15,10/23/1962,11/15/1962,actual,actual,23,Implemented,None,2,Acres,NA,0,NA,NA,NA,NA,NA,NA,NA,[To clear allotment of pinyon-juniper and reseed with Crested wheatgrass].,This project consists of chaining pinyon-juniper. The area is to be seeded to Crested wheat at 6 lbs. per acre. Seed is to be applied by plane.,NA,NA,Polygon,Confirmed,Digitized by LTDL data entry personnel using a confirmed map,7/31/2014,2630.101668,2288.796275,NA,NA,"Brush control, Pinon-juniper, Invasion by pinyon-juniper, Rangeland health","The project consisted of artificial revegetation on 2,524 acres. The pinon-juniper stand was eradicated by chaining. Seed was applied by broadcasting by plane. Crested wheatgrass seed was applied at the rate of 6 lbs. per acre.",None,NA,None,NA,NA,50:03:00,10,23,1962,10,23,11,15,1962,11,15
9905,26895,Seeding,Aerial Seeding,Aerial Seeding,17192,8585,4563,2,1989-12-11,1989-12-14,12/11/1989,12/14/1989,actual,actual,3,Implemented,NA,2,Acres,1180,-1,Confirmed seed list,Upper Site,Seeds,Confirmed on Paper,Unknown,NA,NA,NA,"480 acres would be seeded by helicopter or\r\nfixed-wing aircraft in a ""lower elevation&& site.","THE RYAN CREEK SEEDING AND CHAINING PROJECT WAS FINISHED 14 DEC 1989.\r\nTHE SEEDING WAS DONE BY HELICOPTERS SERVICES OUT OF WOODS CROSS, UTAH.\r\nTHE PILOT WAS JERRY BINGHA"". THE SEEDING WAS DONE WITHIN THREE DAYS OF\r\nGETTING STARTED, COVERAGE WAS GOOD. BL&& SUPPORTED THE OPERATION BY\r\nPROVIDING &&ANPOWER TO HANDLE THE LOADING OF SEED AND SPOT CHECKING ON\r\nTHE GROUND APPLICATION.",NA,Polygon,Confirmed,Digitized by LTDL data entry personnel using a confirmed map,8/28/2014,1251.631153,1188.563191,NA,NA,"Erosion, Establishment of seeded species, Cover for wildlife, Loss of vegetation, Rangeland health, Vegetal cover, Watershed degradation, Water siltation, Water quality","910 acres of the burn would be seeded with both a &&lower and\r\nupper elevation&& seed mix and then chained. The irregular\r\npattern of suitable acreage would necessitate seeding by\r\nhelicopter to avoid seed being broadcast on some of the steep,\r\nrocky slopes. 480 acres would be seeded by helicopter or\r\nfixed-wing aircraft in a &&lower elevation&& site. This site\r\nwould then see the trampling effect of 700 cattle for four days\r\nto break up the soil crust and prepare a good seedbed for\r\nseedling establishment. A little more than one mile of fence\r\n(two locations) would be constructed to keep livestock off the\r\nupper seeding.",None,NA,None,NA,"Also know as the ""Upper Site.""",17:47:00,12,11,1989,12,11,12,14,1989,12,14
9905,26894,Vegetation/Soil Manipulation,Soil Disturbance,Soil Disturbance: Chaining,17193,8586,4563,2,1989-12-11,1989-12-14,12/11/1989,12/14/1989,actual,actual,3,Implemented,NA,2,Acres,565,0,NA,NA,NA,NA,NA,NA,NA,NA,"910 acres of the burn would be seeded with both a ""lower and\r\nupper elevation&& seed mix and then chained.","THE CHAINING WAS DONE BY ""ATT HUNTING OF OREM, UTAH. WE HAD SOME\r\nPROBLE&&S OF GETTING THE EQUIP&&ENT TO THE SITE. ACCESS THROUGH THE\r\nCOLORADO NATL. MONUMENT NEEDED ESCORTING. HAULING THE HDB AND HD9 UP\r\nTHE STEEP WINDING ROAD WAS TOUGH. IN BOTH INSTANCES THE UNIVERSAL\r\nJOINT WENT OUT NEAR THE TUNNEL,(ONCE BELOW AND ONCE ABOVE THE TUNNEL>\r\nAND THIS CREATED DELAY FOR THE PROJECT. ANOTHER DELAY WAS CAUSED WHEN\r\nTHE TRANSPORT TRAILER BROKE SPRINGS ON THE AXLE AND PUNCTURED TWO\r\nTIRES. THIS HAPPENED AS THE CONTRACTOR WAS BRINGING THE HD9 OUT OF\r\nBROWN'S HOLE, NEAR VERNAL, UTAH. THE CONTRACTOR TOOK A COUPLE OF DAYS\r\nTRYING TO FIND SO&&EONE TO FIX THE SPRINGS. FINALLY All THE EQUIPMENT\r\nGOT IN PLACE, THEN ACCESS TO THE SITE BECAME A PROBLEM. THE FUEL TRUCK\r\nHAD TO BE PULLED BY THE CAT TO THE WORK SITE. THE WEATHER TURNED COLD.\r\nIT WAS DIFFICULT TO START THE EQUIPMENT IN THE MORNINGS. THE BRONCO\r\nLOST IT&$S STARTER MOTOR. THE BLK PROVIDED TRANSPORTATION TO THE SITE\r\nUNTIL THE CONTRACTOR COULD GET THE STARTER MOTOR FIXED. ALL THE\r\nCHAINING FINALLY GOT DONE THAT COULD BE DONE. MEANING THERE WERE 565\r\nACRES CHAINED, 90 ACRES THAT WERE TAKEN OUT BECAUSE OF ARCHEOLOGICAL\r\nSITES, 20 ACRES OUT THAT WERE GREEN AND 280 ACRES THAT PROVED TO BE\r\nINACCESSIBLE; MAKING A TOTAL OF 955 ACRES TOTAL THAT WERE PROPOSED FOR\r\nCHAINING. THE JOB WAS CO&&PLETED 14 DEC. 1989",NA,Polygon,Confirmed,Digitized by LTDL data entry personnel using a confirmed map,8/27/2014,819.5200724,795.1512478,NA,BLM and Cooperators,"Erosion, Establishment of seeded species, Cover for wildlife, Loss of vegetation, Rangeland health, Vegetal cover, Watershed degradation, Water siltation, Water quality","910 acres of the burn would be seeded with both a &&lower and\r\nupper elevation&& seed mix and then chained. The irregular\r\npattern of suitable acreage would necessitate seeding by\r\nhelicopter to avoid seed being broadcast on some of the steep,\r\nrocky slopes. 480 acres would be seeded by helicopter or\r\nfixed-wing aircraft in a &&lower elevation&& site. This site\r\nwould then see the trampling effect of 700 cattle for four days\r\nto break up the soil crust and prepare a good seedbed for\r\nseedling establishment. A little more than one mile of fence\r\n(two locations) would be constructed to keep livestock off the\r\nupper seeding.",None,NA,None,NA,Only 560 acres were chained for this treatment not the 910 that were proposed in the Environmental Assessment.,24:45:00,12,11,1989,12,11,12,14,1989,12,14
11046,29934,Vegetation/Soil Manipulation,Soil Disturbance,Soil Disturbance: Rollerchopping,19253,8649,4567,2,2009-09-15,2009-12-15,9/15/2009,12/15/2009,actual,actual,91,Implemented,None,2,Acres,300,0,NA,NA,NA,NA,NA,NA,NA,The primary objectives of the project are as follows:\r\n- improve the habitat for Gunnison Sage Grouse by maintaining open sagebrush parks and attain vegetative standards for habitat identified within the conservation plan.\r\n- Remove 85 to 95 % of the PJ that has encroached within the sagebrush parks through the treatment process.\r\n- Improve the herbaceous cover within the sagebrush community by attaining a grass cover of 15 to 20 percent and a forb cover of 10 to 15 % in 10 years.,The proposed action is to mechanically treat approximately 300 acres within a sagebrush park which is experiencing PJ encroachment in the Spring Creek area on the west end of Pinon Mesa at mid elevation. A rollerchopper would be used to remove the encroaching PJ as well as serve as a tool to provide an adequate seed bed for seeded species to improve the herbaceous cover within the sagebrush community.,NA,NA,Polygon,Confirmed,"Digitized by BLM field office personnel, method unknown",NA,196.0697174,195.634359,NA,NA,"Habitat for sage grouse, Habitat for wildlife, Encroaching vegetation, Invasion by pinyon-juniper, Loss of perennials, Loss of sagebrush, Pinon-juniper","Glade Park and Pinion Mesa in western Colorado support a population of Gunnison Sage Grouse. The Pinion Mesa Gunnison Sage Grouse Conservation Plan, prepared by BLM, Colorado Division of Wildlife, and private landowners, was approved in\r\nMay of 2000. This plan identified the loss of sagebrush habitat as the most threatening factor to the survival of sage grouse in this area. Pinon-Juniper (PJ) encroachment was one of the primary reasons leading to the loss of open sagebrush parks. Since the year 2000 several thousand acres both on BLM and private land has been treated to maintain open sagebrush parks with adequate herbaceous cover. In the past couple of years field observations have shown the birds are expanding their past use areas and moving to the mid and lower elevations controlled by BLM. This project is one of several projects scheduled to improve the habitat in these mid-elevation sites. Objectives for this treatment are consistent with habitat objectives identified within the conservation plan. These areas have been identified as Potential Habitat by the Colorado\r\nDivision of Wildlife (CDOW) who will be a partner in this project. This project is on the west end of Pinon Mesa in the vicinity of private property that supports active sage grouse leks. The Pinon Mesa Gunnison Sage Grouse population has been static to declining in the past 3 years. Continued habitat improvement is necessary to reverse this trend. BLM&$s focus has been to\r\nimplement projects in the mid elevation near the existing population and at lower elevations in historic winter range.",None,NA,None,NA,NA,39:56:00,9,15,2009,09,15,12,15,2009,12,15
11046,29935,Seeding,Ground Seeding,Ground Seeding: Broadcast,19254,8650,4567,2,2009-09-15,2009-12-15,9/15/2009,12/15/2009,actual,actual,91,Implemented,None,2,Acres,300,-1,Confirmed seed list,NA,Seeds,Confirmed on Paper,Unknown,Species Specific,"The seed mix did not indicate whether bulk or PLS rates were used, therefore, unknown has been listed and all seed mix information has been entered into the Bulk category.",The primary objectives of the project are as follows:\r\n- Improve the habitat for Gunnison Sage Grouse by maintaining open sagebrush parks and attain vegetative standards for habitat identified within the conservation plan .\r\n- Remove 85 to 95 % of the PJ that has encroached within the sagebrush parks through the treatment process.\r\n- Improve the herbaceous cover within the sagebrush community by attaining a grass cover of 15 to 20 percent and a forb cover of 10 to 15 % in 10 years.,A broadcast seeder will be mounted on the back of the dozer to distribute seed in front of the rollerchopper to improve the seed bed preparation. A seed mixture would be utilized containing a mix of grasses and forbs which are beneficial to sage grouse and have been successfully used in other projects within the area. Seed will be tested in accordance\r\nwith BLM policy.,NA,NA,Polygon,Confirmed,"Digitized by BLM field office personnel, method unknown",NA,196.0697174,195.634359,NA,NA,"Habitat for sage grouse, Habitat for wildlife, Encroaching vegetation, Invasion by pinyon-juniper, Loss of perennials, Loss of sagebrush, Pinon-juniper","Glade Park and Pinion Mesa in western Colorado support a population of Gunnison Sage Grouse. The Pinion Mesa Gunnison Sage Grouse Conservation Plan, prepared by BLM, Colorado Division of Wildlife, and private landowners, was approved in\r\nMay of 2000. This plan identified the loss of sagebrush habitat as the most threatening factor to the survival of sage grouse in this area. Pinon-Juniper (PJ) encroachment was one of the primary reasons leading to the loss of open sagebrush parks. Since the year 2000 several thousand acres both on BLM and private land has been treated to maintain open sagebrush parks with adequate herbaceous cover. In the past couple of years field observations have shown the birds are expanding their past use areas and moving to the mid and lower elevations controlled by BLM. This project is one of several projects scheduled to improve the habitat in these mid-elevation sites. Objectives for this treatment are consistent with habitat objectives identified within the conservation plan. These areas have been identified as Potential Habitat by the Colorado\r\nDivision of Wildlife (CDOW) who will be a partner in this project. This project is on the west end of Pinon Mesa in the vicinity of private property that supports active sage grouse leks. The Pinon Mesa Gunnison Sage Grouse population has been static to declining in the past 3 years. Continued habitat improvement is necessary to reverse this trend. BLM&$s focus has been to\r\nimplement projects in the mid elevation near the existing population and at lower elevations in historic winter range.",None,NA,None,NA,NA,50:24:00,9,15,2009,09,15,12,15,2009,12,15
11730,31766,Seeding,Aerial Seeding,Aerial Seeding,20413,8695,4576,2,1960-11-20,1960-12-06,11/20/1960,12/6/1960,actual,actual,16,Implemented,Unknown,2,Acres,1000,-1,Confirmed seed list,Timber Mix,Seeds,Confirmed on Paper,Unknown,Overall,"There was only a general rate listed for all species combined indicated here, specific rates for each species were not possible.",NA,NA,NA,NA,Polygon,Confirmed,"Digitized by BLM field office personnel, method unknown",NA,986.9182849,951.5658652,NA,BLM,"Brush control, Erosion, Establishment of seeded species, Forage quality, Invasive species, Loss of desirable species, Loss of vegetation, Noxious weeds, Pinon-juniper, Rangeland health, Sedimentation, Unknown, Vegetal cover",NA,None,NA,None,NA,NA,59:49:00,11,20,1960,11,20,12,6,1960,12,06
11730,31767,Vegetation/Soil Manipulation,Soil Disturbance,Soil Disturbance: Chaining,20414,8696,4576,2,1960-11-20,1960-12-06,11/20/1960,12/6/1960,actual,actual,16,Implemented,Unknown,2,Acres,1000,0,NA,NA,NA,NA,NA,NA,NA,NA,NA,NA,NA,Polygon,Confirmed,"Digitized by BLM field office personnel, method unknown",NA,986.9182849,951.5658652,NA,BLM,"Brush control, Erosion, Establishment of seeded species, Forage quality, Invasive species, Loss of desirable species, Loss of vegetation, Noxious weeds, Pinon-juniper, Rangeland health, Sedimentation, Unknown, Vegetal cover",NA,None,NA,None,NA,NA,06:55:00,11,20,1960,11,20,12,6,1960,12,06
11853,32017,Vegetation/Soil Manipulation,Soil Disturbance,Soil Disturbance: Chaining,20595,8701,4578,2,1966-07-27,1967-01-07,7/27/1966,1/7/1967,actual,actual,164,Implemented,Unknown,2,Acres,1427,0,NA,NA,NA,NA,NA,NA,NA,NA,NA,NA,NA,Polygon,Confirmed,"Digitized by BLM field office personnel, method unknown",NA,1120.105559,1117.366711,NA,BLM,"Brush control, Erosion, Establishment of seeded species, Loss of vegetation, Rangeland health, Sedimentation, Unknown, Vegetal cover",NA,None,NA,None,NA,NA,30:38:00,7,27,1966,07,27,1,7,1967,01,07
11853,32016,Seeding,Aerial Seeding,Aerial Seeding,20596,8702,4578,2,1966-07-27,1967-01-07,7/27/1966,1/7/1967,actual,actual,164,Implemented,Unknown,2,Acres,1427,-1,Confirmed seed list,Toms Canyon Mix,Seeds,Confirmed on Paper,Unknown,Overall,"There was only a general rate listed for all species combined indicated here, specific rates for each species were not possible.",NA,NA,NA,NA,Polygon,Confirmed,"Digitized by BLM field office personnel, method unknown",NA,1120.105559,1117.366711,NA,BLM,"Brush control, Erosion, Establishment of seeded species, Loss of vegetation, Rangeland health, Sedimentation, Unknown, Vegetal cover",NA,None,NA,None,NA,NA,39:37:00,7,27,1966,07,27,1,7,1967,01,07
12189,32954,Vegetation/Soil Manipulation,Soil Disturbance,Soil Disturbance: Chaining,21198,8733,4580,2,1962-11-23,1962-12-07,11/23/1962,12/7/1962,actual,actual,14,Implemented,None,2,Acres,900,0,NA,NA,NA,NA,NA,NA,NA,Improve grazing capacity of the federal range. Increase soil cover for purpose of reducing erosion.,NA,b. Seedbed preparation - chaining of trees cost/acre 2. 39,Tree control 98%,Polygon,Confirmed,Digitized by LTDL data entry personnel using a confirmed map,6/28/2016,1023.850866,1023.686048,NA,Contractor,"Forage for livestock, Erosion, Rangeland health",Improve grazing capacity of the federal range. Increase soil cover for the purpose of reducing erosion.,None,NA,None,NA,NA,14:46:00,11,23,1962,11,23,12,7,1962,12,07
12189,32955,Seeding,Aerial Seeding,Aerial Seeding: Fixed Wing,21199,8734,4580,2,1962-11-23,1962-12-07,11/23/1962,12/7/1962,actual,actual,14,Implemented,None,2,Acres,900,-1,Confirmed seed list,NA,Seeds,Confirmed on Paper,Unknown,Species Specific,NA,Improve grazing capacity of the federal range. Increase soil cover for the purpose of reducing erosion.,NA,approx. 900 acres were seeded at rate of 4.5-5lbs/acre.,NA,Polygon,Confirmed,Digitized by LTDL data entry personnel using a confirmed map,6/28/2016,1023.850866,1023.686048,NA,Contractor,"Forage for livestock, Erosion, Rangeland health",Improve grazing capacity of the federal range. Increase soil cover for the purpose of reducing erosion.,None,NA,None,NA,NA,14:46:00,11,23,1962,11,23,12,7,1962,12,07
12928,34810,Vegetation/Soil Manipulation,Soil Disturbance,Soil Disturbance: Chaining,22453,8777,4587,2,1986-06-15,1987-06-15,00/00/1986,00/00/1987,estimated month and day,estimated month and day,365,Implemented,None,2,Acres,420,0,NA,NA,NA,NA,NA,NA,NA,"Currently there is a shortage of forage during the spring months (April, May, and June). During these months livestock are forced to remain on the winter range which stresses forage plants during the critical growing season. Also, livestock concentrate along East Douglas Creek which has previously created a degraded riparian habitat.\r\nBy providing additional forage with in the spring range the problems described above could be improved.","Chaining of the pinyon-juniper and construction of the stock ponds would be by the BLM Force Account Crew. Equipment required would include; two D-6 caterpillar tractors, 150 feet of anchor chain and support vehicles. Chaining would be accomplished by making two passes, in opposite directions for optimal reduction of pinyon-juniper.",NA,NA,Polygon,Confirmed,"Digitized by BLM field office personnel, method unknown",NA,407.8425618,407.2047084,NA,NA,"Rangeland health, Overgrazing, Overuse, , Forage for wildlife, Forage for livestock","The Cathedral Bluffs Allotment Management Plan contains objectives for\r\nimproving vegetation condition through development of range improvements\r\nincluding vegetation manipulations.\r\nCurrently there is a shortage of forage during the spring months (April, May,\r\nand June). During these months livestock are forced to remain on the winter\r\nrange which stresses forage plants during the critical growing season. Also,\r\nlivestock concentrate along East Douglas Creek which has previously created a\r\ndegraded riparian habitat.\r\nBy providing additional forage with in the spring range the problems described\r\nabove could be improved.",None,NA,None,NA,This treatment appears to have been 2 chainings done at once.,04:28:00,00,00,1986,06,15,00,00,1987,06,15
12928,34811,Seeding,Aerial Seeding,Aerial Seeding,22454,8778,4587,2,1986-06-15,1987-06-15,00/00/1986,00/00/1987,estimated month and day,estimated month and day,365,Implemented,None,2,Acres,420,-1,Planned seed list,NA,Seeds,Plan,Unknown,Species Specific,NA,"Currently there is a shortage of forage during the spring months (April, May, and June). During these months livestock are forced to remain on the winter range which stresses forage plants during the critical growing season. Also, livestock concentrate along East Douglas Creek which has previously created a degraded riparian habitat.\r\nBy providing additional forage with in the spring range the problems described above could be improved.",Under this alternative approximately 330 acres of pinyon-juniper woodland would be manipulated through 11 double chaining and then aerially seeded with pubescent wheatgrass.,NA,NA,Polygon,Confirmed,"Digitized by BLM field office personnel, method unknown",NA,407.8425618,407.2047084,NA,BLM and Cooperators,"Rangeland health, Overgrazing, Overuse, , Forage for wildlife, Forage for livestock","The Cathedral Bluffs Allotment Management Plan contains objectives for\r\nimproving vegetation condition through development of range improvements\r\nincluding vegetation manipulations.\r\nCurrently there is a shortage of forage during the spring months (April, May,\r\nand June). During these months livestock are forced to remain on the winter\r\nrange which stresses forage plants during the critical growing season. Also,\r\nlivestock concentrate along East Douglas Creek which has previously created a\r\ndegraded riparian habitat.\r\nBy providing additional forage with in the spring range the problems described\r\nabove could be improved.",None,NA,None,NA,NA,04:28:00,00,00,1986,06,15,00,00,1987,06,15
13557,20934,Vegetation/Soil Manipulation,Vegetation Disturbance,Tree/Brush Control,23466,8885,4600,2,1950-05-30,1950-12-01,5/30/1950,12/1/1950,actual,actual,185,Implemented,None,2,Acres,1600,0,NA,NA,NA,NA,NA,NA,NA,NA,NA,Brush removal,NA,Polygon,Confirmed,"Digitized by BLM field office personnel, method unknown",NA,1804.803545,1801.331584,NA,NA,"Brush control, Sagebrush, Forage quality","The areas to be seeded are not producing the class and amount of forage they are capable of supporting and should be helped by sagebrush eradication and reseeding with better plants, and facilitate soil stabilization and rehabilitation of the Federal Range.",Unknown,NA,None,NA,NA,37:02:00,5,30,1950,05,30,12,1,1950,12,01
13557,20935,Seeding,Seeding,Seeding,23467,8886,4600,2,1950-05-30,1950-12-01,5/30/1950,12/1/1950,actual,actual,185,Implemented,None,2,Acres,1600,-1,Confirmed seed list,Monogram Mesa Range Revegetation Mix II,Seeds,Confirmed on Paper,Unknown,NA,NA,NA,NA,...reseeded.,NA,Polygon,Confirmed,"Digitized by BLM field office personnel, method unknown",NA,1804.803545,1801.331584,NA,NA,"Brush control, Sagebrush, Forage quality","The areas to be seeded are not producing the class and amount of forage they are capable of supporting and should be helped by sagebrush eradication and reseeding with better plants, and facilitate soil stabilization and rehabilitation of the Federal Range.",Unknown,NA,None,NA,NA,43:43:00,5,30,1950,05,30,12,1,1950,12,01
13613,24772,Seeding,Ground Seeding,Ground Seeding: Broadcast,23561,8897,4605,2,2003-05-15,2003-06-15,5/00/2003,6/00/2003,estimated day,estimated day,31,Implemented,Unknown,2,Acres,400,-1,Planned seed list,Price Canyon Mix,Seeds,Plan,Unknown,Species Specific,"----Project Memo_2009----There were 2,490 pounds of the 3,600 pounds of seed that was used on the Price Canyon Fire\r\nsite.","----BAR/ES Plan----\r\nAerial seeding...to effectively apply the seed on 400 acres of the burn.\r\n\r\n----EA----\r\nIt was recommended that native plants be seeded. Shrubs that would be planted would be high value wildlife browse plants (bitterbrush and mahogany), a variety of grasses and forbs. Both browse species tend not re-sprout following a fire and were probably killed during the fire. Yellow sweetclover, an introduced legume species should be added to the seed mix. The clover would serve as a short lived nurse crop and produce nitrogen to fertilize the other seeded plants. The clover would slightly compete with the other plants, not spread to other areas and is relatively low in cost.","----BAR/ES Plan---\r\nAerial seeding will be completed with contract aircraft. \r\n\r\nApplication of the seed with this contract will be on 400 acres of public land on the upper portion of the burn in Emma Park.  \r\n\r\nBLM will conduct a pre-work conference with the aircraft contractor and pilot to review the contract specifications and logistical layout of the project area.  BLM will provide maps and assist with flagging and flight line swath directions on the ground for proper seed application.  BLM may fly a reconnaissance flight with the contractor as part of the pre-work conference, if necessary.  BLM will deliver the seed to the contractor at the aircraft loading area.  Contractor will supply personal equipment, fuel and other materials associated with operation and maintenance of the aircraft.  The contractor will be responsible for loading the seed on the aircraft.\r\n\r\nContractor will have radio equipment capability to communicate with BLM ground crews for proper seed placement on the ground.  The aircraft, pilot and equipment will be certified by the Office of Aircraft and Safety (OAS).  Line of site and personal discretion will be utilized in conjunction with the BLM ground crews for proper application of the seed.  \r\n\r\nPersonal safety of the pilot and BLM staff will be ensured if the contract specifications are followed and good judgment is a top priority with all involved in the operation.  Every member of the operation has a personal responsibility for their own safety and the safety of the other party members. The BLM ground crew and the pilot will monitor conditions and\r\nhazards at each phase of the operation to determine if operations should be stopped or modified to complete the project in a safe and efficient manner.\r\n\r\nVisually inspect the flight lines of the aircraft, check number of seeds per square foot of coverage for the correct pounds per acre is being applied.  Track flight safety and assist the pilot with wind and flight operations from the project site.\r\n\r\n----EA----","----Staff Report_2004_Nov----\r\nThe aerial seeding and soil coverage of seed was not completed due to weather conditions.  The seed was stored and the majority of the seed was later used a part of the erosion control project...May and June 2003...eagle scout candidates from a local scout troop planned and carried out the project.\r\n\r\n----Project Memo_2009----\r\nThere were 2,490 pounds of the 3,600 pounds of seed that was used on the Price Canyon Fire site.  The balance of the seed, 1,110 pounds, was used on the Horse Canyon (W764) Fire in March of 2004.  The Price Canyon seeding was accomplished in the fall and spring of 2002 and 2003 respectively [there is no documentation available showing that any treatments were conducted during the Fall of 2002]\u2026 Eagle Scout project groups provided labor to broadcast seed\u2026","----Staff Report_2004_Nov----\r\nIn July of 2004, monitoring photos were taken of the rehabilitation project.  The entire burned area showed a successful recovery of vegetative cover.",Polygon,Confirmed,Digitized by LTDL data entry personnel using a confirmed map,11/5/2013,453.5614432,380.3583277,NA,Volunteers,"Loss of Vegetation, Habitat for Sage Grouse, Provide Forage for Livestock, Provide Forage for Wildlife",----BAR/ES Plan----\r\n1) Vegetation: Extent of vegetation loss due to on-going drought conditions for the past several years that has resulted in extremely low soil moisture. Fire temperatures combined with low soil/vegetation moisture content may have burned sufficient roots and crowns to kill plants over approximately 40 percent of the burn area.  \r\n2) Livestock: Loss of livestock forage affecting two livestock grazing permitees.  \r\n3) Wildlife: Potential loss of critical habitat for sage grouse and winter range forage for mule deer and elk.  \r\n4) T&E and Sensitive Species:  Potential habitat for sage grouse may exist within the burned area.\r\n\r\n----EA----\r\n...rehabilitate vegetative ground cover to protect the area from accelerated soil erosion...protect water quality from soil sediment...prevent the introduction and spread of invasive/noxious weeds in the area...restore wildlife habitat and livestock forage.,Unknown,NA,Unknown,NA,----Staff Report_2004_Nov----\r\nThe aerial seeding and soil coverage of seed was not completed due to weather conditions. The seed was stored and the majority of the seed was later used a part of the erosion control project completed during the summer of 2003. The remaining seed was used on the Horse Canyon Fire (W764) that occurred in the Range Creek area in July of 2003.\r\n\r\nCosts for broadcast ground seeding was estimated through Seed Award Contracts only.  This is assuming that labor cost were all accounted for with volunteer work.  Seed Award Contracts were also used to construct the provided seed mix information.\r\n\r\nEquipment used for broadcast seeding is not specified.,06:21:00,5,00,2003,05,15,6,00,2003,06,15
13613,24773,Soil Stabilization,Soil Stabilization,Soil Stabilization (other than seeding/planting): Erosion Control Structures,23562,8898,4605,2,2003-05-15,2003-06-15,5/00/2003,6/00/2003,estimated day,estimated day,31,Implemented,Successful,2,Sq. feet,4000,0,NA,NA,NA,NA,NA,NA,NA,#NAME?,#NAME?,----Project Memo_2009----\r\n...two Eagle Scout project groups provided labor to broadcast seed and install the erosion control materials on the burned area. The projects were conducted on 400 acres where there was the highest erosion potential. Some BLM employees donated their time on Saturdays to help install the materials. The materials were delivered from the BLM ware yard to the reject site using government vehicles.,"----Staff Report_2004_Nov----\r\nIn July of 2004, monitoring photos were taken of the rehabilitation project...erosion was dramatically reduced in the rehabilitation project area.",Polygon,Confirmed,Digitized by LTDL data entry personnel using a confirmed map,11/5/2013,453.5614432,380.3583277,NA,Volunteers,"Erosion, Seedbed Preparation",#NAME?,Unknown,NA,Unknown,NA,NA,10:42:00,5,00,2003,05,15,6,00,2003,06,15
1096,3015,Seeding,Aerial Seeding,Aerial Seeding,1931,9145,4623,3,1966-09-27,1966-12-14,9/27/1966,12/14/1966,actual,actual,78,Implemented,Unknown,2,Acres,3043,-1,Confirmed seed list,NA,Seeds,Confirmed on Paper,Unknown,Species Specific,NA,To prevent erosion and to increase the carrying capacity of the area for deer and cattle.,Crested wheatgrass seed will be aerial broadcast between chaining at the rate of 6 lbs. per acre.,Crested wheatgrass was aerial broadcast between chainings at 5 lbs. per acre. 620 lbs. fourwing saltbush and 250 lbs. Bitterbrush were aerial broadcast. The bitterbrush was broadcast the rims and the fourwing saltbush was broadcast in draws and in sagebrush flats.,Unknown,Polygon,Confirmed,Digitized by LTDL data entry personnel using a confirmed map,7/11/2014,3510.25082,3410.038983,NA,Unknown,"Brush control, Carrying capacity, Erosion",Purpose is to prevent erosion and to increase the carrying capacity of the area for deer and cattle.,None,NA,None,NA,NA,01:01:00,9,27,1966,09,27,12,14,1966,12,14
1097,3018,Vegetation/Soil Manipulation,Soil Disturbance,Soil Disturbance: Chaining,1933,9147,4624,3,1966-09-07,1966-11-22,9/7/1966,11/22/1966,actual,actual,76,Implemented,Unknown,2,Acres,1162,0,NA,NA,NA,NA,NA,NA,NA,NA,NA,NA,NA,Polygon,Confirmed,"Digitized by BLM field office personnel, method unknown",NA,2027.953997,1386.062061,NA,BLM,"Brush control, Encroaching vegetation, Erosion, Establishment of seeded species, Forage for livestock, Forage for wildlife, Forage quality, Loss of vegetation, Rangeland health, Sedimentation, Vegetal cover, Unknown","1162 acres of pinon juniper were double chained and seeded.  Cadastral survey corners were located, and remain in place.  The area consisted of rather flat mesa tops with generally good soil depth.  Small islands of trees were left standing for wildlife habitat.",None,NA,None,NA,NA,09:04:00,9,7,1966,09,07,11,22,1966,11,22
1097,3017,Seeding,Aerial Seeding,Aerial Seeding,1934,9148,4624,3,1966-09-07,1966-11-22,9/7/1966,11/22/1966,actual,actual,76,Implemented,Unknown,2,Acres,1162,-1,Confirmed seed list,Black Ridge Mix,Seeds,Confirmed on Paper,Unknown,Overall,"There was only a general rate listed for all species combined indicated here, specific rates for each species were not possible.",NA,NA,NA,NA,Polygon,Confirmed,"Digitized by BLM field office personnel, method unknown",NA,2027.953997,1386.062061,NA,BLM,"Brush control, Encroaching vegetation, Erosion, Establishment of seeded species, Forage for livestock, Forage for wildlife, Forage quality, Loss of vegetation, Rangeland health, Sedimentation, Vegetal cover, Unknown","1162 acres of pinon juniper were double chained and seeded.  Cadastral survey corners were located, and remain in place.  The area consisted of rather flat mesa tops with generally good soil depth.  Small islands of trees were left standing for wildlife habitat.",None,NA,None,NA,NA,10:45:00,9,7,1966,09,07,11,22,1966,11,22
6582,18134,Vegetation/Soil Manipulation,Vegetation Disturbance,Tree/Brush Control,11464,9777,4681,3,1949-06-15,1950-06-15,00/00/1949,00/00/1950,estimated month and day,estimated month and day,365,Implemented,None,2,Acres,4150,0,NA,NA,NA,NA,NA,NA,NA,To clear sagebrush and prepare seeding.,Sagebrush will be cut by railing.,NA,NA,Polygon,Confirmed,Digitized by LTDL data entry personnel using a confirmed map,6/17/2014,4093.592664,4033.70355,NA,NA,"Brush control, Carrying capacity, Rangeland health",To reseed rangeland. Must do site preparation for the seeding to follow.,None,NA,None,NA,NA,08:11:00,00,00,1949,06,15,00,00,1950,06,15
6582,18135,Vegetation/Soil Manipulation,Soil Disturbance,Soil Disturbance: Railing,11465,9778,4681,3,1950-06-15,1950-06-15,00/00/1950,00/00/1950,estimated month and day,estimated month and day,0,Implemented,None,0,Acres,4150,0,NA,NA,NA,NA,NA,NA,NA,Help in preparation of seeding.,The railing will cover seed and leave brush to protect the new grass until it is established and help to hold moisture.,NA,NA,Polygon,Confirmed,Digitized by LTDL data entry personnel using a confirmed map,6/17/2014,4093.592664,4033.70355,NA,NA,"Brush control, Carrying capacity, Rangeland health",To reseed rangeland.,None,NA,None,NA,NA,30:12:00,00,00,1950,06,15,00,00,1950,06,15
6582,18136,Seeding,Seeding,Seeding,11466,9779,4681,3,1950-06-15,1950-06-15,00/00/1950,00/00/1950,estimated month and day,estimated month and day,0,Implemented,None,0,Acres,4150,-1,Unknown seed list,Grass Seed,Seeds,Unknown Seed List Origin,Unknown,NA,Only listed as grass seed in the documents.,Seed will be broadcast in front of rail at about five pounds per acre.,NA,NA,NA,Polygon,Confirmed,Digitized by LTDL data entry personnel using a confirmed map,6/17/2014,4093.592664,4033.70355,NA,NA,"Brush control, Carrying capacity, Rangeland health",To reseed rangeland.,None,NA,None,NA,NA,47:04:00,00,00,1950,06,15,00,00,1950,06,15
9927,26969,Vegetation/Soil Manipulation,Vegetation Disturbance,Tree/Brush Control,17237,10017,4697,3,1949-05-10,1949-08-04,5/10/1949,8/4/1949,actual,actual,86,Implemented,None,2,Acres,2000,0,NA,NA,NA,NA,NA,NA,NA,Brush control to help prepare site for seeding.,NA,NA,NA,Polygon,Confirmed,Digitized by LTDL data entry personnel using a confirmed map,6/12/2014,1817.039548,1698.029431,NA,BLM and Cooperators,"Carrying capacity, Erosion, Forage for livestock","Brush cut with one-way plow, raked and burned. Grass seed drilled in with a grain drill.",None,NA,None,NA,NA,21:23:00,5,10,1949,05,10,8,4,1949,08,04
9927,26973,Vegetation/Soil Manipulation,Soil Disturbance,Soil Disturbance: Hand Raking,17238,10018,4697,3,1949-05-10,1949-08-04,5/10/1949,8/4/1949,actual,actual,86,Implemented,None,0,Acres,2000,0,NA,NA,NA,NA,NA,NA,NA,"The project has aided in management by increasing grazing capacity for spring and summer use, erosion has been retarded.",NA,NA,NA,Polygon,Confirmed,Digitized by LTDL data entry personnel using a confirmed map,6/12/2014,1817.039548,1698.029431,NA,BLM and Cooperators,"Carrying capacity, Erosion, Forage for livestock, Seedbed preparation","Brush cut with one-way plow, raked and burned. Grass seed drilled in with a grain drill.",None,NA,None,NA,NA,23:10:00,5,10,1949,05,10,8,4,1949,08,04
9927,26970,Seeding,Drill Seeding,Ground Seeding: Drill,17240,10019,4697,3,1949-05-10,1949-08-04,5/10/1949,8/4/1949,actual,actual,86,Implemented,Successful,2,Acres,2000,-1,Not Determined,NA,NA,NA,NA,NA,NA,Seed grass for increased carrying capacity.,NA,NA,"Marked Good in the 1967 inspection report. The area supports a good stand of crested wheatgrass. A dense stand of sage is coming into the area, should be sprayed to control the sage.",Polygon,Confirmed,Digitized by LTDL data entry personnel using a confirmed map,6/12/2014,1817.039548,1698.029431,NA,See Cooperators List,"Carrying capacity, Erosion, Forage for livestock","Brush cut with one-way plow, raked and burned. Grass seed drilled in with a grain drill.",None,NA,None,NA,NA,21:39:00,5,10,1949,05,10,8,4,1949,08,04
11545,31325,Vegetation/Soil Manipulation,Soil Disturbance,Soil Disturbance: Ripping,20109,10113,4703,3,1955-07-01,1956-05-20,7/1/1955,5/20/1956,actual,actual,324,Implemented,None,2,Acres,188,0,NA,NA,NA,NA,NA,NA,NA,Site preparation for the seeding.,188 acres of hard pan soil have been ripped to a depth of approximately 24 inches.,NA,NA,Polygon,Confirmed,Digitized by LTDL data entry personnel using a confirmed map,6/19/2014,987.0637531,987.0672052,NA,NA,"Carrying capacity, Dam degradation, Flooding, Rangeland health, Seedbed preparation, Watershed degradation",A dam has been constructed to divert the water from Ten Mile Wash into spreader area. 1.7 miles of spreader dikes have been ripped to a depth of approximately 24 inches and reseeded with crested wheat and sand drop. 362 acres of virgin soil have been reseeded with crested wheat and sand drop.,None,NA,None,NA,NA,20:47:00,7,1,1955,07,01,5,20,1956,05,20
14385,37178,Seeding,Seeding,Seeding,24092,10410,4721,4,2008-12-01,2009-01-29,12/1/2008,1/29/2009,actual,actual,59,Implemented,Unknown,2,Acres,200,-1,Confirmed seed list,Black Ridge Mix,Seeds,Confirmed on Paper,Unknown,Overall,"There was only a general rate listed for all species combined indicated here, specific rates for each species were not possible.","'Ibe ob)ectwe is to\r\nimprove habitat by reducing the pinon-juniper tree cover and increasing the herbaceous cover of\r\ngrasses and forbs through the seeding activity included in the project. The project area consists\r\nof approximately 200 acres at 6,800 feet elevation.",NA,NA,NA,Polygon,Confirmed,Digitized by LTDL data entry personnel using a confirmed map,10/28/2016,203.944118,203.555345,NA,Contractor,"Brush control, Establishment of seeded species, Habitat for sage grouse, Habitat productivity, Invasion by pinyon-juniper, Invasive species, Loss of desirable species, Noxious weeds, Pinon-juniper, Rangeland health, Vegetal cover",Glade Park and Pinion Mesa in western Colorado supports a\r\npopulation of Gunnison Sage Grouse. The Pinion Mesa Gunnison Sage Grouse Conservation\r\nPlan was approved in May of 2000. This plan identified the loss of sagebrush habitat with\r\nadequate herbaceous understory as the most threatening factor to the survival of sage grouse in\r\nthis area. Many sagebrush areas that were treated during the 1960&$s and 1970&$s to control\r\nsagebrush where also seeded with crested wheatgrass. Even today many of these areas are\r\nlacking in diversity of grasses and forbs. A land health assessment completed in 2001 identified\r\nthe areas to be treated as not meeting the Standards for Rangeland Health. The sagebrush\r\ndensity is within the parameters identified in the conservation plan but the herbaceous\r\ncomponent is not. Since the year 2000 several thousand acres both on BLM and private land has\r\nbeen treated to maintain open sagebrush parks with adequate herbaceous cover. In the past\r\ncouple of years field observations have shown the birds are expanding their past use areas and\r\nmoving to the mid and lower elevations controlled by BLM. This project is one of several\r\nprojects scheduled to improve the habitat in the lower elevation sites. Objectives for this\r\ntreatment are consistent with habitat objectives identified within the conservation plan. These\r\nareas have been identified as Potential Habitat by the Colorado Division of Wildlife (CDOW).\r\nThe CDOW has been consulted and approved of the project. An inter-seeding project was\r\ncompleted on the east end of Black Ridge in 2007 in sagebrush parks.,NA,NA,NA,NA,NA,55:09:00,12,1,2008,12,01,1,29,2009,01,29
14385,37179,Vegetation/Soil Manipulation,Soil Disturbance,Soil Disturbance: Rollerchopping,24093,10411,4721,4,2008-12-01,2009-01-29,12/1/2008,1/29/2009,actual,actual,59,Implemented,Unknown,2,Acres,200,0,NA,NA,NA,NA,NA,NA,NA,"'Ibe ob)ectwe is to\r\nimprove habitat by reducing the pinon-juniper tree cover and increasing the herbaceous cover of\r\ngrasses and forbs through the seeding activity included in the project. The project area consists\r\nof approximately 200 acres at 6,800 feet elevation.",NA,NA,NA,Polygon,Confirmed,Digitized by LTDL data entry personnel using a confirmed map,10/28/2016,203.944118,203.555345,NA,Contractor,"Brush control, Establishment of seeded species, Habitat for sage grouse, Habitat productivity, Invasion by pinyon-juniper, Invasive species, Loss of desirable species, Noxious weeds, Pinon-juniper, Rangeland health, Vegetal cover",Glade Park and Pinion Mesa in western Colorado supports a\r\npopulation of Gunnison Sage Grouse. The Pinion Mesa Gunnison Sage Grouse Conservation\r\nPlan was approved in May of 2000. This plan identified the loss of sagebrush habitat with\r\nadequate herbaceous understory as the most threatening factor to the survival of sage grouse in\r\nthis area. Many sagebrush areas that were treated during the 1960&$s and 1970&$s to control\r\nsagebrush where also seeded with crested wheatgrass. Even today many of these areas are\r\nlacking in diversity of grasses and forbs. A land health assessment completed in 2001 identified\r\nthe areas to be treated as not meeting the Standards for Rangeland Health. The sagebrush\r\ndensity is within the parameters identified in the conservation plan but the herbaceous\r\ncomponent is not. Since the year 2000 several thousand acres both on BLM and private land has\r\nbeen treated to maintain open sagebrush parks with adequate herbaceous cover. In the past\r\ncouple of years field observations have shown the birds are expanding their past use areas and\r\nmoving to the mid and lower elevations controlled by BLM. This project is one of several\r\nprojects scheduled to improve the habitat in the lower elevation sites. Objectives for this\r\ntreatment are consistent with habitat objectives identified within the conservation plan. These\r\nareas have been identified as Potential Habitat by the Colorado Division of Wildlife (CDOW).\r\nThe CDOW has been consulted and approved of the project. An inter-seeding project was\r\ncompleted on the east end of Black Ridge in 2007 in sagebrush parks.,NA,NA,NA,NA,NA,54:43:00,12,1,2008,12,01,1,29,2009,01,29
13367,10085,Seeding,Ground Seeding,Ground Seeding: Broadcast,23204,10638,4741,4,2001-01-01,2001-12-31,1/1/2001,12/31/2001,actual,actual,364,Implemented,None,1,None,NA,-1,Confirmed seed list,Dry Mesa Rollerchop Mix,Seeds,Confirmed on Paper,Unknown,NA,NA,This was a hazardous fuels reduction project done to enhance mule winter range primarily and elk winter range secondarily.,NA,"The project area was seeded by a broadcast seeder attached to the D-9 dozer while it traversed the area. The area was seeded to a mix of native\r\ngrasses, shrubs, and forbs, including big sage, Mountain big sagebrush, antelope\r\nbitterbrush, mountain mahogany, rocky mountain and palmer pentstomen, small burnet,\r\nyarrow, sunflower, sandberg bluegrass, squirrel tail, needle and thread, sand dropseed,\r\nSiberian wheatgrass, slender wheatgrass, western wheatgrass.",NA,Polygon,Confirmed,"Digitized by BLM field office personnel, using computer program from aerial imagery",NA,49.37808395,49.31503817,NA,NA,"Hazardous fuels reduction, Rangeland health, Habitat for wildlife",NA,Unknown,NA,None,NA,NA,52:38:00,1,1,2001,01,01,12,31,2001,12,31
13367,10084,Vegetation/Soil Manipulation,Soil Disturbance,Soil Disturbance: Rollerchopping,23205,10639,4741,4,2001-01-01,2001-12-31,1/1/2001,12/31/2001,actual,actual,364,Implemented,None,1,None,NA,0,NA,NA,NA,NA,NA,NA,NA,This was a hazardous fuels reduction project done to enhance mule winter range primarily and elk winter range secondarily.,NA,This site was a retreatment of an old chaining.,NA,Polygon,Confirmed,"Digitized by BLM field office personnel, using computer program from aerial imagery",NA,273.9353558,268.5693062,NA,BLM and Cooperators,"Hazardous fuels reduction, Rangeland health, Habitat for wildlife",NA,Unknown,NA,None,NA,NA,56:00:00,1,1,2001,01,01,12,31,2001,12,31
3776,10589,Vegetation/Soil Manipulation,Soil Disturbance,Soil Disturbance: Chaining,6532,10660,4746,4,1966-06-28,1966-10-17,6/28/1966,10/17/1966,actual,actual,111,Implemented,None,2,Acres,1824,0,NA,NA,NA,NA,NA,NA,NA,To chain the East Coyote area.,We plan to double chain with 90-pound chain which will remove approximately 80% of the sage.,"1,824 acres of sagebrush was double chained, in opposite directions, with 90 lb. anchor chain pulled between two D-8 cats.",NA,Polygon,Confirmed,Digitized by LTDL data entry personnel using a confirmed map,6/27/2014,1947.241055,1931.358183,NA,NA,"Brush control, Erosion, Seedbed preparation",This area is presently supporting a dense stand of big sage. A 1963 survey indicates 92% of the composition is big sage and 97% of this composition is browse. Plant density is 9%.\r\nWe plan to double chain with 90 pound chain which will remove approximately 80% of the sage. The area will be drilled at the rate of six pounds per acre of crested wheat and one-half pound per acre of desirable browse.\r\nThese practices will retard surface runoff and stabilize the soil resources for plant protection.,None,NA,None,NA,NA,42:24:00,6,28,1966,06,28,10,17,1966,10,17
3776,10590,Seeding,Greenstrip,Greenstrip: Drill Seeding,6533,10661,4746,4,1966-06-28,1966-10-17,6/28/1966,10/17/1966,actual,actual,111,Implemented,None,2,Acres,1824,-1,Unknown seed list,NA,Seeds,Unknown Seed List Origin,Unknown,NA,NA,To seed the East coyote area.,The area will be drilled at the rate of six pounds per acre of crested wheat and one-half pound per acre of desirable browse.,Crested wheatgrass was planted with rangeland drill at 6lbs per acre.,NA,Polygon,Confirmed,Digitized by LTDL data entry personnel using a confirmed map,6/27/2014,1947.241055,1931.358183,NA,NA,"Brush control, Erosion, Seedbed preparation",This area is presently supporting a dense stand of big sage. A 1963 survey indicates 92% of the composition is big sage and 97% of this composition is browse. Plant density is 9%.\r\nWe plan to double chain with 90 pound chain which will remove approximately 80% of the sage. The area will be drilled at the rate of six pounds per acre of crested wheat and one-half pound per acre of desirable browse.\r\nThese practices will retard surface runoff and stabilize the soil resources for plant protection.,None,NA,None,NA,NA,42:49:00,6,28,1966,06,28,10,17,1966,10,17
6704,18475,Seeding,Seeding,Seeding,11663,10934,4762,4,1966-03-21,1970-11-01,3/21/1966,11/1/1970,actual,actual,1686,Implemented,NA,2,Acres,0,-1,Unknown seed list,NA,NA,Unknown Seed List Origin,NA,NA,NA,Help increase of forage for livestock.,Seed will be drilled at the rate of six lbs. per acre.,NA,NA,Polygon,Confirmed,Digitized by LTDL data entry personnel using a confirmed map,7/7/2014,5047.144047,4095.239978,NA,NA,"Brush control, Carrying capacity, Pinon-juniper",The primary objective in chaining the vegetative type of this area will greatly aid in onsite soil stabilization and help reduce runoff to a number of large head cuts down stream.,None,NA,None,NA,NA,58:20:00,3,21,1966,03,21,11,1,1970,11,01
6704,18474,Vegetation/Soil Manipulation,Soil Disturbance,Soil Disturbance: Chaining,11664,10935,4762,4,1966-03-21,1970-11-01,3/21/1966,11/1/1970,actual,actual,1686,Implemented,None,2,Acres,NA,0,NA,NA,NA,NA,NA,NA,NA,"To eradicate dense stand of sagebrush which, at present, has very little understory and reduce erosion.",Sagebrush will be chained with 90 lb. chain or one-way to a caterpillar tractor.,NA,NA,Polygon,Confirmed,Digitized by LTDL data entry personnel using a confirmed map,7/7/2014,5047.144047,4095.239978,NA,NA,"Brush control, Carrying capacity, Pinon-juniper",The primary objective in chaining the vegetative type of this area will greatly aid in onsite soil stabilization and help reduce runoff to a number of large head cuts down stream.,None,NA,None,NA,NA,00:36:00,3,21,1966,03,21,11,1,1970,11,01
6722,18525,Vegetation/Soil Manipulation,Soil Disturbance,Soil Disturbance: Rollerchopping,11689,10948,4764,4,2003-11-01,2004-01-31,11/1/2003,1/31/2004,actual,actual,91,Implemented,None,1,Acres,431,0,NA,NA,NA,NA,NA,NA,NA,"Reset vegetative succession, improve diversity, and composition\r\n\r\nThe objective of this project is to increase the percentage of early and early-mid seral\r\nstages (up to 30% of the area for early and 30% for early-mid) in the project area.\r\nThe proposed action is to reset vegetative\r\nsuccession on a number of old chainings and plow and seedings scattered\r\nacross the landscape. This would improve vegetative diversity, composition,\r\nand productivity of the landscape by creating a mosaic of different age\r\nclasses of vegetation. The increased diversity would benefit big game, small\r\nmammal and bird species, that depend upon this variety; open grasslands,\r\nsage brush communities, and mature pin on and juniper communities to\r\ncomplete some phase of their life cycles.","A fuels reduction project using a rollerchopper will be\r\nimplemented.\r\nThe project is in a previously chained area, now populated by a pinyon pine/juniper community.\r\n400 - 500 acres will be rollerchopped within the previous chaining (of approx. 860 acres).",NA,NA,Polygon,Confirmed,"Digitized by BLM field office personnel, using a GPS unit on the ground",NA,336.5870221,336.1123392,NA,Contractor,"Forage for wildlife, Rangeland health, Hazardous fuels reduction","The proposed action is to reset vegetative\r\nsuccession on a number of old chainings and plow and seedings scattered\r\nacross the landscape. This would improve vegetative diversity, composition,\r\nand productivity of the landscape by creating a mosaic of different age\r\nclasses of vegetation. The increased diversity would benefit big game, small\r\nmammal and bird species, that depend upon this variety&* open grasslands,\r\nsage brush communities, and mature pin on and juniper communities to\r\ncomplete some phase of their life cycles.",Unknown,NA,None,NA,NA,06:03:00,11,1,2003,11,01,1,31,2004,01,31
6722,18526,Seeding,Ground Seeding,Ground Seeding: Broadcast,11690,10949,4764,4,2003-11-01,2004-01-31,11/1/2003,1/31/2004,actual,actual,91,Implemented,None,1,Acres,431,-1,Confirmed seed list,Little Bucktail Rollerchop Mix,Seeds,Confirmed in GIS,Unknown,NA,NA,"Reset vegetative succession, improve diversity, and composition\r\n\r\nThe objective of this project is to increase the percentage of early and early-mid seral\r\nstages (up to 30% of the area for early and 30% for early-mid) in the project area.\r\nThe proposed action is to reset vegetative\r\nsuccession on a number of old chainings and plow and seedings scattered\r\nacross the landscape. This would improve vegetative diversity, composition,\r\nand productivity of the landscape by creating a mosaic of different age\r\nclasses of vegetation. The increased diversity would benefit big game, small\r\nmammal and bird species, that depend upon this variety; open grasslands,\r\nsage brush communities, and mature pin on and juniper communities to\r\ncomplete some phase of their life cycles.",NA,NA,NA,Polygon,Confirmed,"Digitized by BLM field office personnel, using a GPS unit on the ground",NA,336.5870221,336.1123392,NA,NA,"Forage for wildlife, Rangeland health, Hazardous fuels reduction","The proposed action is to reset vegetative\r\nsuccession on a number of old chainings and plow and seedings scattered\r\nacross the landscape. This would improve vegetative diversity, composition,\r\nand productivity of the landscape by creating a mosaic of different age\r\nclasses of vegetation. The increased diversity would benefit big game, small\r\nmammal and bird species, that depend upon this variety&* open grasslands,\r\nsage brush communities, and mature pin on and juniper communities to\r\ncomplete some phase of their life cycles.",Unknown,NA,None,NA,NA,05:55:00,11,1,2003,11,01,1,31,2004,01,31
8563,23425,Seeding,Aerial Seeding,Aerial Seeding,14942,11032,4767,4,1966-07-07,1966-12-05,7/7/1966,12/5/1966,actual,actual,151,Implemented,Successful,1,Acres,2400,-1,Confirmed seed list,Aerial mix,Seeds,Confirmed on Paper,Unknown,Species Specific,NA,"This project is proposed for pinon-juniper eradication and replacement by the better\r\nforage species, such as grass and browse plants.",Grass and browse seed will be broadcast by airplane and by hand.,"5 pounds of Russian wild rye ,\r\n5 pounds crested wheatgrass, 1/2 pound of Nomad alfalfa and 1/2 pound of yellow sweet\r\nclover were aerial seeded.","Complete change in veg from pin. Jun to grass browse. Erosion changed from severe to slight as grass cover thickens, this will be slowed. Forage production has increased from nothing to 1088# usable forage/ac",Polygon,Confirmed,Digitized by LTDL data entry personnel using a confirmed map,3/18/2013,3144.471159,3143.010073,NA,Unknown,"Provide Forage for Livestock, Provide Forage for Wildlife","This project is proposed for pinon-juniper eradication and replacement by the better\r\nforage species, such as grass and browse plants.",None,NA,None,NA,NA,27:08:00,7,7,1966,07,07,12,5,1966,12,05
8563,23427,Seeding,Seedling Planting,Seedling Planting (Shrub/Tree): Hand Planting,14944,11034,4767,4,1966-07-07,1966-12-05,7/7/1966,12/5/1966,actual,actual,151,Implemented,Unknown,1,Acres,2400,-1,Confirmed seed list,Hand seed,NA,Confirmed on Paper,Unknown,Overall,"There was only a general rate listed for all species combined indicated here, specific rates for each species were not possible.",NA,Improve big game forage,One pound\r\nof four-winged saltbush was hand planted.,"Complete change in veg from pin. Jun to grass browse. Erosion changed from severe to slight as grass cover thickens, this will be slowed. Forage production has increased from nothing to 1088# usable forage/ac",Polygon,Confirmed,Digitized by LTDL data entry personnel using a confirmed map,11/21/2013,3144.471159,3143.010073,NA,Unknown,Provide Forage for Wildlife,To improve big game forage,None,NA,None,NA,NA,35:27:00,7,7,1966,07,07,12,5,1966,12,05
6497,17923,Seeding,Seeding,Seeding,11321,11668,4802,5,1953-08-24,1953-12-15,8/24/1953,12/15/1953,actual,actual,113,Implemented,None,2,Acres,1760,-1,Planned seed list,NA,Seeds,Plan,Unknown,NA,NA,To reseed area under the Redd Ranches allotment.,NA,NA,Checked Good in the 1966 inspection report. Marked Fair in the 1988 inspection report.,Polygon,Confirmed,Digitized by LTDL data entry personnel using a confirmed map,6/18/2014,1578.662402,1326.008361,NA,NA,"Brush control, Carrying capacity, Rangeland health, Seedbed preparation",To reseed the Lackey area.,None,NA,None,NA,NA,10:01:00,8,24,1953,08,24,12,15,1953,12,15
6497,17922,Vegetation/Soil Manipulation,Vegetation Disturbance,Tree/Brush Control,11322,11669,4802,5,1953-08-24,1953-12-15,8/24/1953,12/15/1953,actual,actual,113,Implemented,None,2,Acres,1760,0,NA,NA,NA,NA,NA,NA,NA,Sagebrush to be cut with one-way plow.,NA,NA,Checked Good in the 1966 inspection report. Marked Fair in the 1988 inspection report.,Polygon,Confirmed,Digitized by LTDL data entry personnel using a confirmed map,6/18/2014,1578.662402,1326.008361,NA,BLM and Cooperators,"Brush control, Carrying capacity, Rangeland health, Seedbed preparation",To reseed the Lackey area.,None,NA,None,NA,NA,07:08:00,8,24,1953,08,24,12,15,1953,12,15
1106,3058,Vegetation/Soil Manipulation,Soil Disturbance,Soil Disturbance: Rollerchopping,1955,7601,5520,2,2001-05-15,2001-08-15,5/15/2001,8/15/2001,actual,actual,92,Implemented,None,1,None,NA,0,NA,NA,NA,NA,NA,NA,NA,This was a hazardous fuels reduction project done to enhance mule winter range primarily and elk winter range secondarily.\r\n\r\n1) Reduce P/J density and invasion of old sage parks.\r\n2) Improve forage quality on winter ranges for big game.,"Roller chop approximately 200 acres of mature PJ at Black Ridge and 200 acres of\r\nmature PJ at Iron Springs.\r\n\r\nThe contractor will pull the roller chopper filled with water within areas marked, or\r\nverbally agreed upon for treatment. All roller chopping will be done in a manner as instructed by\r\nthe COR or PL That is, to roller chop in a continuous manner, occasionally leaving scattered\r\npatches or single large trees scattered throughout the areas to be treated. Rocky and/or steep\r\nareas will be avoided. Some larger islands of vegetation will be left untreated.",NA,NA,Polygon,Confirmed,"Digitized by BLM field office personnel, method unknown",NA,563.2208303,562.1264527,NA,Contractor,"Hazardous fuels reduction, Habitat for wildlife, Rangeland health, Forage quality, Forage for wildlife",NA,Unknown,NA,None,NA,NA,13:57:00,5,15,2001,05,15,8,15,2001,08,15
1106,3059,Seeding,Ground Seeding,Ground Seeding: Broadcast,1956,7602,5520,2,2001-05-15,2001-08-15,5/15/2001,8/15/2001,actual,actual,92,Implemented,None,1,Acres,214,-1,Confirmed seed list,Black Ridge Rollerchop Mix,Seeds,Confirmed on Paper,Unknown,NA,NA,This was a hazardous fuels reduction project done to enhance mule winter range primarily and elk winter range secondarily.,NA,"The project area was seeded by a broadcast seeder attached to the D-9 dozer while it traversed the area.\r\n\r\nThe area was seeded to a mix of native grasses, shrubs, and forbs, including big\r\nsage, mountain big sagebrush, antelope bitterbrush, mountain mahogany, rocky mountain\r\nand palmer pentstomen, small burnet, yarrow, sunflower, sandberg bluegrass, squirrel\r\ntail, needle and thread, sand dropseed, siberean wheatgrass, slender wheatgrass, western\r\nwheatgrass,.",NA,Polygon,Confirmed,"Digitized by BLM field office personnel, method unknown",NA,78.93553013,78.88271296,NA,Contractor,"Hazardous fuels reduction, Habitat for wildlife, Rangeland health, Forage quality, Forage for wildlife",NA,Unknown,NA,None,NA,NA,48:28:00,5,15,2001,05,15,8,15,2001,08,15
1783,4961,Vegetation/Soil Manipulation,Soil Disturbance,Soil Disturbance: Chaining,3225,7701,5543,2,1966-10-15,1967-02-15,10/00/1966,2/00/1967,estimated day,estimated day,123,Implemented,Unknown,1,Acres,1379,0,NA,NA,NA,NA,NA,NA,NA,Eradicate juniper...,NA,NA,NA,Polygon,Confirmed,"Digitized by BLM field office personnel, method unknown",NA,1304.840757,1299.577845,NA,Contractor,"Provide forage for livestock, Provide forage for wildlife",Eradicate juniper and reseed to crested wheatgrass to provide forage for livestock and big game. (in conjunction with Mackey fence).,None,NA,None,NA,Please note that the Project Payment Form for this treatment is dated 30 September and the Project Completion Report states the project does not begin until October 1966.,54:27:00,10,00,1966,10,15,2,00,1967,02,15
1783,4962,Seeding,Aerial Seeding,Aerial Seeding: Fixed Wing,3226,7702,5543,2,1966-10-15,1967-02-15,10/00/1966,2/00/1967,estimated day,estimated day,123,Implemented,Unknown,1,Acres,1379,-1,Confirmed seed list,NA,Seeds,Confirmed on Paper,Unknown,Species Specific,NA,NA,Aerial broadcast.,Vegetation condition: pinyon-juniper.\r\nThrift: hardy.\r\nDensity: very dense.,NA,Polygon,Confirmed,"Digitized by BLM field office personnel, method unknown",NA,1304.840757,1299.577845,NA,Contractor,"Provide forage for livestock, Provide forage for wildlife",...provide forage for livestock and big game.,None,NA,None,NA,"Note that the estimated dates for the treatment are based off the project completion report while the Stores issue form shows the seed being purchased in March, 1 month post project completion.",53:04:00,10,00,1966,10,15,2,00,1967,02,15
3105,8673,Vegetation/Soil Manipulation,Soil Disturbance,Soil Disturbance: Chaining,5424,7819,5560,2,1978-09-01,1978-12-31,9/1/1978,12/31/1978,actual,actual,121,Implemented,None,1,Acres,350,0,NA,NA,NA,NA,NA,NA,NA,...reduce erosion and improve wildlife and livestock forage.,330 acres need to be chained and needed to reduce erosion and improve wildlife and livestock forage.,NA,NA,Polygon,Confirmed,"Digitized by BLM field office personnel, using computer program from aerial imagery",NA,313.8140423,313.1541305,NA,NA,"Erosion, Forage for livestock, Forage for wildlife",NA,Unknown,NA,None,NA,NA,08:20:00,9,1,1978,09,01,12,31,1978,12,31
3105,8674,Seeding,Aerial Seeding,Aerial Seeding,5425,7820,5560,2,1978-09-01,1978-12-31,9/1/1978,12/31/1978,actual,actual,121,Implemented,None,1,Acres,350,-1,Confirmed seed list,Dave Wood Chaining and Interseeding Mix,Seeds,Confirmed on Paper,Unknown,NA,NA,...reduce erosion and improve wildlife and livestock forage.,Aerial Seed at 13.5 lb./Ac. Contract price 26.50/acre,NA,NA,Polygon,Confirmed,"Digitized by BLM field office personnel, using computer program from aerial imagery",NA,313.8140423,313.1541305,NA,NA,"Erosion, Forage for livestock, Forage for wildlife",NA,Unknown,NA,None,NA,NA,10:17:00,9,1,1978,09,01,12,31,1978,12,31
3769,10575,Vegetation/Soil Manipulation,Soil Disturbance,Soil Disturbance: Chaining,6523,7897,5570,2,1965-09-15,1965-11-15,9/00/1965,11/00/1965,estimated day,estimated day,61,Implemented,None,2,Acres,1000,0,NA,NA,NA,NA,NA,NA,NA,Improve wildlife habitat and supply more forage for domestic livestock and wildlife.,NA,Chained in one direction with anchor chain pulled by two tractors.,NA,Polygon,Confirmed,"Digitized by BLM field office personnel, method unknown",NA,1098.191935,1077.067054,NA,NA,"Habitat for wildlife, Provide forage for wildlife",NA,None,NA,None,NA,NA,34:27:00,9,00,1965,09,15,11,00,1965,11,15
3769,10576,Seeding,Ground Seeding,Ground Seeding: Broadcast,6524,7898,5570,2,1965-09-15,1965-11-15,9/00/1965,11/00/1965,estimated day,estimated day,61,Implemented,None,2,Acres,1000,-1,Confirmed seed list,NA,Seeds,Confirmed on Paper,NA,Species Specific,NA,Improve wildlife habitat and supply more forage for domestic livestock and wildlife.,NA,Ground broadcast by men on horseback.,NA,Polygon,Confirmed,"Digitized by BLM field office personnel, method unknown",NA,1098.191935,1077.067054,NA,NA,"Habitat for wildlife, Provide forage for wildlife",NA,None,NA,None,NA,NA,39:52:00,9,00,1965,09,15,11,00,1965,11,15
4142,11634,Herbicide/Weeds/Chemical,Herbicide,Herbicide Application,7216,7973,5584,2,2000-06-15,2000-06-15,00/00/2000,00/00/2000,estimated month and day,estimated month and day,0,Implemented,None,2,None,NA,0,NA,NA,NA,NA,NA,NA,NA,"The purpose of the action is to slow the spread of the exotic/invasive Russian olive tree in riparian habitats\r\nthat are now lightly infested. Russian olive trees can become extremely dense monocultures where native\r\nriparian vegetation can not compete. Healthy stands of native riparian vegetation protect steam banks, guard\r\nagainst erosion, and contribute to the proper functioning condition of riparian areas.\r\nThe need for the action was determined by the observation of the early stages of Russian olive invasion in\r\ndesignated riparian habitats along the tributary drainages of the three river systems in the FFO (San Juan,\r\nAnimas, La Plata).",NA,NA,NA,Polygon,Confirmed,Digitized by LTDL data entry personnel using a confirmed map,7/17/2012,46366.30583,36040.45296,NA,BLM and Cooperators,Loss of riparian vegetation,"The purpose of the action is to slow the spread of the exotic/invasive Russian olive tree in riparian habitats\r\nthat are now lightly infested. Russian olive trees can become extremely dense monocultures where native\r\nriparian vegetation can not compete. Healthy stands of native riparian vegetation protect steam banks, guard\r\nagainst erosion, and contribute to the proper functioning condition of riparian areas.\r\nThe need for the action was determined by the observation of the early stages of Russian olive invasion in\r\ndesignated riparian habitats along the tributary drainages of the three river systems in the FFO (San Juan,\r\nAnimas, La Plata).",None,NA,None,NA,NA,21:16:00,00,00,2000,06,15,00,00,2000,06,15
4142,11635,Vegetation/Soil Manipulation,Vegetation Disturbance,Vegetation Disturbance: Thinning,7217,7974,5584,2,2000-06-15,2000-06-15,00/00/2000,00/00/2000,estimated month and day,estimated month and day,0,Implemented,None,2,None,NA,0,NA,NA,NA,NA,NA,NA,NA,"The purpose of the action is to slow the spread of the exotic/invasive Russian olive tree in riparian habitats\r\nthat are now lightly infested. Russian olive trees can become extremely dense monocultures where native\r\nriparian vegetation can not compete. Healthy stands of native riparian vegetation protect steam banks, guard\r\nagainst erosion, and contribute to the proper functioning condition of riparian areas.\r\nThe need for the action was determined by the observation of the early stages of Russian olive invasion in\r\ndesignated riparian habitats along the tributary drainages of the three river systems in the FFO (San Juan,\r\nAnimas, La Plata).",NA,NA,NA,Polygon,Confirmed,Digitized by LTDL data entry personnel using a confirmed map,7/17/2012,46366.30583,36040.45296,NA,BLM and Cooperators,Loss of riparian vegetation,"The purpose of the action is to slow the spread of the exotic/invasive Russian olive tree in riparian habitats\r\nthat are now lightly infested. Russian olive trees can become extremely dense monocultures where native\r\nriparian vegetation can not compete. Healthy stands of native riparian vegetation protect steam banks, guard\r\nagainst erosion, and contribute to the proper functioning condition of riparian areas.\r\nThe need for the action was determined by the observation of the early stages of Russian olive invasion in\r\ndesignated riparian habitats along the tributary drainages of the three river systems in the FFO (San Juan,\r\nAnimas, La Plata).",None,NA,None,NA,NA,22:52:00,00,00,2000,06,15,00,00,2000,06,15
4717,13102,Vegetation/Soil Manipulation,Soil Disturbance,Soil Disturbance: Plowing,8229,8049,5598,2,1959-10-07,1959-10-29,10/7/1959,10/29/1959,actual,actual,22,Implemented,None,2,Acres,1271.6,0,NA,NA,NA,NA,NA,NA,NA,NA,NA,Plowing and seeding of project area.,NA,Polygon,Confirmed,"Digitized by BLM field office personnel, method unknown",NA,1411.580276,1357.334668,NA,NA,Provide forage for livestock,NA,None,NA,None,NA,NA,10:14:00,10,7,1959,10,07,10,29,1959,10,29
4717,13103,Seeding,Ground Seeding,Ground Seeding: Broadcast,8230,8050,5598,2,1959-10-07,1959-10-29,10/7/1959,10/29/1959,actual,actual,22,Implemented,None,2,Acres,1271.6,-1,Confirmed seed list,NA,Seeds,Confirmed on Paper,NA,Species Specific,NA,NA,NA,Plowing and seeding of project area.,NA,Polygon,Confirmed,"Digitized by BLM field office personnel, method unknown",NA,1411.580276,1357.334668,NA,NA,Provide forage for livestock,NA,None,NA,None,NA,NA,10:14:00,10,7,1959,10,07,10,29,1959,10,29
4891,13587,Vegetation/Soil Manipulation,Soil Disturbance,Soil Disturbance: Plowing,8554,8073,5599,2,1983-08-16,1983-11-28,8/16/1983,11/28/1983,actual,actual,104,Implemented,None,1,Acres,1300,0,NA,NA,NA,NA,NA,NA,NA,...provide additional livestock and wildlife forage in crucial deer winter range.,NA,NA,NA,Polygon,Confirmed,"Digitized by BLM field office personnel, using computer program from aerial imagery",NA,1294.098947,1293.34106,NA,NA,"Forage for livestock, Forage for wildlife",This Project is needed to implement the Green Mtn. AMP #5017 and provide additional livestock and wildlife forage in crucial deer winter range. At least two to three 5 acre blocks will be left as sagebrush cover for sage grouse in each of the areas greater than 80-100 ac.,Unknown,NA,None,NA,NA,30:15:00,8,16,1983,08,16,11,28,1983,11,28
4891,13588,Seeding,Seeding,Seeding,8555,8074,5599,2,1983-08-16,1983-11-28,8/16/1983,11/28/1983,actual,actual,104,Implemented,None,1,Acres,1300,-1,Confirmed seed list,Green Mountain Plow and Seed Mix,Seeds,Confirmed in GIS,Unknown,NA,NA,...provide additional livestock and wildlife forage in crucial deer winter range.,NA,"1300 acres seeded with crested wheat, pubescent wheat, dry land alfalfa, and yellow sweet clover",NA,Polygon,Confirmed,"Digitized by BLM field office personnel, using computer program from aerial imagery",NA,1294.098947,1293.34106,NA,NA,"Forage for livestock, Forage for wildlife",This Project is needed to implement the Green Mtn. AMP #5017 and provide additional livestock and wildlife forage in crucial deer winter range. At least two to three 5 acre blocks will be left as sagebrush cover for sage grouse in each of the areas greater than 80-100 ac.,Unknown,NA,None,NA,NA,32:09:00,8,16,1983,08,16,11,28,1983,11,28
5877,16259,Vegetation/Soil Manipulation,Soil Disturbance,Soil Disturbance: Rollerchopping,10224,8171,5608,2,2001-09-01,2001-09-15,9/1/2001,9/15/2001,actual,actual,14,Implemented,None,1,Acres,138,0,NA,NA,NA,NA,NA,NA,NA,habitat improvement (forage-cattle)\r\nfuel reduction,NA,NA,NA,Polygon,Confirmed,"Digitized by BLM field office personnel, method unknown",NA,112.5704873,108.9905541,NA,Contractor,"Habitat for wildlife, Hazardous fuels reduction",NA,Unknown,NA,None,NA,NA,44:44:00,9,1,2001,09,01,9,15,2001,09,15
5877,16260,Seeding,Ground Seeding,Ground Seeding: Broadcast,10225,8172,5608,2,2001-09-01,2001-09-15,9/1/2001,9/15/2001,actual,actual,14,Implemented,None,1,Acres,138,-1,Not Determined,NA,NA,NA,NA,NA,NA,habitat improvement (forage-cattle)\r\nfuel reduction,NA,Broadcast with rollerchopper,NA,Polygon,Confirmed,"Digitized by BLM field office personnel, method unknown",NA,112.5704873,108.9905541,NA,Contractor,"Habitat for wildlife, Hazardous fuels reduction",NA,Unknown,NA,None,NA,NA,53:01:00,9,1,2001,09,01,9,15,2001,09,15
8610,23558,Vegetation/Soil Manipulation,Soil Disturbance,Soil Disturbance: Chaining,15025,8473,5659,2,1966-04-26,1966-05-19,4/26/1966,5/19/1966,actual,actual,23,Implemented,Unknown,2,Acres,360,-1,Confirmed seed list,NA,NA,Confirmed on Paper,NA,NA,NA,NA,270 feet of 90 lbs./link anchor chain towed by 2 T-8 caterpillar tractors 150 drawbar horsepower minimum.\r\n\r\n110 - 140 foot swath.,NA,NA,Polygon,Confirmed,"Digitized by BLM field office personnel, method unknown",NA,284.91561,284.7592469,NA,BLM and Cooperators,Other (See Trt Notes),This project will reduce shading and  competition for moisture and provide a seedbed for reseeding with grass.,None,NA,Dry,NA,NA,03:05:00,4,26,1966,04,26,5,19,1966,05,19
8610,23559,Seeding,Ground Seeding,Ground Seeding: Broadcast,15026,8474,5659,2,1966-04-26,1966-05-19,4/26/1966,5/19/1966,actual,actual,23,Implemented,Unknown,2,Acres,360,-1,Confirmed seed list,NA,Seeds,Confirmed on Paper,Unknown,Species Specific,"Stores issue was used to verify the seed rates, note that the issue does not match what was reported on the land treatment report or the completion report.",NA,Seed broadcast by permittee under cooperative agreement $1.00/acre allowed for his labor.,NA,NA,Polygon,Confirmed,"Digitized by BLM field office personnel, method unknown",NA,284.91561,284.7592469,NA,BLM and Cooperators,"Erosion, Other (See Trt Notes)",Seeding will increase forage plants and reduce erosion.,None,NA,Dry,NA,NA,57:41:00,4,26,1966,04,26,5,19,1966,05,19
9588,26045,Seeding,Ground Seeding,Ground Seeding: Broadcast,16620,8565,5676,2,1964-04-13,1964-04-23,4/13/1964,4/23/1964,actual,actual,10,Implemented,Unknown,2,Acres,1292,-1,Confirmed seed list,Rio Puerco Mix,Seeds,Confirmed on Paper,Unknown,Overall,"There was only a general rate listed for all species combined indicated here, specific rates for each species were not possible.",NA,NA,NA,NA,Polygon,Confirmed,Digitized by LTDL data entry personnel using a confirmed map,2/16/2016,1345.451644,1333.522304,NA,BLM,"Establishment of seeded species, Loss of vegetation, Rangeland health, Sagebrush, Vegetal cover",Approximately 1500 acres of public domain land to be cleared of brush by marden brush cutters and seeded to crested wheatgrass.  Cutting and seeding to be done in one operation.,None,NA,None,NA,NA,42:41:00,4,13,1964,04,13,4,23,1964,04,23
9588,26044,Vegetation/Soil Manipulation,Vegetation Disturbance,Vegetation Disturbance: Mowing,16621,8566,5676,2,1964-04-13,1964-04-23,4/13/1964,4/23/1964,actual,actual,10,Implemented,Unknown,2,Acres,1292,0,NA,NA,NA,NA,NA,NA,NA,NA,NA,NA,NA,Polygon,Confirmed,Digitized by LTDL data entry personnel using a confirmed map,2/17/2016,1345.451644,1333.522304,NA,BLM,"Establishment of seeded species, Loss of vegetation, Rangeland health, Sagebrush, Vegetal cover, Unknown",Approximately 1500 acres of public domain land to be cleared of brush by marden brush cutters and seeded to crested wheatgrass.  Cutting and seeding to be done in one operation.,None,NA,None,NA,NA,14:07:00,4,13,1964,04,13,4,23,1964,04,23
11912,32218,Vegetation/Soil Manipulation,Soil Disturbance,Soil Disturbance: Plowing,20704,8707,5696,2,1964-04-24,1964-10-07,4/24/1964,10/7/1964,actual,actual,166,Implemented,None,1,Acres,293,0,NA,NA,NA,NA,NA,NA,NA,NA,NA,Tractor was a D-8 Caterpillar equipped with dozer. The two plows were Minneapolis Moline 10-foot Wheatland plows.,NA,Polygon,Confirmed,"Digitized by BLM field office personnel, using computer program from aerial imagery",NA,330.8991391,330.5709082,NA,Contractor,Unknown,NA,Unknown,NA,None,NA,NA,34:47:00,4,24,1964,04,24,10,7,1964,10,07
11912,32219,Seeding,Drill Seeding,Ground Seeding: Drill,20705,8708,5696,2,1964-04-24,1964-10-07,4/24/1964,10/7/1964,actual,actual,166,Implemented,None,1,Acres,293,-1,Confirmed seed list,Transfer Plowing and Seeding Mix,Seeds,Confirmed on Paper,Unknown,NA,NA,NA,NA,"The area was drilled with John Deere 16X7B standard drills. The seed mixture rate was 5# of crested wheat, 1# yellow blossomed sweet clover and 1# of Russian wildrye per acre. Areas were defined on large aerial photo with a scale of 9.73 acres per square inch.",NA,Polygon,Confirmed,"Digitized by BLM field office personnel, using computer program from aerial imagery",NA,330.8991391,330.5709082,NA,Contractor,Unknown,NA,Unknown,NA,None,NA,NA,49:23:00,4,24,1964,04,24,10,7,1964,10,07
13100,35295,Vegetation/Soil Manipulation,Soil Disturbance,Soil Disturbance: Chaining,22789,8795,5711,2,1967-07-19,1968-01-04,7/19/1967,1/4/1968,actual,actual,169,Implemented,See Comments,2,Acres,1771,0,NA,NA,NA,NA,NA,NA,NA,NA,NA,"Many young trees were coming in below the old mature stand, chaining had little effect on these.",NA,Polygon,Confirmed,"Digitized by BLM field office personnel, method unknown",NA,1988.949432,1986.478999,NA,Contractor,"Provide forage for livestock, Provide forage for wildlife",...to provide forage for livestock and big game.,None,NA,Raining,The area received a considerable amount of precipitation during treatment.,NA,04:57:00,7,19,1967,07,19,1,4,1968,01,04
13100,35296,Seeding,Aerial Seeding,Aerial Seeding,22790,8796,5711,2,1967-07-19,1968-01-04,7/19/1967,1/4/1968,actual,actual,169,Implemented,See Comments,2,Acres,1771,-1,Confirmed seed list,NA,Seeds,Confirmed on Paper,Unknown,Species Specific,The stores issue does not reflect the same amount of seed as described in the Completion Report.,NA,NA,Condition or success of improvement: Good\r\nVery little P-J regrowth.  Grass looks good.\r\nRecommended action: Normal maintenance.\r\nNeeded repairs or treatment: None.,NA,Polygon,Confirmed,"Digitized by BLM field office personnel, method unknown",NA,1988.949432,1986.478999,NA,Contractor,"Provide forage for livestock, Provide forage for wildlife",...to provide forage for livestock and big game.,None,NA,"Snow on Ground,",The area received a considerable amount of precipitation during treatment.\r\n\r\nArea was seeded on top of 10-12 inches of snow.,NA,04:57:00,7,19,1967,07,19,1,4,1968,01,04
13451,14715,Vegetation/Soil Manipulation,Soil Disturbance,Soil Disturbance: Rollerchopping,23332,8871,5737,2,2004-04-01,2004-05-10,4/1/2004,5/10/2004,actual,actual,39,Implemented,None,2,Acres,276,0,NA,NA,NA,NA,NA,NA,NA,...to reduce hazardous fuels near powerlines.,NA,NA,NA,Polygon,Confirmed,"Digitized by BLM field office personnel, using a GPS unit on the ground",NA,271.246892,270.2409356,NA,Contractor,Hazardous fuels reduction,NA,Unknown,NA,None,NA,NA,30:48:00,4,1,2004,04,01,5,10,2004,05,10
13451,14716,Seeding,Ground Seeding,Ground Seeding: Broadcast,23333,8872,5737,2,2004-04-01,2004-05-10,4/1/2004,5/10/2004,actual,actual,39,Implemented,None,2,Acres,276,-1,Confirmed seed list,Highway 90 Powerline Rollerchop Mix,Seeds,Confirmed in GIS,Unknown,NA,NA,"fuel reduction, powerline improvement",NA,"Broadcast while rollerchopping.\r\nGranite Seed, mix #37602",NA,Polygon,Confirmed,"Digitized by BLM field office personnel, using a GPS unit on the ground",NA,271.246892,270.2409356,NA,NA,Hazardous fuels reduction,NA,Unknown,NA,None,NA,NA,22:08:00,4,1,2004,04,01,5,10,2004,05,10
13595,23594,Vegetation/Soil Manipulation,Soil Disturbance,Soil Disturbance: Rollerchopping,23533,8895,5741,2,2000-07-15,2000-09-20,7/15/2000,9/20/2000,actual,actual,67,Implemented,NA,1,Acres,240,0,NA,NA,NA,NA,NA,NA,NA,"Purpose: To improve the quantity and quality of winter forage for deer and elk and to reduce the density of\r\nyoung pinon and juniper.\r\nGoals:\r\n1. Increase forage production (grasses, forbs, and shrubs) 50-350 percent.\r\n2. Kill 60-80 percent of the pinon and juniper trees found on the site.","Project will be re-seeded with a mix of 80 percent grasses (slender wheatgrass,\r\nwestern wheatgrass, Indian ricegrass, needle and thread, and squirreltail), 15 percent forbs Rocky Mountain\r\npentstomen, Palmer pentsomen, sunflower, small burnet, and dryland alfalfa), and 5 percent shrubs\r\n(mountain mahogany, bitterbrush, and big sagebrush).",NA,NA,Polygon,Confirmed,"Digitized by BLM field office personnel, using a GPS unit on the ground",NA,240.556572,240.3302336,NA,Contractor,"Invasion by pinyon-juniper, Pinon-juniper",NA,Unknown,NA,None,NA,NA,52:37:00,7,15,2000,07,15,9,20,2000,09,20
13595,23595,Seeding,Seeding,Seeding,23534,8896,5741,2,2000-07-15,2000-09-20,7/15/2000,9/20/2000,actual,actual,67,Implemented,NA,1,Acres,240,-1,Not Determined,NA,NA,NA,NA,NA,NA,"Purpose: To improve the quantity and quality of winter forage for deer and elk and to reduce the density of\r\nyoung pinon and juniper.\r\nGoals:\r\n1. Increase forage production (grasses, forbs, and shrubs) 50-350 percent.\r\n2. Kill 60-80 percent of the pinon and juniper trees found on the site.","Project will be re-seeded with a mix of 80 percent grasses (slender wheatgrass,\r\nwestern wheatgrass, Indian ricegrass, needle and thread, and squirreltail), 15 percent forbs Rocky Mountain\r\npentstomen, Palmer pentsomen, sunflower, small burnet, and dryland alfalfa), and 5 percent shrubs\r\n(mountain mahogany, bitterbrush, and big sagebrush).",NA,NA,Polygon,Confirmed,"Digitized by BLM field office personnel, using a GPS unit on the ground",NA,240.556572,240.3302336,NA,Contractor,"Invasion by pinyon-juniper, Pinon-juniper",NA,Unknown,NA,None,NA,NA,52:29:00,7,15,2000,07,15,9,20,2000,09,20
14437,37251,Vegetation/Soil Manipulation,Soil Disturbance,Soil Disturbance: Rollerchopping,24176,8949,5761,2,2002-01-01,2002-06-15,1/1/2002,6/15/2002,actual,actual,165,Implemented,NA,1,Acres,320,0,NA,NA,NA,NA,NA,NA,NA,"Purpose: To improve the quantity and quality of winter forage for deer and elk and to reduce the density of\r\nyoung pinon and juniper.\r\nGoals:\r\n1. Increase forage production (grasses, forbs, and shrubs) 50-350 percent.\r\n2. Kill 60-80 percent of the pinon and juniper trees found on the site.",Rollerchop... an old chaining...,NA,NA,Polygon,Confirmed,"Digitized by BLM field office personnel, method unknown",NA,384.2286085,383.8598698,NA,NA,"Forage for wildlife, Forage quality","Purpose: To improve the quantity and quality of winter forage for deer and elk and to reduce the density of\r\nyoung pinon and juniper.\r\nGoals:\r\n1. Increase forage production (grasses, forbs, and shrubs) 50-350 percent.\r\n2. Kill 60-80 percent of the pinon and juniper trees found on the site.",Unknown,NA,NA,NA,NA,37:14:00,1,1,2002,01,01,6,15,2002,06,15
14437,37252,Seeding,Seeding,Seeding,24177,8950,5761,2,2002-01-01,2002-06-15,1/1/2002,6/15/2002,actual,actual,165,Implemented,NA,0,Acres,320,-1,Not Determined,NA,NA,NA,NA,NA,NA,"Purpose: To improve the quantity and quality of winter forage for deer and elk and to reduce the density of\r\nyoung pinon and juniper.\r\nGoals:\r\n1. Increase forage production (grasses, forbs, and shrubs) 50-350 percent.\r\n2. Kill 60-80 percent of the pinon and juniper trees found on the site.","Project will be re-seeded with a mix of 80 percent grasses (slender wheatgrass,\r\nwestern wheatgrass, Indian ricegrass, needle and thread, and squirreltail), 15 percent forbs Rocky Mountain\r\npentstomen, Palmer pentsomen, sunflower, small burnet, and dryland alfalfa), and 5 percent shrubs\r\n(mountain mahogany, bitterbrush, and big sagebrush).",NA,NA,Polygon,Confirmed,"Digitized by BLM field office personnel, method unknown",NA,384.2286085,383.8598698,NA,NA,"Forage for wildlife, Forage quality","Purpose: To improve the quantity and quality of winter forage for deer and elk and to reduce the density of\r\nyoung pinon and juniper.\r\nGoals:\r\n1. Increase forage production (grasses, forbs, and shrubs) 50-350 percent.\r\n2. Kill 60-80 percent of the pinon and juniper trees found on the site.",Unknown,NA,NA,NA,NA,41:23:00,1,1,2002,01,01,6,15,2002,06,15
35,95,Vegetation/Soil Manipulation,Soil Disturbance,Soil Disturbance: Chaining,68,13291,5768,2,1958-06-23,1958-07-18,6/23/1958,7/18/1958,actual,actual,25,Implemented,None,2,Acres,820,0,NA,NA,NA,NA,NA,NA,NA,NA,NA,"A swath of 75 ft. was made, depending upon the density and topography. The cost per acre was 3.95.",Reinvasion of pinyon juniper is occurring.,Polygon,Confirmed,"Digitized by BLM field office personnel, method unknown",NA,1115.15717,901.4165252,NA,Contractor,"Invasion by pinyon-juniper, Rangeland health",NA,None,NA,None,NA,NA,54:18:00,6,23,1958,06,23,7,18,1958,07,18
35,96,Seeding,Drill Seeding,Ground Seeding: Drill,69,13292,5768,2,1958-06-23,1958-07-18,6/23/1958,7/18/1958,actual,actual,25,Implemented,None,2,Acres,820,-1,Confirmed seed list,NA,Seeds,Confirmed on Paper,Unknown,Species Specific,NA,NA,NA,"Seed was distributed (broadcast) in the following quantities: Yellow Sweet Clover, 4800$; Russian Wildrye, 200#; Intermediate Wheatgrass, 400#; Crested Wheatgrass, 7,175#.",NA,Polygon,Confirmed,"Digitized by BLM field office personnel, method unknown",NA,1115.15717,901.4165252,NA,NA,"Invasion by pinyon-juniper, Rangeland health",NA,None,NA,None,NA,NA,57:42:00,6,23,1958,06,23,7,18,1958,07,18
87,226,Other,General Treatment,General Treatment: Vegetation Removal,152,13293,5769,2,1951-09-01,1951-09-15,9/1/1951,9/15/1951,actual,actual,14,Implemented,None,2,Acres,510,0,No seed list,NA,NA,NA,NA,NA,NA,NA,NA,Sage cleared.,NA,Polygon,Confirmed,Digitized by LTDL data entry personnel using a confirmed map,12/21/2015,605.2795845,605.0947702,NA,BLM and Cooperators,"Establishment of seeded species, Brush control",NA,None,NA,None,NA,NA,20:23:00,9,1,1951,09,01,9,15,1951,09,15
87,227,Seeding,Seeding,Seeding,153,13294,5769,2,1951-09-01,1951-09-15,9/1/1951,9/15/1951,actual,actual,14,Implemented,Successful,2,Acres,510,-1,Confirmed seed list,Seed Mix,Seeds,Confirmed on Paper,Unknown,Unknown,"The seed mix did not indicate whether bulk or PLS rates were used, therefore, unknown has been listed and all seed mix information has been entered into the Bulk category.",NA,NA,Reseeded 510 acres to crested wheat grass.,Appraisal of reseeding operations indicates success.,Polygon,Confirmed,Digitized by LTDL data entry personnel using a confirmed map,12/21/2015,605.2795845,605.0947702,NA,BLM and Cooperators,"Establishment of seeded species, Brush control",NA,None,NA,None,NA,Cost of clearing included in this treatment.,07:55:00,9,1,1951,09,01,9,15,1951,09,15
111,290,Vegetation/Soil Manipulation,Soil Disturbance,Soil Disturbance: Plowing,209,13301,5773,2,1963-06-22,1963-10-26,6/22/1963,10/26/1963,actual,actual,126,Implemented,None,2,Acres,1976,0,No seed list,NA,NA,NA,NA,NA,NA,NA,Deep plowing of sage and reseeding with crested wheat grass of approximately 2000 acres.  Deep plowing and reseeding will be done in same operation.,Plowed with seeding attachment and rubber-tired tractor.,NA,Polygon,Confirmed,Digitized by LTDL data entry personnel using a confirmed map,1/25/2016,1549.014163,1539.484656,NA,NA,"Establishment of seeded species, Sagebrush",NA,None,NA,None,Soil is dry but some precipitation during brush cutting operation.,NA,24:31:00,6,22,1963,06,22,10,26,1963,10,26
111,291,Seeding,Seeding,Seeding,210,13302,5773,2,1963-06-22,1963-10-26,6/22/1963,10/26/1963,actual,actual,126,Implemented,None,2,Acres,1976,-1,Confirmed seed list,Crested Wheatgrass,Seeds,Confirmed on Paper,Unknown,Unknown,"The seed mix did not indicate whether bulk or PLS rates were used, therefore, unknown has been listed and all seed mix information has been entered into the Bulk category.",NA,NA,Seeded to crested wheatgrass at a rate of 4.8 lbs./acre,An inspection in 1979 indicates seeding is very successful  - high density of AGCR.  Some sagebrush returning upon inspection in 1981.,Polygon,Confirmed,Digitized by LTDL data entry personnel using a confirmed map,1/25/2016,1549.014163,1539.484656,NA,NA,"Establishment of seeded species, Sagebrush",NA,None,NA,None,Soil conditions are dry at time of seeding.,Cost includes plowing,26:21:00,6,22,1963,06,22,10,26,1963,10,26
225,616,Vegetation/Soil Manipulation,Vegetation Disturbance,Vegetation Disturbance: Mechanical Thinning,455,13303,5774,2,1985-06-01,1985-09-30,6/1/1985,9/30/1985,actual,actual,121,Implemented,None,2,Acres,140,0,NA,NA,NA,NA,NA,NA,NA,"By removing approximately 30% of the sagebrush overstory, some sagebrush will resprout and sagebrush seedlings will increase, thus providing a healthier and more productive stand of sagebrush. Reduction of competition.","Treatment would occur in irregular patches or strips and would follow the contour of the slope when feasible. Efforts will be concentrated on the oldest, rankest and densest areas of sagebrush. Drainages would be left undisturbed. Normally, no more than 30% of a project area will be mechanically treated in any one year. No mechanical t treatment would occur within twenty-five (25) feet of any well defined drainage. This should reduce the potential for increased soil erosion.",140 acres mechanically removed with brush beater,NA,Polygon,Confirmed,Digitized by LTDL data entry personnel using a confirmed map,7/20/2016,150.6373241,150.4914088,NA,BLM and Cooperators,"Brush control, Competition for resources, Establishment of seeded species, Forage for livestock, Forage for wildlife, Forage quality, Habitat for wildlife, Habitat quality, Sagebrush, Vegetal cover, Wildlife in treated area","Convert mature and decadent big sagebrush (Artemisia tridentata var. wyomingenis) to a younger age and a better form class and increase the ratio of grass and forbs to sagebrush. Mulched sagebrush adds significantly to ground litter, holding soil and increasing soil moisture.",None,NA,None,NA,Only partial contributed cost was report because cost for equipment/labor and fuel was not separated out for each treatment so not able to determine cost for just thinning vegetation.,11:21:00,6,1,1985,06,01,9,30,1985,09,30
225,617,Seeding,Ground Seeding,Ground Seeding: Broadcast,456,13304,5774,2,1985-06-01,1985-09-30,6/1/1985,9/30/1985,actual,actual,121,Implemented,None,2,Acres,140,-1,Confirmed seed list,BLM seed mix,Seeds,Confirmed on Paper,Unknown,Species Specific,JDR reports a total seed cost of $904.00 and a rate of 9lb/ac,"Improved vegetation composition; application of grass and forb seed where needed should allow for an increase in diversity, production, and vigor of understory plants. Increase in litter and vegetative cover thus reducing soil erosion. Reduce surface runoff, and increase percolation into root zone.","Seed mixture should include a legume, other forbs and grasses (recommended species include dryland alfalfa's, crested and intermediate wheatgrass, milkvetch and small burnet). Seeding rates should range from 2-3 lbs./acre and up. According Seed list document it is planned to apply 10lb/ac",9lbs/ac of seed was applied to area.,NA,Polygon,Confirmed,Digitized by LTDL data entry personnel using a confirmed map,7/20/2016,150.6373241,150.4914088,NA,BLM,"Brush control, Competition for resources, Establishment of seeded species, Forage for livestock, Forage for wildlife, Forage quality, Habitat for wildlife, Habitat quality, Sagebrush, Vegetal cover, Wildlife in treated area","The carrying capacity of the HMA would increase and the quality of forage would improve. Big game winter distribution would improve, the physical condition of wintering deer would improve resulting in a decrease in winter kill and an increase in fawn condition and numbers. By seeding, more seedlings and increased plant production will both occur, decreasing soil loss and improving water quality.",None,NA,None,NA,"Confirm partial cost is BLM Cost of Tractor Rental $468, Fuel and Oil $79 and Seed $904.",06:43:00,6,1,1985,06,01,9,30,1985,09,30
832,2306,Vegetation/Soil Manipulation,Soil Disturbance,Soil Disturbance: Plowing,1493,13315,5780,2,1964-05-12,1964-06-24,5/12/1964,6/24/1964,actual,actual,43,Implemented,None,2,Acres,600,0,No seed list,NA,NA,NA,NA,NA,NA,NA,"Plowing approximately 450 acres of sagebrush land with a one-way Wheatland, Towner off-set, or equivalent disk plow and rangeland drill..",NA,"At the time of inspection, estimate of 90% brush kill.",Polygon,Confirmed,Digitized by LTDL data entry personnel using a confirmed map,1/25/2016,552.7992613,545.7496132,NA,NA,Establishment of seeded species,Rehabilitate depleted range.,None,NA,None,Very dry at time of plowing.,Cost included in plowing,16:33:00,5,12,1964,05,12,6,24,1964,06,24
832,2307,Seeding,Seeding,Seeding,1494,13316,5780,2,1964-05-12,1964-06-24,5/12/1964,6/24/1964,actual,actual,43,Implemented,None,2,Acres,600,-1,Confirmed seed list,Crested wheatgrass,Seeds,Confirmed on Paper,Unknown,Unknown,"The seed mix did not indicate whether bulk or PLS rates were used, therefore, unknown has been listed and all seed mix information has been entered into the Bulk category.",NA,Approx. 4.5 to 5 lbs./acre of crested wheatgrass will be planted.,Approx. 3.3 lbs. of crested wheat grass seed planted per acre.,NA,Polygon,Confirmed,Digitized by LTDL data entry personnel using a confirmed map,1/25/2016,552.7992613,545.7496132,NA,NA,Establishment of seeded species,Rehabilitate depleted range.,None,NA,None,Very dry at time of seeding.,Cost includes plowing.,18:35:00,5,12,1964,05,12,6,24,1964,06,24
1070,2931,Vegetation/Soil Manipulation,Vegetation Disturbance,Tree/Brush Control: Mechanical,1887,13327,5786,2,1964-09-04,1965-06-29,9/4/1964,6/29/1965,actual,actual,298,Implemented,None,2,Acres,1838,0,No seed list,NA,NA,NA,NA,NA,NA,NA,NA,NA,Approximately 95 to 98% kill on sage.,Polygon,Confirmed,Digitized by LTDL data entry personnel using a confirmed map,1/22/2016,2559.513722,2510.511144,NA,NA,"Establishment of seeded species, Sagebrush",Revegetate depleted range.,None,NA,None,Dry to moist soil conditions at time of treatment.,NA,42:54:00,9,4,1964,09,04,6,29,1965,06,29
1070,2932,Seeding,Seeding,Seeding,1888,13328,5786,2,1964-09-04,1965-06-29,9/4/1964,6/29/1965,actual,actual,298,Implemented,None,2,Acres,1838,-1,Confirmed seed list,NA,Seeds,Confirmed on Paper,Unknown,Unknown,"The seed mix did not indicate whether bulk or PLS rates were used, therefore, unknown has been listed and all seed mix information has been entered into the Bulk category.",NA,NA,NA,A good stand of crested wheatgrass came up in the spring.,Polygon,Confirmed,Digitized by LTDL data entry personnel using a confirmed map,1/22/2016,2559.513722,2510.511144,NA,NA,"Establishment of seeded species, Sagebrush",Revegetate depleted range.,None,NA,None,Dry to moist soil conditions at time of treatment.,Cost includes brush reduction treatment.,45:00:00,9,4,1964,09,04,6,29,1965,06,29
1530,4300,Vegetation/Soil Manipulation,Vegetation Disturbance,Vegetation Disturbance: Mechanical Thinning,2747,13345,5795,2,1959-07-27,1959-10-15,7/27/1959,10/00/1959,actual,estimated day,80,Implemented,Unknown,2,Acres,359,0,NA,NA,NA,NA,NA,NA,NA,This project was done to increase better foliage.,NA,NA,NA,Polygon,Confirmed,Digitized by LTDL data entry personnel using a confirmed map,12/18/2015,375.1077118,368.3436753,NA,BLM,"Loss of vegetation, Vegetal cover",This project was done to increase better foliage.,None,NA,None,NA,NA,52:19:00,7,27,1959,07,27,10,00,1959,10,15
1530,4301,Seeding,Seeding,Seeding,2748,13346,5795,2,1959-07-27,1959-10-15,7/27/1959,10/00/1959,actual,estimated day,80,Implemented,Unknown,2,Acres,359,-1,Confirmed seed list,Brownson Sage Mix,Seeds,Confirmed on Paper,Unknown,Overall,"There was only a general rate listed for all species combined indicated here, specific rates for each species were not possible.",This project was done to increase better foliage.,NA,NA,NA,Polygon,Confirmed,Digitized by LTDL data entry personnel using a confirmed map,12/18/2015,375.1077118,368.3436753,NA,BLM,"Loss of vegetation, Vegetal cover",This project was done to increase better foliage.,None,NA,None,NA,NA,01:51:00,7,27,1959,07,27,10,00,1959,10,15
1850,5106,Vegetation/Soil Manipulation,Soil Disturbance,Soil Disturbance: Ripping,3316,13349,5797,2,1961-08-02,1961-10-02,8/2/1961,10/2/1961,actual,actual,61,Implemented,Unknown,2,Acres,909,0,NA,NA,NA,NA,NA,NA,NA,"Purpose to reseed badly needed range land, and slow down erosion.",NA,"Deep contour ripping with Jay Hawker ""Soil Saver&& ripper.  Contour ripping was done at a depth of 28&&.  Total of 909 acres ripped.  Forty-six tractor hours with dozer to build 23 small gulley plugs to turn water out into ripped area.",NA,Polygon,Confirmed,Digitized by LTDL data entry personnel using a confirmed map,1/6/2016,913.6160417,910.9828664,NA,BLM,"Erosion, Loss of vegetation, Rangeland health, Vegetal cover","Purpose to reseed badly needed range land, and slow down erosion.",None,NA,None,NA,NA,41:04:00,8,2,1961,08,02,10,2,1961,10,02
1850,5107,Seeding,Drill Seeding,Ground Seeding: Drill,3317,13350,5797,2,1961-08-02,1961-10-02,8/2/1961,10/2/1961,actual,actual,61,Implemented,Unknown,2,Acres,682,-1,Confirmed seed list,Cabezon Mix,Seeds,Confirmed on Paper,Unknown,Overall,"There was only a general rate listed for all species combined indicated here, specific rates for each species were not possible.","Purpose to reseed badly needed range land, and slow down erosion.",NA,"Deep contour ripping with Jay Hawker ""Soil Saver&& ripper.  Contour ripping was done at a depth of 28&&.  Total of 909 acres ripped.  Forty-six tractor hours with dozer to build 23 small gulley plugs to turn water out into ripped area.",NA,Polygon,Confirmed,Digitized by LTDL data entry personnel using a confirmed map,1/6/2016,687.235971,685.6835506,NA,BLM,"Erosion, Loss of vegetation, Vegetal cover","Purpose to reseed badly needed range land, and slow down erosion.",None,NA,None,NA,NA,45:13:00,8,2,1961,08,02,10,2,1961,10,02
2045,5578,Seeding,Drill Seeding,Ground Seeding: Drill,3615,13351,5798,2,1966-11-20,1967-01-06,11/20/1966,1/6/1967,actual,actual,47,Implemented,Unknown,2,Acres,2400,-1,Confirmed seed list,Cass Goodner Mix,Seeds,Confirmed on Paper,Unknown,Overall,"There was only a general rate listed for all species combined indicated here, specific rates for each species were not possible.",NA,NA,"2 modified Jayhawk rippers pulled by D8 caterpillars.  14"" deep, 7' spacing, and 14&$ intervals done on contour.",NA,Polygon,Confirmed,Digitized by LTDL data entry personnel using a confirmed map,2/29/2016,2989.017925,2964.308088,NA,BLM,"Erosion, Establishment of seeded species, Forage for livestock, Loss of vegetation, Rangeland health, Vegetal cover",Approximately 21000 cubic yards of earthwork will be performed to retard erosion and utilize runoff for improving grazing forage.,None,NA,None,NA,NA,53:43:00,11,20,1966,11,20,1,6,1967,01,06
2045,5577,Vegetation/Soil Manipulation,Soil Disturbance,Soil Disturbance: Ripping,3616,13352,5798,2,1966-11-20,1967-01-06,11/20/1966,1/6/1967,actual,actual,47,Implemented,Unknown,2,Acres,2400,0,NA,NA,NA,NA,NA,NA,NA,NA,NA,"2 modified Jayhawk rippers pulled by D8 caterpillars.  14"" deep, 7' spacing, and 14&$ intervals done on contour.",NA,Polygon,Confirmed,Digitized by LTDL data entry personnel using a confirmed map,2/29/2016,2989.017925,2964.308088,NA,BLM,"Erosion, Establishment of seeded species, Forage for livestock, Loss of vegetation, Rangeland health, Vegetal cover",Approximately 21000 cubic yards of earthwork will be performed to retard erosion and utilize runoff for improving grazing forage.,None,NA,None,NA,NA,51:15:00,11,20,1966,11,20,1,6,1967,01,06
2157,5916,Seeding,Seeding,Seeding,3796,13359,5802,2,1961-07-10,1961-10-15,7/10/1961,10/15/1961,actual,actual,97,Implemented,None,2,Acres,1018,-1,Confirmed seed list,Wheatgrass Mix,Seeds,Confirmed on Paper,Unknown,Unknown,"The seed mix did not indicate whether bulk or PLS rates were used, therefore, unknown has been listed and all seed mix information has been entered into the Bulk category.",NA,NA,All of the area was principally seeded to crested wheatgrass with small areas getting Siberian wheatgrass.,NA,Polygon,Confirmed,Digitized by LTDL data entry personnel using a confirmed map,1/12/2016,981.3708591,981.3698373,NA,NA,"Unprotected treatment area, Sagebrush, Forage for livestock, Establishment of seeded species, Erosion",Reduce stand of sagebrush and establish stand of crested wheatgrass for increased forage production and reduction of erosion.,None,NA,None,NA,Cost includes brush-cutting and plowing.,24:35:00,7,10,1961,07,10,10,15,1961,10,15
2157,5915,Vegetation/Soil Manipulation,Vegetation Disturbance,Tree/Brush Control: Mechanical,3798,13360,5802,2,1961-07-10,1961-10-15,7/10/1961,10/15/1961,actual,actual,97,Implemented,None,2,Acres,450,0,No seed list,NA,NA,NA,NA,NA,NA,NA,NA,"Brush cutting done in single operation with Marden brush cutter adapted with grass seeder box, machine pulled with D-7 tractor.",NA,Polygon,Confirmed,Digitized by LTDL data entry personnel using a confirmed map,1/12/2016,446.1300004,446.1278833,NA,See Cooperators List,"Unprotected treatment area, Sagebrush, Forage for livestock, Establishment of seeded species, Erosion",Reduce stand of sagebrush and establish stand of crested wheatgrass for increased forage production and reduction of erosion.,None,NA,None,NA,NA,31:24:00,7,10,1961,07,10,10,15,1961,10,15
2287,6250,Vegetation/Soil Manipulation,Soil Disturbance,Soil Disturbance: Discing,3996,13365,5805,2,1961-07-29,1961-09-23,7/29/1961,9/23/1961,actual,actual,56,Implemented,None,2,Acres,402,0,No seed list,NA,NA,NA,NA,NA,NA,NA,NA,"Sagebrush was plowed and seeded to crested wheatgrass with a 12' one-way disk plow with seeder box mounted on plow.\r\n\r\nPlowing to approximately 5"" depth with one-way disk plow.",NA,Polygon,Confirmed,Digitized by LTDL data entry personnel using a confirmed map,1/12/2016,370.3984883,360.6463838,NA,NA,"Sagebrush, Establishment of seeded species, Unprotected treatment area",NA,None,NA,None,Very moist conditions,Cost included in seeding treatment.,02:31:00,7,29,1961,07,29,9,23,1961,09,23
2287,6251,Seeding,Seeding,Seeding,3997,13366,5805,2,1961-07-29,1961-09-23,7/29/1961,9/23/1961,actual,actual,56,Implemented,None,2,Acres,402,-1,Confirmed seed list,Crested Wheatgrass,Seeds,Confirmed on Paper,Unknown,Unknown,"The seed mix did not indicate whether bulk or PLS rates were used, therefore, unknown has been listed and all seed mix information has been entered into the Bulk category.",NA,NA,402 acres seeded to crested wheatgrass with a 12' one-way disk plow wih seeder box mounted on plow; seed dropped in plow wake during plowing operation.,NA,Polygon,Confirmed,Digitized by LTDL data entry personnel using a confirmed map,1/12/2016,370.3984883,360.6463838,NA,NA,"Sagebrush, Establishment of seeded species, Unprotected treatment area",NA,None,NA,None,NA,Cost includes plowing.,00:33:00,7,29,1961,07,29,9,23,1961,09,23
2323,6359,Seeding,Ground Seeding,Ground Seeding: Broadcast,4057,13379,5812,2,1966-11-01,1966-11-30,11/1/1966,11/31/1966,actual,estimated day,29,Implemented,Unknown,2,Acres,667,-1,Confirmed seed list,Chiuilla Mix,Seeds,Confirmed on Paper,Unknown,Overall,"There was only a general rate listed for all species combined indicated here, specific rates for each species were not possible.",NA,NA,Treated with tandem marden brush cutter with attached mechanical seeder.,NA,Polygon,Confirmed,Digitized by LTDL data entry personnel using a confirmed map,3/1/2016,740.1269277,736.7196634,NA,BLM,"Brush control,, Erosion, Establishment of seeded species, Forage for livestock, Loss of vegetation, Rangeland health, Sagebrush, Sedimentation, Vegetal cover","Eradicate sagebrush by cutting with a marden brush cutter and seeding the treated area with standard crested wheat grass at the rate of 7lbs/acre.  The purpose of this project is to increase the production of a more desirable forage, for retarding sheet erosion, bank erosions, down stream silting, floodings and a more palatable forage for wildlife and beef production.",None,NA,None,NA,NA,07:14:00,11,1,1966,11,01,11,31,1966,11,30
2323,6358,Vegetation/Soil Manipulation,Vegetation Disturbance,Vegetation Disturbance: Mowing,4058,13380,5812,2,1966-11-01,1966-11-30,11/1/1966,11/31/1966,actual,estimated day,29,Implemented,Unknown,1,Acres,667,0,NA,NA,NA,NA,NA,NA,NA,NA,NA,Treated with tandem marden brush cutter with attached mechanical seeder.,NA,Polygon,Confirmed,Digitized by LTDL data entry personnel using a confirmed map,3/1/2016,740.1269277,736.7196634,NA,BLM,"Erosion, Establishment of seeded species, Forage for livestock, Forage for wildlife, Loss of vegetation, Rangeland health, Sagebrush, Sedimentation, Vegetal cover","Eradicate sagebrush by cutting with a marden brush cutter and seeding the treated area with standard crested wheat grass at the rate of 7lbs/acre.  The purpose of this project is to increase the production of a more desirable forage, for retarding sheet erosion, bank erosions, down stream silting, floodings and a more palatable forage for wildlife and beef production.",None,NA,None,NA,NA,07:03:00,11,1,1966,11,01,11,31,1966,11,30
2417,6638,Vegetation/Soil Manipulation,Soil Disturbance,Soil Disturbance: Plowing,4217,13389,5817,2,1965-09-11,1965-10-16,9/11/1965,10/16/1965,actual,actual,35,Implemented,None,2,Acres,508,0,No seed list,NA,NA,NA,NA,NA,NA,NA,NA,NA,NA,Polygon,Confirmed,Digitized by LTDL data entry personnel using a confirmed map,2/2/2016,499.0674627,499.0492428,NA,Contractor,"Forage for livestock, Forage for wildlife, Establishment of seeded species, Sagebrush, Unprotected treatment area",The purpose of this project is to provide additional winter grazing for elk and domestic livestock.,None,NA,None,Light snow received immediately after treatment.,NA,31:41:00,9,11,1965,09,11,10,16,1965,10,16
2417,6639,Seeding,Seeding,Seeding,4218,13390,5817,2,1965-09-11,1965-10-16,9/11/1965,10/16/1965,actual,actual,35,Implemented,None,2,Acres,508,-1,Confirmed seed list,NA,Seeds,Confirmed on Paper,Unknown,Unknown,"The seed mix did not indicate whether bulk or PLS rates were used, therefore, unknown has been listed and all seed mix information has been entered into the Bulk category.",NA,NA,Area was broadcast seeded with crested wheatgrass.,"According to 1968 project notes, this seeding completed in FY 1966, did not result in the establishment of a stand of crested wheatgrass.  A few scattered plants can be found the lower area of the seeding.",Polygon,Confirmed,Digitized by LTDL data entry personnel using a confirmed map,2/2/2016,499.0674627,499.0492428,NA,NA,"Forage for livestock, Forage for wildlife, Establishment of seeded species, Sagebrush, Unprotected treatment area",The purpose of this project is to provide additional winter grazing for elk and domestic livestock.,None,NA,None,Light snow received immediately after treatment.,Cost includes plowing treatment.,34:39:00,9,11,1965,09,11,10,16,1965,10,16
3699,10414,Seeding,Seeding,Seeding,6417,13413,5829,2,1964-06-03,1964-06-17,6/3/1964,6/17/1964,actual,actual,14,Implemented,None,2,Acres,462,-1,Not Determined,Crested wheatgrass,Seeds,NA,Unknown,Unknown,"The seed mix did not indicate whether bulk or PLS rates were used, therefore, unknown has been listed and all seed mix information has been entered into the Bulk category.",NA,NA,Crested wheatgrass was broadcast seeded,NA,Polygon,Confirmed,Digitized by LTDL data entry personnel using a confirmed map,1/14/2016,590.4769517,590.4715033,NA,NA,"Establishment of seeded species, Sagebrush",NA,None,NA,None,NA,NA,01:37:00,6,3,1964,06,03,6,17,1964,06,17
3699,10413,Vegetation/Soil Manipulation,Vegetation Disturbance,Tree/Brush Control: Mechanical,6418,13414,5829,2,1964-06-03,1964-06-17,6/3/1964,6/17/1964,actual,actual,14,Implemented,None,2,Acres,462,0,No seed list,NA,NA,NA,NA,NA,NA,NA,NA,Mechanical brush reduction by Marden brush cutter.,NA,Polygon,Confirmed,Digitized by LTDL data entry personnel using a confirmed map,1/14/2016,590.4769517,590.4715033,NA,NA,"Establishment of seeded species, Sagebrush",NA,None,NA,None,Conditions were very dry at time of treatment.,NA,08:16:00,6,3,1964,06,03,6,17,1964,06,17
3705,10425,Vegetation/Soil Manipulation,Soil Disturbance,Soil Disturbance: Plowing,6427,13417,5831,2,1963-07-01,1963-07-18,7/1/1963,7/18/1963,actual,actual,17,Implemented,None,2,Acres,40,0,No seed list,NA,NA,NA,NA,NA,NA,NA,One-way plowing with rangeland type plow,NA,"Brush kill does not appear to be very good, probably around 65-70% kill.",Polygon,Confirmed,Digitized by LTDL data entry personnel using a confirmed map,1/22/2016,59.92315195,58.5022239,NA,NA,"Establishment of seeded species, Sagebrush",The land has a heavy infestation of sagebrush and its eradication will greatly increase the forage production.,None,NA,None,Conditions very dry at time of treatment.,NA,26:33:00,7,1,1963,07,01,7,18,1963,07,18
3705,10426,Seeding,Seeding,Seeding,6428,13418,5831,2,1963-07-01,1963-07-18,7/1/1963,7/18/1963,actual,actual,17,Implemented,None,2,Acres,40,-1,Confirmed seed list,NA,Seeds,Confirmed on Paper,Unknown,Unknown,"The seed mix did not indicate whether bulk or PLS rates were used, therefore, unknown has been listed and all seed mix information has been entered into the Bulk category.",NA,NA,Area seeded with approx. 5 lbs./acre of crested wheatgrass.,NA,Polygon,Confirmed,Digitized by LTDL data entry personnel using a confirmed map,1/22/2016,59.92315195,58.5022239,NA,NA,"Establishment of seeded species, Sagebrush",The land has a heavy infestation of sagebrush and its eradication will greatly increase the forage production.,None,NA,None,Conditions very dry at time of treatment.,NA,29:47:00,7,1,1963,07,01,7,18,1963,07,18
3982,11201,Vegetation/Soil Manipulation,Soil Disturbance,Soil Disturbance: Chaining,6903,13423,5834,2,1970-01-01,1970-06-30,1/1/1970,6/30/1970,actual,actual,180,Implemented,Unknown,1,Acres,636,0,NA,NA,NA,NA,NA,NA,NA,NA,Single chain pinon and juniper in August 1969 with a 70lb or heavier chain.,"This area was chained to remove pinon-juniper.  Was immediately seeded with 3lbs crested wheat, 3lbs pubescent wheat, 1lb nomad alfalfa and 2lbs burnish per acre.  After seeding was rechained in reverse direction to cover seed.",NA,Polygon,Confirmed,Digitized by LTDL data entry personnel using a confirmed map,3/29/2016,359.8632372,355.1755909,NA,BLM,"Brush control, Establishment of seeded species, Forage for wildlife, Loss of vegetation, Rangeland health, Vegetal cover, Watershed degradation, Watershed health",The purpose of the project is to provide additional big game forage in a critical winter range area and watershed protection.,None,NA,None,NA,NA,52:36:00,1,1,1970,01,01,6,30,1970,06,30
3982,11202,Seeding,Aerial Seeding,Aerial Seeding,6904,13424,5834,2,1970-01-01,1970-06-30,1/1/1970,6/30/1970,actual,actual,180,Implemented,Unknown,1,Acres,636,-1,Confirmed seed list,Elk Springs Mix,Seeds,Confirmed on Paper,Unknown,Overall,"There was only a general rate listed for all species combined indicated here, specific rates for each species were not possible.",NA,NA,"This area was chained to remove pinon-juniper.  Was immediately seeded with 3lbs crested wheat, 3lbs pubescent wheat, 1lb nomad alfalfa and 2lbs burnish per acre.  After seeding was rechained in reverse direction to cover seed.",NA,Polygon,Confirmed,Digitized by LTDL data entry personnel using a confirmed map,3/29/2016,359.8632372,355.1755909,NA,BLM,"Erosion, Establishment of seeded species, Forage for wildlife, Forage quality, Loss of vegetation, Noxious weeds, Rangeland health, Sedimentation, Vegetal cover, Watershed degradation, Watershed health",The purpose of the project is to provide additional big game forage in a critical winter range area and watershed protection.,None,NA,None,NA,NA,55:00:00,1,1,1970,01,01,6,30,1970,06,30
4030,11327,Vegetation/Soil Manipulation,Vegetation Disturbance,Vegetation Disturbance: Mowing,6980,13425,5835,2,1964-08-03,1964-10-19,8/3/1964,10/19/1964,actual,actual,77,Implemented,Unknown,2,Acres,194,0,NA,NA,NA,NA,NA,NA,NA,NA,NA,Sagebrush was cut with Marden Brush Cutters pulled in tandem with mechanical actuated seeders attached.,NA,Polygon,Confirmed,Digitized by LTDL data entry personnel using a confirmed map,2/10/2016,185.6669366,185.2744689,NA,BLM,"Encroaching vegetation, Establishment of seeded species, , Loss of vegetation, Rangeland health, Sagebrush, Vegetal cover",This project will consist of sage removal and seeding to crested wheatgrass of approximately 200 acres of public domain.,None,NA,None,NA,NA,21:45:00,8,3,1964,08,03,10,19,1964,10,19
4030,11328,Seeding,Ground Seeding,Ground Seeding: Broadcast,6981,13426,5835,2,1964-08-03,1964-10-19,8/3/1964,10/19/1964,actual,actual,77,Implemented,Unknown,2,Acres,194,-1,Confirmed seed list,Encino Mix,Seeds,Confirmed on Paper,Unknown,Overall,"There was only a general rate listed for all species combined indicated here, specific rates for each species were not possible.",NA,NA,NA,NA,Polygon,Confirmed,Digitized by LTDL data entry personnel using a confirmed map,2/10/2016,185.6669366,185.2744689,NA,BLM,"Encroaching vegetation, Erosion, Establishment of seeded species,, Loss of vegetation, Rangeland health, Sagebrush, Unknown, Vegetal cover",This project will consist of sage removal and seeding to crested wheatgrass of approximately 200 acres of public domain.,None,NA,None,NA,NA,21:59:00,8,3,1964,08,03,10,19,1964,10,19
4438,12401,Other,General Treatment,General Treatment: Vegetation Removal,7751,13445,5845,2,1951-08-01,1951-08-30,8/1/1951,8/30/1951,actual,actual,29,Implemented,None,2,Acres,578,0,No seed list,NA,NA,NA,NA,NA,NA,NA,NA,Big sage cleared with one-way plow,NA,Polygon,Confirmed,Digitized by LTDL data entry personnel using a confirmed map,12/21/2015,713.1109124,672.1457947,NA,BLM and Cooperators,"Establishment of seeded species, Brush control",NA,None,NA,None,NA,NA,49:51:00,8,1,1951,08,01,8,30,1951,08,30
4438,12402,Seeding,Seeding,Seeding,7752,13446,5845,2,1951-08-01,1951-08-30,8/1/1951,8/30/1951,actual,actual,29,Implemented,None,2,Acres,578,-1,Confirmed seed list,Seed Mix,Seeds,Confirmed on Paper,Unknown,Unknown,"The seed mix did not indicate whether bulk or PLS rates were used, therefore, unknown has been listed and all seed mix information has been entered into the Bulk category.",NA,NA,Drilled to crested wheatgrass.,NA,Polygon,Confirmed,Digitized by LTDL data entry personnel using a confirmed map,12/21/2015,713.1109124,672.1457947,NA,BLM and Cooperators,"Establishment of seeded species, Brush control",NA,None,NA,None,NA,Cost includes clearing.,51:32:00,8,1,1951,08,01,8,30,1951,08,30
4439,12403,Other,General Treatment,General Treatment: Vegetation Removal,7753,13447,5846,2,1952-08-20,1952-09-01,8/20/1952,9/1/1952,actual,actual,12,Implemented,None,2,Acres,262,0,No seed list,NA,NA,NA,NA,NA,NA,NA,NA,Cleared of sagebrush using one-way plow.,NA,Polygon,Confirmed,Digitized by LTDL data entry personnel using a confirmed map,12/22/2015,610.0748656,608.5423084,NA,NA,"Sagebrush, Establishment of seeded species, Erosion, Forage for livestock",NA,None,NA,None,NA,NA,19:35:00,8,20,1952,08,20,9,1,1952,09,01
4439,12404,Seeding,Seeding,Seeding,7754,13448,5846,2,1952-08-20,1952-09-01,8/20/1952,9/1/1952,actual,actual,12,Implemented,None,2,Acres,262,-1,Confirmed seed list,Grass Seed,Seeds,Confirmed on Paper,Unknown,Unknown,"The seed mix did not indicate whether bulk or PLS rates were used, therefore, unknown has been listed and all seed mix information has been entered into the Bulk category.",NA,NA,"Seeded to crested wheat grass, using drill mounted on one-way plow.",NA,Polygon,Confirmed,Digitized by LTDL data entry personnel using a confirmed map,12/22/2015,610.0748656,608.5423084,NA,NA,"Sagebrush, Establishment of seeded species, Erosion, Forage for livestock",NA,None,NA,None,NA,Cost includes clearing,21:55:00,8,20,1952,08,20,9,1,1952,09,01
4440,12405,Other,General Treatment,General Treatment: Vegetation Removal,7755,13449,5847,2,1955-10-24,1955-11-10,10/24/1955,11/10/1955,actual,actual,17,Implemented,None,2,Acres,509,0,No seed list,NA,NA,NA,NA,NA,NA,NA,NA,Land cleared of sage with one-way plow.,NA,Polygon,Confirmed,Digitized by LTDL data entry personnel using a confirmed map,12/28/2015,654.810943,626.0750906,NA,NA,"Establishment of seeded species, Sagebrush, Erosion, Other (see related notes)",Control erosion and improve federal range.,None,NA,None,NA,NA,55:51:00,10,24,1955,10,24,11,10,1955,11,10
4440,12406,Seeding,Seeding,Seeding,7756,13450,5847,2,1955-10-24,1955-11-10,10/24/1955,11/10/1955,actual,actual,17,Implemented,None,2,Acres,509,-1,Confirmed seed list,Crested Wheatgrass,Seeds,Confirmed on Paper,Unknown,Unknown,"The seed mix did not indicate whether bulk or PLS rates were used, therefore, unknown has been listed and all seed mix information has been entered into the Bulk category.",NA,NA,Seeded to crested wheat grass with drill mounted on one-way plow.,"An inspection in 1979 indicates some invasion of big sage but otherwise successful seeding with good density of AGCR.\r\n\r\nAn inspection in 1959 notes very good livestock management, with erosion being slowed considerably.",Polygon,Confirmed,Digitized by LTDL data entry personnel using a confirmed map,12/28/2015,654.810943,626.0750906,NA,NA,"Establishment of seeded species, Sagebrush, Erosion, Other (see related notes)",Control erosion and improve federal range.,None,NA,None,"Moisture good at time of seeding with heavy snow (12-15&&) on November 15, 1955",Cost includes clearing treatment.,58:17:00,10,24,1955,10,24,11,10,1955,11,10
4441,12407,Other,General Treatment,General Treatment: Vegetation Removal,7757,13451,5848,2,1956-09-01,1956-09-15,9/1/1956,9/15/1956,actual,actual,14,Implemented,See Comments,2,Acres,512,0,No seed list,NA,NA,NA,NA,NA,NA,NA,NA,NA,"An inspection in 1959 indicates good kill on sage (80 - 90%), good stand of crested wheat.",Polygon,Confirmed,Digitized by LTDL data entry personnel using a confirmed map,12/29/2015,621.211239,612.6932246,NA,NA,"Establishment of seeded species, Forage for livestock, Sagebrush",Control erosion and improve forage.,None,NA,None,NA,NA,21:04:00,9,1,1956,09,01,9,15,1956,09,15
4441,12408,Seeding,Seeding,Seeding,7758,13452,5848,2,1956-09-01,1956-09-15,9/1/1956,9/15/1956,actual,actual,14,Implemented,None,2,Acres,512,-1,Not Determined,Crested Wheatgrass,Seeds,NA,Unknown,Unknown,"The seed mix did not indicate whether bulk or PLS rates were used, therefore, unknown has been listed and all seed mix information has been entered into the Bulk category.",NA,NA,Seeded using seed box mounted on one-way plow doing clearing (broadcast in wake of discs).,An inspection in 1979 indicates very successful with high density of AGCR.,Polygon,Confirmed,Digitized by LTDL data entry personnel using a confirmed map,12/29/2015,621.211239,612.6932246,NA,NA,"Establishment of seeded species, Forage for livestock, Sagebrush",Control erosion and improve forage.,None,NA,None,NA,Cost includes clearing treatment.,22:47:00,9,1,1956,09,01,9,15,1956,09,15
4442,12409,Vegetation/Soil Manipulation,Vegetation Disturbance,Tree/Brush Control: Mechanical,7759,13453,5849,2,1957-09-09,1957-10-11,9/9/1957,10/11/1957,actual,actual,32,Implemented,None,2,Acres,556,0,No seed list,NA,NA,NA,NA,NA,NA,NA,NA,Cleared of sagebrush with two one-way Wheatland type plows pulled by D-7 CAT tractor,Kill of sagebrush estimated to exceed 90%,Polygon,Confirmed,Digitized by LTDL data entry personnel using a confirmed map,1/4/2016,575.3098207,568.0335023,NA,NA,"Erosion, Establishment of seeded species, Sagebrush, Rangeland health",Control erosion and improve range condition.,None,NA,None,Moisture conditions very good &* soil moist to depth of about 14 inches.,NA,51:00:00,9,9,1957,09,09,10,11,1957,10,11
4442,12410,Seeding,Seeding,Seeding,7760,13454,5849,2,1957-09-09,1957-10-11,9/9/1957,10/11/1957,actual,actual,32,Implemented,See Comments,2,Acres,556,-1,Confirmed seed list,Crested Wheatgrass,Seeds,Confirmed on Paper,Unknown,Unknown,"The seed mix did not indicate whether bulk or PLS rates were used, therefore, unknown has been listed and all seed mix information has been entered into the Bulk category.",NA,NA,Agitator seed boxes mounted on plows; seeded with crested wheatgrass only.,An inspection in 1959 indicates a good stand of crested wheat.,Polygon,Confirmed,Digitized by LTDL data entry personnel using a confirmed map,1/4/2016,575.3098207,568.0335023,NA,NA,"Erosion, Establishment of seeded species, Sagebrush, Rangeland health",Control erosion and improve range condition.,None,NA,None,Moisture conditions very good&* soil moist to depth of about 14 inches.,Cost includes clearing treatment.,52:41:00,9,9,1957,09,09,10,11,1957,10,11
4563,12769,Seeding,Ground Seeding,Ground Seeding: Broadcast,7982,13457,5851,2,1962-01-15,1963-12-15,1/00/1962,12/00/1963,estimated day,estimated day,699,Implemented,Unknown,1,Acres,768,-1,Confirmed seed list,Garcia Mix,Seeds,Confirmed on Paper,Unknown,Overall,"There was only a general rate listed for all species combined indicated here, specific rates for each species were not possible.",NA,NA,NA,NA,Polygon,Confirmed,Digitized by LTDL data entry personnel using a confirmed map,1/16/2016,792.182192,784.178447,NA,BLM,None,NA,None,NA,None,NA,NA,35:13:00,1,00,1962,01,15,12,00,1963,12,15
4563,12768,Vegetation/Soil Manipulation,Soil Disturbance,Soil Disturbance: Ripping,7983,13458,5851,2,1962-01-15,1963-12-15,1/00/1962,12/00/1963,estimated day,estimated day,699,Implemented,Unknown,1,Acres,768,0,NA,NA,NA,NA,NA,NA,NA,NA,NA,NA,NA,Polygon,Confirmed,Digitized by LTDL data entry personnel using a confirmed map,1/16/2016,792.182192,784.178447,NA,BLM,"Erosion, Loss of vegetation, Vegetal cover",NA,None,NA,None,NA,NA,36:56:00,1,00,1962,01,15,12,00,1963,12,15
4985,13872,Vegetation/Soil Manipulation,Soil Disturbance,Soil Disturbance: Ripping,8721,13475,5860,2,1962-01-15,1963-06-15,1/00/1962,6/00/1963,estimated day,estimated day,516,Implemented,Unknown,1,Acres,1200,0,NA,NA,NA,NA,NA,NA,NA,NA,NA,"Equipment:  Jayhawk Soil Saver - one - TD24 International Tractor.  Dimensions:  28"" deep, 7' spacings, 14&& intervals; cost per acre, $4.44.",NA,Polygon,Confirmed,Digitized by LTDL data entry personnel using a confirmed map,1/23/2016,1162.429294,1158.79011,NA,BLM,"Erosion, Establishment of seeded species, Loss of vegetation, Rangeland health, Unknown, Vegetal cover",NA,None,NA,None,NA,NA,09:09:00,1,00,1962,01,15,6,00,1963,06,15
4985,13873,Seeding,Ground Seeding,Ground Seeding: Broadcast,8722,13476,5860,2,1962-01-15,1963-06-15,1/00/1962,6/00/1963,estimated day,estimated day,516,Implemented,Unknown,1,Acres,1200,-1,Confirmed seed list,Gurule Mix,Seeds,Confirmed on Paper,Unknown,Overall,"There was only a general rate listed for all species combined indicated here, specific rates for each species were not possible.",NA,NA,NA,NA,Polygon,Confirmed,Digitized by LTDL data entry personnel using a confirmed map,1/23/2016,1162.429294,1158.79011,NA,BLM,"Erosion, Establishment of seeded species, Loss of vegetation, Rangeland health, Vegetal cover, Unknown",NA,None,NA,None,NA,NA,10:58:00,1,00,1962,01,15,6,00,1963,06,15
5254,14562,Other,General Treatment,General Treatment: Vegetation Removal,9143,13491,5868,2,1958-06-15,1958-09-15,6/15/1958,9/15/1958,actual,actual,92,Implemented,None,2,Acres,100,0,No seed list,NA,NA,NA,NA,NA,NA,NA,NA,Plowed with one-way disk plow.,NA,Polygon,Confirmed,Digitized by LTDL data entry personnel using a confirmed map,1/5/2016,121.8355768,117.0300107,NA,NA,"Erosion, Sagebrush, Forage for livestock, Establishment of seeded species",This project is necessary to complete the reseeding work on the Hibner allotment and to take advantage of the ideal conditions for success of the seeded stand.  The purpose of this project is to increase vegetative cover for increased forage production and erosion control.,None,NA,None,NA,NA,19:58:00,6,15,1958,06,15,9,15,1958,09,15
5254,14563,Seeding,Seeding,Seeding,9144,13492,5868,2,1958-06-15,1958-09-15,6/15/1958,9/15/1958,actual,actual,92,Implemented,Very Successful,2,Acres,100,-1,Confirmed seed list,Crested Wheatgrass,Seeds,Confirmed on Paper,Unknown,Unknown,"The seed mix did not indicate whether bulk or PLS rates were used, therefore, unknown has been listed and all seed mix information has been entered into the Bulk category.",NA,NA,Seeded to crested wheatgrass using seeder box mounted on plow.,An inspection in 1979 indicates good condition or success (good density of AGCR).,Polygon,Confirmed,Digitized by LTDL data entry personnel using a confirmed map,1/5/2016,121.8355768,117.0300107,NA,NA,"Erosion, Sagebrush, Forage for livestock, Establishment of seeded species",This project is necessary to complete the reseeding work on the Hibner allotment and to take advantage of the ideal conditions for success of the seeded stand.  The purpose of this project is to increase vegetative cover for increased forage production and erosion control.,None,NA,None,NA,Cost includes clearing treatment.  All labor and equipment was furnished by the cooperator and seeding was done in a single operation.,22:35:00,6,15,1958,06,15,9,15,1958,09,15
5257,14567,Vegetation/Soil Manipulation,Vegetation Disturbance,Tree/Brush Control: Mechanical,9148,13495,5870,2,1955-10-10,1955-11-25,10/10/1955,11/25/1955,actual,actual,46,Implemented,None,2,Acres,494,0,No seed list,NA,NA,NA,NA,NA,NA,NA,NA,494 acres cleared of sage.  Two one-way plows pulled by D-8.,Approximately 85% kill on sagebrush.,Polygon,Confirmed,Digitized by LTDL data entry personnel using a confirmed map,12/28/2015,652.3791826,650.6306867,NA,NA,"Establishment of seeded species, Sagebrush, Erosion",Control erosion and improve range,None,NA,None,Soil moisture moderate when operation started.,NA,03:15:00,10,10,1955,10,10,11,25,1955,11,25
5257,14568,Seeding,Seeding,Seeding,9149,13496,5870,2,1955-10-10,1955-11-25,10/10/1955,11/25/1955,actual,actual,46,Implemented,See Comments,2,Acres,494,-1,Confirmed seed list,Crested Wheatgrass,Seeds,Confirmed on Paper,Unknown,Unknown,"The seed mix did not indicate whether bulk or PLS rates were used, therefore, unknown has been listed and all seed mix information has been entered into the Bulk category.",NA,NA,494 acres planted to crested wheat grass.  Grass seed broadcast from box mounted on one-way plow doing clearing.,"A 1979 inspection indicates some invasion of big sage; otherwise it is successful with good density of AGCR.  ""Good&& success or condition of improvement, according to 1979 inspection.",Polygon,Confirmed,Digitized by LTDL data entry personnel using a confirmed map,12/28/2015,652.3791826,650.6306867,NA,NA,"Establishment of seeded species, Sagebrush, Erosion",Control erosion and improve range,None,NA,None,Soil moisture moderate when operation started.  15&& snow fell immediately following completion.,Cost includes clearing treatment.,07:47:00,10,10,1955,10,10,11,25,1955,11,25
6133,17001,Vegetation/Soil Manipulation,Vegetation Disturbance,Vegetation Disturbance: Mechanical Thinning,10694,13519,5882,2,1963-04-09,1963-05-27,4/9/1963,5/27/1963,actual,actual,48,Implemented,Unknown,2,Acres,2146,0,NA,NA,NA,NA,NA,NA,NA,NA,NA,Cut brush with marden brush cutters pulled in tandem.,NA,Polygon,Confirmed,Digitized by LTDL data entry personnel using a confirmed map,1/26/2016,2346.000152,2339.217055,NA,BLM,"Establishment of seeded species, Loss of vegetation, Rangeland health, Sagebrush, Vegetal cover",Eradication of sagebrush and improving range by seeding crested wheatgrass.,None,NA,None,NA,NA,43:16:00,4,9,1963,04,09,5,27,1963,05,27
6133,17002,Seeding,Ground Seeding,Ground Seeding: Broadcast,10695,13520,5882,2,1963-04-09,1963-05-27,4/9/1963,5/27/1963,actual,actual,48,Implemented,Unknown,2,Acres,2146,-1,Confirmed seed list,Johnson Seed Mix,Seeds,Confirmed on Paper,Unknown,Overall,"There was only a general rate listed for all species combined indicated here, specific rates for each species were not possible.",NA,NA,Ground broadcast using mechanical seeders mounted on brush cutter.,NA,Polygon,Confirmed,Digitized by LTDL data entry personnel using a confirmed map,1/26/2016,2346.000152,2339.217055,NA,BLM,"Establishment of seeded species, Loss of vegetation, Rangeland health, Sagebrush, Vegetal cover",Eradication of sagebrush and improving range by seeding crested wheatgrass.,None,NA,None,NA,NA,44:54:00,4,9,1963,04,09,5,27,1963,05,27
6210,17159,Vegetation/Soil Manipulation,Vegetation Disturbance,Tree/Brush Control: Mechanical,10802,13529,5887,2,1967-05-02,1967-06-16,5/2/1967,6/16/1967,actual,actual,45,Implemented,None,2,Acres,1000,0,No seed list,NA,NA,NA,NA,NA,NA,Provide a more palatable livestock feed and the possibility of increasing the grazing capacity.,NA,650 acres treated with Marden brush cutter and 350 acres plowed with Towner plow.,NA,Polygon,Confirmed,Digitized by LTDL data entry personnel using a confirmed map,1/29/2016,1149.419763,1137.171803,NA,NA,"Forage for livestock, Establishment of seeded species, Carrying capacity, Sagebrush",To control sagebrush and rabbit brush in conjunction with seeding of fairway crested wheatgrass and pubescent wheatgrass planted at the rate of 3 lbs. each per acre.  \r\n\r\nPurpose is to provide a more palatable livestock feed and the possibility of increasing the grazing capacity.,None,NA,None,"Soil conditions dry in May, several rains in June.",NA,23:34:00,5,2,1967,05,02,6,16,1967,06,16
6210,17160,Seeding,Seeding,Seeding,10803,13530,5887,2,1967-05-02,1967-06-16,5/2/1967,6/16/1967,actual,actual,45,Implemented,None,2,Acres,1000,-1,Confirmed seed list,NA,Seeds,Confirmed on Paper,Unknown,NA,NA,Provide a more palatable livestock feed and possibly increase grazing capacity.,NA,NA,NA,Polygon,Confirmed,Digitized by LTDL data entry personnel using a confirmed map,1/29/2016,1149.419763,1137.171803,NA,NA,"Forage for livestock, Establishment of seeded species, Carrying capacity, Sagebrush",To control sagebrush and rabbit brush in conjunction with seeding of fairway crested wheatgrass and pubescent wheatgrass planted at the rate of 3 lbs. each per acre.  \r\n\r\nPurpose is to provide a more palatable livestock feed and the possibility of increasing the grazing capacity.,None,NA,None,"Soil conditions dry in May, several rains in June.",NA,27:39:00,5,2,1967,05,02,6,16,1967,06,16
6937,19077,Vegetation/Soil Manipulation,Vegetation Disturbance,Tree/Brush Control: Mechanical,12059,13543,5894,2,1964-01-02,1964-01-14,1/2/1964,1/14/1964,actual,actual,12,Implemented,None,2,Acres,153,0,No seed list,NA,NA,NA,NA,NA,NA,Reduce undesirable timber and sage.,Brush cutting and seeding will be done in same operation.\r\n\r\nTwo or three laborers to be hired to work approximately 300 man hours to hand chop small growth of cedar left by Marden brush cutter after seeding.,D-8 Marden Brush Cutter with seeder attached was used.,NA,Polygon,Confirmed,Digitized by LTDL data entry personnel using a confirmed map,1/25/2016,295.3272241,251.3442698,NA,NA,"Establishment of seeded species, Sagebrush, Pinon-juniper",The work consists of approximately 200 acres of undesirable timber and sage.,None,NA,None,NA,NA,14:29:00,1,2,1964,01,02,1,14,1964,01,14
6937,19078,Seeding,Seeding,Seeding,12060,13544,5894,2,1964-01-02,1964-01-14,1/2/1964,1/14/1964,actual,actual,12,Implemented,None,2,Acres,153,-1,Confirmed seed list,NA,Seeds,Confirmed on Paper,Unknown,Unknown,"The seed mix did not indicate whether bulk or PLS rates were used, therefore, unknown has been listed and all seed mix information has been entered into the Bulk category.",NA,Approx. 5 lbs. crested wheatgrass will be planted per acre.,NA,NA,Polygon,Confirmed,Digitized by LTDL data entry personnel using a confirmed map,1/25/2016,295.3272241,251.3442698,NA,NA,"Establishment of seeded species, Sagebrush, Pinon-juniper",The work consists of approximately 200 acres of undesirable timber and sage.,None,NA,None,NA,NA,16:05:00,1,2,1964,01,02,1,14,1964,01,14
7089,19440,Seeding,Ground Seeding,Ground Seeding: Broadcast,12295,13549,5897,2,1965-04-12,1965-04-22,4/12/1965,4/22/1965,actual,actual,10,Implemented,Unknown,2,Acres,872,-1,Confirmed seed list,Maestas Mix,Seeds,Confirmed on Paper,Unknown,Overall,"There was only a general rate listed for all species combined indicated here, specific rates for each species were not possible.",NA,NA,NA,NA,Polygon,Confirmed,Digitized by LTDL data entry personnel using a confirmed map,2/27/2016,1031.494333,1026.716303,NA,BLM,None,NA,None,NA,None,NA,NA,24:26:00,4,12,1965,04,12,4,22,1965,04,22
7089,19439,Vegetation/Soil Manipulation,Vegetation Disturbance,Vegetation Disturbance: Mowing,12296,13550,5897,2,1965-04-12,1965-04-22,4/12/1965,4/22/1965,actual,actual,10,Implemented,Unknown,2,Acres,872,0,NA,NA,NA,NA,NA,NA,NA,NA,NA,Received high rate of brush kill of approximately 85-90%.  Contractor was very conscientious to do cutting perpendicular to the contour.,NA,Polygon,Confirmed,Digitized by LTDL data entry personnel using a confirmed map,2/27/2016,1031.494333,1026.716303,NA,BLM,"Erosion, Establishment of seeded species, Loss of vegetation, Noxious weeds, Rangeland health, Vegetal cover",To eliminate undesirable brush and seed more desirable grass species.,None,NA,None,NA,NA,25:59:00,4,12,1965,04,12,4,22,1965,04,22
7243,19856,Vegetation/Soil Manipulation,Soil Disturbance,Soil Disturbance: Chaining,12554,13555,5900,2,1968-01-01,1969-12-31,1/1/1968,12/31/1969,actual,actual,730,Implemented,Unknown,1,Acres,500,0,NA,NA,NA,NA,NA,NA,NA,NA,NA,NA,NA,Polygon,Confirmed,Digitized by LTDL data entry personnel using a confirmed map,3/10/2016,911.1209877,893.3129868,NA,BLM,"Erosion,, Invasion by pinyon-juniper, Invasive species, Loss of vegetation, Noxious weeds, Rangeland health, Sagebrush, Sedimentation, Vegetal cover, Watershed degradation, Watershed health",Land treatment is necessary to meet allotment management plan objectives to stabilize the critical watershed and improve vegetative cover.,None,NA,None,NA,NA,03:32:00,1,1,1968,01,01,12,31,1969,12,31
7243,19857,Seeding,Ground Seeding,Ground Seeding: Broadcast,12555,13556,5900,2,1968-01-01,1969-12-31,1/1/1968,12/31/1969,actual,actual,730,Implemented,Unknown,1,Acres,500,-1,Confirmed seed list,Martinez Bros Mix,Seeds,Confirmed on Paper,Unknown,Overall,"There was only a general rate listed for all species combined indicated here, specific rates for each species were not possible.",NA,NA,NA,NA,Polygon,Confirmed,Digitized by LTDL data entry personnel using a confirmed map,3/10/2016,911.1209877,893.3129868,NA,BLM,"Erosion, Invasion by pinyon-juniper, Invasive species, Loss of vegetation, Noxious weeds, Pinon-juniper, Rangeland health, Sagebrush, Sedimentation, Vegetal cover, Watershed degradation, Watershed health",Land treatment is necessary to meet allotment management plan objectives to stabilize the critical watershed and improve vegetative cover.,None,NA,None,NA,NA,52:34:00,1,1,1968,01,01,12,31,1969,12,31
7502,20456,Vegetation/Soil Manipulation,Vegetation Disturbance,Tree/Brush Control: Mechanical,12947,13561,5903,2,1965-06-05,1965-06-25,6/5/1965,6/25/1965,actual,actual,20,Implemented,None,2,Acres,353,0,No seed list,NA,NA,NA,NA,NA,NA,NA,NA,NA,NA,Polygon,Confirmed,Digitized by LTDL data entry personnel using a confirmed map,1/26/2016,505.2446701,505.2135239,NA,NA,"Establishment of seeded species, Sagebrush, Vegetal cover",This project will consist of sage removal and seeding to crested wheatgrass of approx. 520 acres of public domain.  This should revegetate a depleted range.,None,NA,None,Considerable moisture received during treatment.,NA,00:05:00,6,5,1965,06,05,6,25,1965,06,25
7502,20457,Seeding,Seeding,Seeding,12948,13562,5903,2,1965-06-05,1965-06-25,6/5/1965,6/25/1965,actual,actual,20,Implemented,None,2,Acres,353,-1,Confirmed seed list,Crested wheatgrass,Seeds,Confirmed on Paper,Unknown,Unknown,"The seed mix did not indicate whether bulk or PLS rates were used, therefore, unknown has been listed and all seed mix information has been entered into the Bulk category.",NA,NA,Seeded to crested wheatgrass at a rate of 7.3 lbs./acre,NA,Polygon,Confirmed,Digitized by LTDL data entry personnel using a confirmed map,1/26/2016,505.2446701,505.2135239,NA,NA,"Establishment of seeded species, Sagebrush, Vegetal cover",This project will consist of sage removal and seeding to crested wheatgrass of approx. 520 acres of public domain.  This should revegetate a depleted range.,None,NA,None,Considerable moisture received during treatment.,Cost includes brush cutting treatment.,01:55:00,6,5,1965,06,05,6,25,1965,06,25
8653,23656,Vegetation/Soil Manipulation,Vegetation Disturbance,Tree/Brush Control: Mechanical,15076,13581,5913,2,1965-08-24,1965-09-11,8/24/1965,9/11/1965,actual,actual,18,Implemented,None,2,Acres,840,0,No seed list,NA,NA,NA,NA,NA,NA,NA,NA,Area prepared with one Marden brush cutter and one Fleco brush cutter.,The Marden brush cutter killled approximately 80% of the black sage on the areas where it was used.,Polygon,Confirmed,Digitized by LTDL data entry personnel using a confirmed map,1/28/2016,676.7040862,676.6054957,NA,NA,"Establishment of seeded species, Forage for livestock, Forage for wildlife, Sagebrush",The purpose  of this project is to provide additional winter grazing for elk and domestic livestock.,None,NA,None,Soil conditions very dry - light showers fell just before completion.,NA,06:24:00,8,24,1965,08,24,9,11,1965,09,11
8653,23657,Seeding,Seeding,Seeding,15077,13582,5913,2,1965-08-24,1965-09-11,8/24/1965,9/11/1965,actual,actual,18,Implemented,None,2,Acres,840,-1,Confirmed seed list,NA,Seeds,Confirmed on Paper,Unknown,NA,NA,NA,NA,Crested wheatgrass was broadcast seeded at a rate of 3.3 lbs./acre,NA,Polygon,Confirmed,Digitized by LTDL data entry personnel using a confirmed map,1/28/2016,676.7040862,676.6054957,NA,NA,"Establishment of seeded species, Forage for livestock, Forage for wildlife, Sagebrush",The purpose  of this project is to provide additional winter grazing for elk and domestic livestock.,None,NA,None,Soil conditions very dry - light showers fell just before completion.,Cost includes brush cutting treatment.,08:18:00,8,24,1965,08,24,9,11,1965,09,11
9138,24875,Vegetation/Soil Manipulation,Soil Disturbance,Soil Disturbance: Discing,15872,13607,5926,2,1959-09-15,1960-05-15,9/00/1959,5/00/1960,estimated day,estimated day,243,Implemented,None,2,Acres,475,0,No seed list,NA,NA,NA,NA,NA,NA,NA,NA,38 acres of this area was completed by Marden brush cutter.  The balance was done by Sage Disk and seeded to crested wheat in the the same operation.  Several checks were placed in small arroyo.,NA,Polygon,Confirmed,Digitized by LTDL data entry personnel using a confirmed map,1/11/2016,351.7284546,317.2692399,NA,NA,"Erosion, Sagebrush, Establishment of seeded species, Unprotected treatment area, Forage for livestock","Eradicate undesirable big sagebrush, pit the land and reseed to crested wheatgrass, to reduce erosion and increase forage yield.",None,NA,None,NA,Cost includes seeding.,55:54:00,9,00,1959,09,15,5,00,1960,05,15
9138,24876,Seeding,Ground Seeding,Ground Seeding,15873,13608,5926,2,1959-09-15,1960-05-15,9/00/1959,5/00/1960,estimated day,estimated day,243,Implemented,None,2,Acres,475,-1,Confirmed seed list,Crested Wheatgrass,Seeds,Confirmed on Paper,Unknown,Unknown,"The seed mix did not indicate whether bulk or PLS rates were used, therefore, unknown has been listed and all seed mix information has been entered into the Bulk category.",NA,NA,NA,NA,Polygon,Confirmed,Digitized by LTDL data entry personnel using a confirmed map,1/11/2016,351.7284546,317.2692399,NA,NA,"Erosion, Sagebrush, Establishment of seeded species, Unprotected treatment area, Forage for livestock","Eradicate undesirable big sagebrush, pit the land and reseed to crested wheatgrass, to reduce erosion and increase forage yield.",None,NA,None,NA,Cost included in plowing and brush cutting treatment.,00:26:00,9,00,1959,09,15,5,00,1960,05,15
9426,25626,Vegetation/Soil Manipulation,Vegetation Disturbance,Tree/Brush Control: Mechanical,16352,13613,5929,2,1963-04-03,1963-05-18,4/3/1963,5/18/1963,actual,actual,45,Implemented,None,2,Acres,344,0,No seed list,NA,NA,NA,NA,NA,NA,Plow sagebrush country on the J.P. Rael allotment to rehabilitate depleted rangeland.,Use brush cutter with broadcast seeder attached.,NA,90% brush kill,Polygon,Confirmed,Digitized by LTDL data entry personnel using a confirmed map,1/19/2016,792.8296481,790.5223656,NA,NA,Establishment of seeded species,Rehabilitate depleted rangeland,None,NA,None,Soil moisture is good at time of treatment,NA,23:42:00,4,3,1963,04,03,5,18,1963,05,18
9426,25627,Seeding,Seeding,Seeding,16353,13614,5929,2,1963-04-03,1963-05-18,4/3/1963,5/18/1963,actual,actual,45,Implemented,None,2,Acres,344,-1,Confirmed seed list,Crested wheatgrass,Seeds,Confirmed on Paper,Unknown,Unknown,"The seed mix did not indicate whether bulk or PLS rates were used, therefore, unknown has been listed and all seed mix information has been entered into the Bulk category.",NA,NA,NA,NA,Polygon,Confirmed,Digitized by LTDL data entry personnel using a confirmed map,1/19/2016,792.8296481,790.5223656,NA,NA,Establishment of seeded species,Rehabilitate depleted rangeland,None,NA,None,NA,Cost includes brush cutting,26:16:00,4,3,1963,04,03,5,18,1963,05,18
9585,26038,Vegetation/Soil Manipulation,Vegetation Disturbance,Tree/Brush Control: Mechanical,16614,13615,5930,2,1959-03-01,1959-05-20,3/1/1959,5/20/1959,actual,actual,80,Implemented,None,2,Acres,264,0,No seed list,NA,NA,NA,NA,NA,NA,NA,NA,NA,90% estimated kill of sagebrush; has increased native grasses.,Polygon,Confirmed,Digitized by LTDL data entry personnel using a confirmed map,1/5/2016,251.5966307,245.5399864,NA,NA,"Watershed health, Erosion, Establishment of seeded species, Sagebrush, Forage for livestock",Reduce unpalatable shrub cover and increase native and seeded grasses for better forage yield and erosion control.,None,NA,None,NA,NA,39:44:00,3,1,1959,03,01,5,20,1959,05,20
9585,26039,Seeding,Seeding,Seeding,16615,13616,5930,2,1959-03-01,1959-05-20,3/1/1959,5/20/1959,actual,actual,80,Implemented,Failure,2,Acres,264,-1,Confirmed seed list,Crested Wheatgrass,Seeds,Confirmed on Paper,Unknown,Unknown,"The seed mix did not indicate whether bulk or PLS rates were used, therefore, unknown has been listed and all seed mix information has been entered into the Bulk category.",NA,NA,"Sage reduction, seedbed preparation, and seeding in a single operation through use of a Marden brush cutter with a seeder attachment.\r\n\r\nWorking width of cutter:  7'; depth of cut:  8""","An inspection in 1976 indicates ""due to lack of management, this project has failed.",Polygon,Confirmed,Digitized by LTDL data entry personnel using a confirmed map,1/5/2016,251.5966307,245.5399864,NA,NA,"Watershed health, Erosion, Establishment of seeded species, Sagebrush, Forage for livestock",Reduce unpalatable shrub cover and increase native and seeded grasses for better forage yield and erosion control.,None,NA,None,NA,NA,42:10:00,3,1,1959,03,01,5,20,1959,05,20
9586,26040,Vegetation/Soil Manipulation,Vegetation Disturbance,Vegetation Disturbance: Mowing,16616,13617,5931,2,1964-04-24,1964-05-10,4/24/1964,5/10/1964,actual,actual,16,Implemented,Unknown,2,Acres,1000,0,NA,NA,NA,NA,NA,NA,NA,NA,NA,NA,NA,Polygon,Confirmed,Digitized by LTDL data entry personnel using a confirmed map,2/17/2016,1074.967916,1072.694787,NA,BLM,"Establishment of seeded species, Forage for livestock, Loss of vegetation, Rangeland health, Unknown, Vegetal cover",The work will consist of brush cutting and seeding to grass approximately 942 acres of rangeland with tow &&Marden Duplex Brush Cutters&& pulled in tandem.  Cutting and seeding will be done in one operation.  Purpose is to reduce brush and improve rangeland grazing capacities.,None,NA,None,NA,NA,18:31:00,4,24,1964,04,24,5,10,1964,05,10
9586,26041,Seeding,Ground Seeding,Ground Seeding: Broadcast,16617,13618,5931,2,1964-04-24,1964-05-10,4/24/1964,5/10/1964,actual,actual,16,Implemented,Unknown,2,Acres,1000,-1,Confirmed seed list,Rio Puerco Cutting Mix,Seeds,Confirmed on Paper,Unknown,Overall,"There was only a general rate listed for all species combined indicated here, specific rates for each species were not possible.",NA,NA,NA,NA,Polygon,Confirmed,Digitized by LTDL data entry personnel using a confirmed map,2/17/2016,1074.967916,1072.694787,NA,BLM,"Establishment of seeded species, Forage for livestock, Loss of vegetation, Rangeland health, Vegetal cover",The work will consist of brush cutting and seeding to grass approximately 942 acres of rangeland with tow &&Marden Duplex Brush Cutters&& pulled in tandem.  Cutting and seeding will be done in one operation.  Purpose is to reduce brush and improve rangeland grazing capacities.,None,NA,None,NA,NA,20:15:00,4,24,1964,04,24,5,10,1964,05,10
10096,27427,Seeding,Ground Seeding,Ground Seeding: Broadcast,17546,13639,5942,2,1968-01-23,1968-02-24,1/23/1968,2/24/1968,actual,actual,32,Implemented,Unknown,2,Acres,2550,-1,Confirmed seed list,San Luis2 Mix,Seeds,Confirmed on Paper,Unknown,Overall,"There was only a general rate listed for all species combined indicated here, specific rates for each species were not possible.",NA,NA,Broadcast front of till and pack unit.,NA,Polygon,Confirmed,Digitized by LTDL data entry personnel using a confirmed map,3/14/2016,4160.902609,4150.960191,NA,BLM,"Encroaching vegetation, Erosion, Establishment of seeded species, Loss of vegetation, Rangeland health, Sedimentation, Vegetal cover, Watershed degradation, Watershed health",The purpose of this project is to establish a type of vegetation that should offer a maximum of watershed protection.,None,NA,None,NA,NA,17:04:00,1,23,1968,01,23,2,24,1968,02,24
10096,27426,Vegetation/Soil Manipulation,Soil Disturbance,Soil Disturbance: Ripping,17547,13640,5942,2,1968-01-23,1968-02-24,1/23/1968,2/24/1968,actual,actual,32,Implemented,Unknown,2,Acres,2550,0,NA,NA,NA,NA,NA,NA,NA,NA,NA,Two D-8 cats pulling modified Jayhawk soil savers with seed boxes and till and pack units.  Dimensions:  14 inch depth with approximately 9 ft. between the ripper,NA,Polygon,Confirmed,Digitized by LTDL data entry personnel using a confirmed map,3/14/2016,4160.902609,4150.960191,NA,BLM,"Erosion, Establishment of seeded species, Loss of vegetation, Rangeland health, Sedimentation, Vegetal cover, Watershed degradation, Watershed health",The purpose of this project is to establish a type of vegetation that should offer a maximum of watershed protection.,None,NA,None,NA,NA,19:23:00,1,23,1968,01,23,2,24,1968,02,24
10184,27610,Vegetation/Soil Manipulation,Vegetation Disturbance,Tree/Brush Control: Mechanical,17695,13645,5945,2,1963-10-30,1963-12-07,10/30/1963,12/7/1963,actual,actual,38,Implemented,NA,2,Acres,164,0,No seed list,NA,NA,NA,NA,NA,NA,Reduce juniper cover.,NA,Marden brush cutter pulled by track type tractor,NA,Polygon,Confirmed,Digitized by LTDL data entry personnel using a confirmed map,1/13/2016,230.3203174,220.2983644,NA,NA,"Establishment of seeded species, Pinon-juniper, Sagebrush",Eradication of scrub juniper and sagebrush.,None,NA,None,NA,NA,36:50:00,10,30,1963,10,30,12,7,1963,12,07
10184,27611,Seeding,Seeding,Seeding,17696,13646,5945,2,1963-10-30,1963-12-07,10/30/1963,12/7/1963,actual,actual,38,Implemented,None,2,Acres,164,-1,Confirmed seed list,Seed Mix,Seeds,Confirmed on Paper,Unknown,Unknown,"The seed mix did not indicate whether bulk or PLS rates were used, therefore, unknown has been listed and all seed mix information has been entered into the Bulk category.",NA,NA,"Ground broadcast with crested wheatgrass, weeping lovegrass, Indian ricegrass, using cyclone hand seeder.",NA,Polygon,Confirmed,Digitized by LTDL data entry personnel using a confirmed map,1/13/2016,230.3203174,220.2983644,NA,NA,"Establishment of seeded species, Pinon-juniper, Sagebrush",Eradication of scrub juniper and sagebrush.,None,NA,None,NA,NA,38:22:00,10,30,1963,10,30,12,7,1963,12,07
10185,27613,Vegetation/Soil Manipulation,Vegetation Disturbance,Tree/Brush Control: Mechanical,17697,13647,5946,2,1966-04-25,1966-06-30,4/25/1966,6/30/1966,actual,actual,66,Implemented,None,2,Acres,850,0,No seed list,NA,NA,NA,NA,NA,NA,Revegetate a badly depleted range.,NA,A D-8 Caterpillar pulled a tandem Marden brush cutter to cut the pinyon-juniper and prepare a seed bed.,All snakeweed and 95% of pinyon-juniper was killed.,Polygon,Confirmed,Digitized by LTDL data entry personnel using a confirmed map,1/26/2016,749.487729,749.4882833,NA,NA,"Unprotected treatment area, Pinon-juniper, Vegetal cover, Establishment of seeded species",This project should revegetate a badly depleted range.,None,NA,None,Very dry - very little snow moisture at beginning and little rain at end.,NA,00:55:00,4,25,1966,04,25,6,30,1966,06,30
10185,27614,Seeding,Seeding,Seeding,17698,13648,5946,2,1966-04-25,1966-06-30,4/25/1966,6/30/1966,actual,actual,66,Implemented,None,2,Acres,850,-1,Not Determined,Santa Cruz mix,Seeds,NA,Unknown,Overall,"There was only a general rate listed for all species combined indicated here, specific rates for each species were not possible.",Revegetate a badly depleted range.,NA,A seedbox attachment on a brush cutter ground broadcast crested wheatgrass seed.,NA,Polygon,Confirmed,Digitized by LTDL data entry personnel using a confirmed map,1/26/2016,749.487729,749.4882833,NA,NA,"Unprotected treatment area, Pinon-juniper, Vegetal cover, Establishment of seeded species",This project should revegetate a badly depleted range.,None,NA,None,Very dry - very little snow moisture at beginning and little rain at end.,Cost includes chaining and brush-cutting treatments.,03:03:00,4,25,1966,04,25,6,30,1966,06,30
10193,27636,Vegetation/Soil Manipulation,Soil Disturbance,Soil Disturbance: Plowing,17715,13653,5949,2,1963-05-14,1963-06-04,5/14/1963,6/4/1963,actual,actual,21,Implemented,None,2,Acres,200,0,No seed list,NA,NA,NA,NA,NA,NA,NA,Plowing sagebrush with rangeland type plow.,NA,Estimated brush kill 80%,Polygon,Confirmed,Digitized by LTDL data entry personnel using a confirmed map,1/22/2016,231.9420125,226.4329504,NA,NA,"Establishment of seeded species, Unprotected treatment area, Sagebrush",Rehabilitate depleted range.,None,NA,None,Conditions very dry at time of treatment.,NA,04:58:00,5,14,1963,05,14,6,4,1963,06,04
10193,27637,Seeding,Seeding,Seeding,17716,13654,5949,2,1963-05-14,1963-06-04,5/14/1963,6/4/1963,actual,actual,21,Implemented,None,2,Acres,200,-1,Confirmed seed list,NA,Seeds,Confirmed on Paper,Unknown,Unknown,"The seed mix did not indicate whether bulk or PLS rates were used, therefore, unknown has been listed and all seed mix information has been entered into the Bulk category.",NA,NA,Area seeded (ground broadcast) with approx. 4.75 lbs/acre of crested wheatgrass seed.,NA,Polygon,Confirmed,Digitized by LTDL data entry personnel using a confirmed map,1/22/2016,231.9420125,226.4329504,NA,NA,"Establishment of seeded species, Unprotected treatment area, Sagebrush",Rehabilitate depleted range.,None,NA,None,Very dry conditions at time of treatment.,Cost includes plowing.,08:24:00,5,14,1963,05,14,6,4,1963,06,04
10194,27639,Vegetation/Soil Manipulation,Soil Disturbance,Soil Disturbance: Plowing,17717,13655,5950,2,1963-09-09,1963-10-09,9/9/1963,10/9/1963,actual,actual,30,Implemented,None,2,Acres,156,0,No seed list,NA,NA,NA,NA,NA,NA,NA,One-way plowing with rangeland type plow.,NA,Expected brush kill of 40 to 50%.  Treatment should have been done with Marden brush cutter.,Polygon,Confirmed,Digitized by LTDL data entry personnel using a confirmed map,1/22/2016,289.4907128,282.6066294,NA,NA,"Establishment of seeded species, Sagebrush",Rehabilitate depleted range.,None,NA,None,NA,NA,22:46:00,9,9,1963,09,09,10,9,1963,10,09
10194,27640,Seeding,Seeding,Seeding,17718,13656,5950,2,1963-09-09,1963-10-09,9/9/1963,10/9/1963,actual,actual,30,Implemented,None,2,Acres,156,-1,Confirmed seed list,NA,Seeds,Confirmed on Paper,Unknown,Unknown,"The seed mix did not indicate whether bulk or PLS rates were used, therefore, unknown has been listed and all seed mix information has been entered into the Bulk category.",NA,NA,Area seeded (ground broadcast) with approx. 4.5 lbs./acre of crested wheatgrass.  Seeding and plowing done in one operation.,NA,Polygon,Confirmed,Digitized by LTDL data entry personnel using a confirmed map,1/22/2016,289.4907128,282.6066294,NA,NA,"Establishment of seeded species, Sagebrush",Rehabilitate depleted range.,None,NA,None,Ground damp at time of treatment.,Cost includes plowing.,25:22:00,9,9,1963,09,09,10,9,1963,10,09
10264,27832,Vegetation/Soil Manipulation,Vegetation Disturbance,Vegetation Disturbance: Mechanical Thinning,17840,13657,5951,2,1963-05-31,1963-06-18,5/31/1963,6/18/1963,actual,actual,18,Implemented,Unknown,2,Acres,1477,0,NA,NA,NA,NA,NA,NA,NA,NA,NA,Cut Brush with Marden Brushcutters pulled in tandem.,NA,Polygon,Confirmed,Digitized by LTDL data entry personnel using a confirmed map,1/20/2016,1247.884637,1220.891285,NA,BLM,"Erosion, Establishment of seeded species, Loss of vegetation, Rangeland health, Sagebrush, Vegetal cover",Eradication of sagebrush and improving range by seeding crested wheatgrass.,None,NA,None,NA,NA,14:43:00,5,31,1963,05,31,6,18,1963,06,18
10264,27833,Seeding,Ground Seeding,Ground Seeding: Broadcast,17841,13658,5951,2,1963-05-31,1963-06-18,5/31/1963,6/18/1963,actual,actual,18,Implemented,Unknown,2,Acres,1477,-1,Confirmed seed list,Schroyer,Seeds,Confirmed on Paper,Unknown,Overall,"There was only a general rate listed for all species combined indicated here, specific rates for each species were not possible.",NA,NA,Cut Brush with Marden Brushcutters pulled in tandem.,NA,Polygon,Confirmed,Digitized by LTDL data entry personnel using a confirmed map,1/20/2016,1247.884637,1220.891285,NA,BLM,"Erosion, Establishment of seeded species, Loss of vegetation, Rangeland health, Sagebrush, Vegetal cover",Eradication of sagebrush and improving range by seeding crested wheatgrass.,None,NA,None,NA,NA,16:35:00,5,31,1963,05,31,6,18,1963,06,18
10293,27919,Vegetation/Soil Manipulation,Soil Disturbance,Soil Disturbance: Ripping,17888,13661,5953,2,1966-10-31,1966-11-26,10/31/1966,11/26/1966,actual,actual,26,Implemented,None,2,Acres,1100,0,No seed list,NA,NA,NA,NA,NA,NA,"Improve watershed and increase vegetative cover, for game and livestock.",Area is to be ripped with a Jayhawk soil saver to a depth of 14 inches.,"Two Model B Jayhawk modified rippers were pulled behind two D-8 caterpillars 14 inches deep, on the contour.",NA,Polygon,Confirmed,Digitized by LTDL data entry personnel using a confirmed map,2/2/2016,1262.332187,1228.689113,NA,NA,"Establishment of seeded species, Unprotected treatment area, Watershed health, Forage for livestock, Forage for wildlife",Improve the watershed and increase vegetative cover for game and livestock.,None,NA,None,NA,NA,36:52:00,10,31,1966,10,31,11,26,1966,11,26
10293,27920,Seeding,Seeding,Seeding,17889,13662,5953,2,1966-10-13,1966-11-26,10/13/1966,11/26/1966,actual,actual,44,Implemented,None,2,Acres,1100,-1,Confirmed seed list,NA,Seeds,Confirmed on Paper,Unknown,NA,NA,NA,NA,Till-n-pack seeders pulled by D-8 caterpillars.,NA,Polygon,Confirmed,Digitized by LTDL data entry personnel using a confirmed map,2/2/2016,1262.332187,1228.689113,NA,NA,"Establishment of seeded species, Unprotected treatment area, Watershed health, Forage for livestock, Forage for wildlife",Improve the watershed and increase vegetative cover for game and livestock.,None,NA,None,NA,NA,40:47:00,10,13,1966,10,13,11,26,1966,11,26
10519,28511,Seeding,Ground Seeding,Ground Seeding: Broadcast,18309,13663,5954,2,1963-05-13,1963-05-17,5/13/1963,5/17/1963,actual,actual,4,Implemented,Unknown,2,Acres,1490,-1,Confirmed seed list,Shroyer Mix,Seeds,Confirmed on Paper,Unknown,Overall,"There was only a general rate listed for all species combined indicated here, specific rates for each species were not possible.",NA,NA,Approximately 2 lbs to the acre of crested wheat grass was seeded with a cyclone seeder in certain localities.,NA,Polygon,Confirmed,Digitized by LTDL data entry personnel using a confirmed map,2/3/2016,917.2942189,915.0369149,NA,BLM,"Erosion, Establishment of seeded species, Loss of vegetation, Pinon-juniper, Noxious weeds, Invasive species, Invasion by pinyon-juniper, Vegetal cover, Unknown",Chaining brush for the eradication of pinon and juniper trees.,None,NA,None,NA,NA,25:25:00,5,13,1963,05,13,5,17,1963,05,17
10519,28510,Vegetation/Soil Manipulation,Soil Disturbance,Soil Disturbance: Chaining,18310,13664,5954,2,1963-05-13,1963-05-17,5/13/1963,5/17/1963,actual,actual,4,Implemented,Unknown,2,Acres,1490,0,NA,NA,NA,NA,NA,NA,NA,NA,NA,The chaining was accomplished by two track-type D9 Tractors pulling 540 feet of a 40 lb. to the link chain.,NA,Polygon,Confirmed,Digitized by LTDL data entry personnel using a confirmed map,2/3/2016,917.2942189,915.0369149,NA,BLM,"Encroaching vegetation, Establishment of seeded species, Invasion by pinyon-juniper, Invasive species, Loss of vegetation, Noxious weeds, Pinon-juniper, Rangeland health, Vegetal cover, Unknown",Chaining brush for the eradication of pinon and juniper trees.,None,NA,None,NA,NA,30:34:00,5,13,1963,05,13,5,17,1963,05,17
11163,30245,Seeding,Ground Seeding,Ground Seeding: Broadcast,19445,13677,5961,2,1969-01-01,1969-06-27,1/1/1969,6/27/1969,actual,actual,177,Implemented,Unknown,1,Acres,643,-1,Confirmed seed list,Starr Mix,Seeds,Confirmed on Paper,Unknown,Overall,"There was only a general rate listed for all species combined indicated here, specific rates for each species were not possible.",NA,"Cut sagebrush off at ground level with a pull type marden brush cutter, drawn by a rubber tired wheel tractor.  Seeding will be done with an electric broadcast seeder mounted on the tractor pulling the marden brush cutter.  Seeding will be done in front of the cutter, with litter from the cutter covering the seed and the litter will tend to protect the young seedlings.",NA,NA,Polygon,Confirmed,Digitized by LTDL data entry personnel using a confirmed map,3/25/2016,650.2467588,648.7018914,NA,BLM,"Brush control, Erosion, Establishment of seeded species, Invasive species, Loss of vegetation, Noxious weeds, Rangeland health,, Sedimentation, Vegetal cover, Watershed degradation, Watershed health","To control sagebrush and remove it from competition with grass, provide a better vegetation for watershed protection and create a more desirable wildlife habitat.",None,NA,None,NA,NA,38:25:00,1,1,1969,01,01,6,27,1969,06,27
11163,30244,Vegetation/Soil Manipulation,Vegetation Disturbance,Vegetation Disturbance: Mowing,19446,13678,5961,2,1969-01-01,1969-06-27,1/1/1969,6/27/1969,actual,actual,177,Implemented,Unknown,1,Acres,643,0,NA,NA,NA,NA,NA,NA,NA,NA,"Cut sagebrush off at ground level with a pull type marden brush cutter, drawn by a rubber tired wheel tractor.  Seeding will be done with an electric broadcast seeder mounted on the tractor pulling the marden brush cutter.  Seeding will be done in front of the cutter, with litter from the cutter covering the seed and the litter will tend to protect the young seedlings.",NA,NA,Polygon,Confirmed,Digitized by LTDL data entry personnel using a confirmed map,3/25/2016,650.2467588,648.7018914,NA,BLM,"Brush control, Erosion, Establishment of seeded species, Invasive species, Loss of vegetation, Noxious weeds, Rangeland health, Sedimentation, Vegetal cover, Watershed degradation, Watershed health","To control sagebrush and remove it from competition with grass, provide a better vegetation for watershed protection and create a more desirable wildlife habitat.",None,NA,None,NA,NA,37:36:00,1,1,1969,01,01,6,27,1969,06,27
11841,31994,Vegetation/Soil Manipulation,Vegetation Disturbance,Tree/Brush Control: Mechanical,20577,13689,5967,2,1963-05-22,1963-09-12,5/22/1963,9/12/1963,actual,actual,113,Implemented,None,2,Acres,688,0,No seed list,NA,NA,NA,NA,NA,NA,Remove sagebrush.,This project is to consist of approximately 500 acres of sagebrush removal.,(Small) Marden brush cutter with seeding attachment and track type tractor was used.,There appears to be a high percent of kill - according to the land treatment report.,Polygon,Confirmed,Digitized by LTDL data entry personnel using a confirmed map,2/1/2016,884.3390303,884.3336537,NA,NA,"Forage for livestock, Sagebrush, Establishment of seeded species","Sagebrush is the dominant species of vegetation and its removal would greatly increase the grazing capacity, by reseeding to rehabilitate depleted rangeland.",None,NA,None,Soil conditions are dry at time of treatment.,NA,28:27:00,5,22,1963,05,22,9,12,1963,09,12
11841,31995,Seeding,Seeding,Seeding,20578,13690,5967,2,1963-09-02,1963-09-12,9/2/1963,9/12/1963,actual,actual,10,Implemented,None,2,Acres,320,-1,Confirmed seed list,Crested Wheatgrass,Seeds,Confirmed on Paper,Unknown,Unknown,"The seed mix did not indicate whether bulk or PLS rates were used, therefore, unknown has been listed and all seed mix information has been entered into the Bulk category.",NA,NA,2.3 lb/acre of crested wheatgrass was broadcast seeded.,"An undated inspection indicates that reseeding looks good, with crested wheatgrass 5"" to 6&& tall.",Polygon,Confirmed,Digitized by LTDL data entry personnel using a confirmed map,2/1/2016,312.7450842,305.4368866,NA,NA,"Forage for livestock, Sagebrush, Establishment of seeded species","Sagebrush is the dominant species of vegetation and its removal would greatly increase the grazing capacity, by reseeding to rehabilitate depleted rangeland.",None,NA,None,Soil conditions are dry at time of treatment.,Cost includes brush cutting treatment.,26:57:00,9,2,1963,09,02,9,12,1963,09,12
12241,33054,Vegetation/Soil Manipulation,Soil Disturbance,Soil Disturbance: Chaining,21269,13705,5975,2,1965-11-15,1965-12-15,11/00/1965,12/00/1965,estimated day,estimated day,30,Implemented,None,2,Acres,3048,0,No seed list,NA,NA,NA,NA,NA,NA,Remove undesirable pinon-juniper brush on the F. Garcia allotment.,NA,Two crawler tractors (HD-21) and 35 lb./ft. anchor chain.,"High percent kill in northern area of allotment due to large trees.  As contract progressed south, trees became smaller and were not completely dragged out of the soil, yielding a somewhat lower kill.",Polygon,Confirmed,Digitized by LTDL data entry personnel using a confirmed map,2/3/2016,2755.2382,2734.474816,NA,NA,"Pinon-juniper, Brush control, Establishment of seeded species, Unprotected treatment area",Remove undesirable pinon-juniper brush on the F. Garcia allotment.,None,NA,None,Soil moisture condition was high due to late fall treatment.,NA,26:22:00,11,00,1965,11,15,12,00,1965,12,15
12241,33055,Seeding,Seeding,Seeding,21270,13706,5975,2,1965-11-15,1965-12-15,11/00/1965,12/00/1965,estimated day,estimated day,30,Implemented,None,2,Acres,3048,-1,Confirmed seed list,NA,Seeds,Confirmed on Paper,Unknown,Unknown,"The seed mix did not indicate whether bulk or PLS rates were used, therefore, unknown has been listed and all seed mix information has been entered into the Bulk category.",NA,NA,Crested wheatgrass seed broadcast at a rate of 4.6 lbs./acre.,NA,Polygon,Confirmed,Digitized by LTDL data entry personnel using a confirmed map,2/3/2016,2755.2382,2734.474816,NA,NA,"Pinon-juniper, Brush control, Establishment of seeded species, Unprotected treatment area",Remove undesirable pinon-juniper brush on the F. Garcia allotment.,None,NA,None,Soil moisture condition was high due to late fall treatment.,Cost includes chaining treatment.,28:04:00,11,00,1965,11,15,12,00,1965,12,15
12243,33060,Vegetation/Soil Manipulation,Vegetation Disturbance,Tree/Brush Control: Mechanical,21273,13709,5977,2,1965-04-22,1965-06-10,4/22/1965,6/10/1965,actual,actual,49,Implemented,None,2,Acres,568,0,No seed list,NA,NA,NA,NA,NA,NA,Remove sage and seed to crested wheatgrass for revegetation of depleted range.,NA,NA,Estimated kill on sagebrush is 65%,Polygon,Confirmed,Digitized by LTDL data entry personnel using a confirmed map,1/29/2016,536.426255,503.6041862,NA,NA,"Establishment of seeded species, Sagebrush, Brush control",This project will consist of sage removal and seeding to crested wheatgrass of approximately 550 acres.  This work should revegetate a depleted range.,None,NA,None,Soil conditions were moist - some rain received during treatment.,NA,07:22:00,4,22,1965,04,22,6,10,1965,06,10
12243,33061,Seeding,Seeding,Seeding,21274,13710,5977,2,1965-04-22,1965-06-10,4/22/1965,6/10/1965,actual,actual,49,Implemented,None,2,Acres,568,-1,Confirmed seed list,Crested wheatgrass,Seeds,Confirmed on Paper,Unknown,Unknown,"The seed mix did not indicate whether bulk or PLS rates were used, therefore, unknown has been listed and all seed mix information has been entered into the Bulk category.",NA,NA,Broadcast seeded crested wheatgrass.,NA,Polygon,Confirmed,Digitized by LTDL data entry personnel using a confirmed map,1/29/2016,536.426255,503.6041862,NA,NA,"Establishment of seeded species, Sagebrush, Brush control",This project will consist of sage removal and seeding to crested wheatgrass of approximately 550 acres.  This work should revegetate a depleted range.,None,NA,None,Soil conditions were moist - some rain received during treatment.,NA,09:40:00,4,22,1965,04,22,6,10,1965,06,10
12244,33062,Vegetation/Soil Manipulation,Vegetation Disturbance,Tree/Brush Control: Mechanical,21275,13711,5978,2,1964-07-02,1965-05-01,7/2/1964,5/1/1965,actual,actual,303,Implemented,None,2,Acres,330,0,No seed list,NA,NA,NA,NA,NA,NA,NA,NA,NA,"Treatment appears to have resulted in an excellent kill on sagebrush, probably 95% to 98%",Polygon,Confirmed,Digitized by LTDL data entry personnel using a confirmed map,1/28/2016,543.2923266,543.2976733,NA,NA,"Establishment of seeded species, Sagebrush",The area to be treated is badly depleted of useful forage.,None,NA,None,Some moisture received during treatment.,NA,57:02:00,7,2,1964,07,02,5,1,1965,05,01
12244,33063,Seeding,Seeding,Seeding,21276,13712,5978,2,1964-07-02,1965-05-01,7/2/1964,5/1/1965,actual,actual,303,Implemented,None,2,Acres,330,-1,Confirmed seed list,NA,Seeds,Confirmed on Paper,Unknown,Unknown,"The seed mix did not indicate whether bulk or PLS rates were used, therefore, unknown has been listed and all seed mix information has been entered into the Bulk category.",NA,NA,Area was ground broadcast to crested wheatgrass.,NA,Polygon,Confirmed,Digitized by LTDL data entry personnel using a confirmed map,1/28/2016,543.2923266,543.2976733,NA,NA,"Establishment of seeded species, Sagebrush",The area to be treated is badly depleted of useful forage.,None,NA,None,Some moisture received during treatment.,Cost includes brush cutting treatment.,59:14:00,7,2,1964,07,02,5,1,1965,05,01
12297,33204,Seeding,Ground Seeding,Ground Seeding: Broadcast,21363,13731,5988,2,1965-03-17,1965-03-30,3/17/1965,3/30/1965,actual,actual,13,Implemented,Unknown,2,Acres,520,-1,Confirmed seed list,Velarde Mix,Seeds,Confirmed on Paper,Unknown,Overall,"There was only a general rate listed for all species combined indicated here, specific rates for each species were not possible.",NA,NA,Broadcast by means of mechanical seeders.,NA,Polygon,Confirmed,Digitized by LTDL data entry personnel using a confirmed map,2/29/2016,575.8806952,574.5474633,NA,BLM,"Erosion, Establishment of seeded species, Loss of vegetation, Noxious weeds, Rangeland health, Vegetal cover",Remove undesirable brush and seed grass to the area.,None,NA,None,NA,NA,14:43:00,3,17,1965,03,17,3,30,1965,03,30
12297,33203,Vegetation/Soil Manipulation,Vegetation Disturbance,Vegetation Disturbance: Mowing,21364,13732,5988,2,1965-03-17,1965-03-30,3/17/1965,3/30/1965,actual,actual,13,Implemented,Unknown,2,Acres,520,0,NA,NA,NA,NA,NA,NA,NA,NA,NA,Cut with marden brush cutter.,NA,Polygon,Confirmed,Digitized by LTDL data entry personnel using a confirmed map,2/29/2016,575.8806952,574.5474633,NA,BLM,"Erosion, Establishment of seeded species, Loss of vegetation, Noxious weeds, Rangeland health, Vegetal cover",Remove undesirable brush and seed grass to the area.,None,NA,None,NA,NA,16:19:00,3,17,1965,03,17,3,30,1965,03,30
12317,33245,Vegetation/Soil Manipulation,Vegetation Disturbance,Tree/Brush Control: Mechanical,21393,13735,5990,2,1961-03-02,1961-06-14,3/2/1961,6/14/1961,actual,actual,104,Implemented,None,2,Acres,286,0,No seed list,NA,NA,NA,NA,NA,NA,NA,NA,218 acres were passed over once with a Marden brush cutter and seeded with a grass seeder attachment at the same time.  68 acres were brush-cut twice in a hard area to get proper brush reduction (and were seeded in the second operation).,NA,Polygon,Confirmed,Digitized by LTDL data entry personnel using a confirmed map,1/12/2016,270.1369535,252.0825446,NA,BLM and Cooperators,"Establishment of seeded species, Brush control, Watershed health, Forage quality, Erosion",Control sheet erosion and provide a more palatable forage.,None,NA,None,NA,NA,27:30:00,3,2,1961,03,02,6,14,1961,06,14
12317,33246,Seeding,Seeding,Seeding,21394,13736,5990,2,1961-03-02,1961-06-14,3/2/1961,6/14/1961,actual,actual,104,Implemented,None,2,Acres,286,-1,Confirmed seed list,Crested Wheatgrass,Seeds,Confirmed on Paper,Unknown,Unknown,"The seed mix did not indicate whether bulk or PLS rates were used, therefore, unknown has been listed and all seed mix information has been entered into the Bulk category.",NA,NA,Seeded to crested wheatgrass using a grass seeder attachment at the same time.,NA,Polygon,Confirmed,Digitized by LTDL data entry personnel using a confirmed map,1/12/2016,270.1369535,252.0825446,NA,NA,"Establishment of seeded species, Brush control, Watershed health, Forage quality, Erosion",Control sheet erosion and provide a more palatable forage.,None,NA,None,NA,Cost includes brush-cutting.,30:24:00,3,2,1961,03,02,6,14,1961,06,14
13348,9425,Vegetation/Soil Manipulation,Vegetation Disturbance,Tree/Brush Control,23173,13795,6020,2,1963-06-15,1963-06-15,00/00/1963,00/00/1963,estimated month and day,estimated month and day,0,Implemented,Unknown,1,Acres,150,0,NA,NA,NA,NA,NA,NA,NA,NA,Remove sagebrush,Removed sagebrush,NA,Polygon,Confirmed,Digitized by LTDL data entry personnel using a confirmed map,9/1/2016,152.1428273,70.72275171,NA,Unknown,"Brush control, Establishment of seeded species, Sagebrush",NA,None,NA,None,NA,NA,14:04:00,00,00,1963,06,15,00,00,1963,06,15
13348,9426,Seeding,Drill Seeding,Ground Seeding: Drill,23174,13796,6020,2,1963-06-15,1963-06-15,00/00/1963,00/00/1963,estimated month and day,estimated month and day,0,Implemented,Unknown,1,Acres,150,-1,Confirmed seed list,Dietrich and Parsons Reseeding,Seeds,Confirmed on Paper,Unknown,Unknown,"The seed mix did not indicate whether bulk or PLS rates were used, therefore, unknown has been listed and all seed mix information has been entered into the Bulk category.",Establish seeded species,Drill seed,Drill seeded Russian wild rye and Crested wheatgrass. See seed list.,NA,Polygon,Confirmed,Digitized by LTDL data entry personnel using a confirmed map,9/1/2016,152.1428273,70.72275171,NA,Unknown,"Brush control, Establishment of seeded species, Sagebrush",NA,None,NA,None,NA,An additional drill seeding could have occurred in 1951.,14:04:00,00,00,1963,06,15,00,00,1963,06,15
14394,41511,Vegetation/Soil Manipulation,Vegetation Disturbance,Tree/Brush Control: Lop and Scatter,24105,13867,6056,2,2003-01-01,2004-09-10,1/1/2003,9/10/2004,actual,actual,618,Implemented,Unknown,1,Acres,170,0,NA,NA,NA,NA,NA,NA,NA,Cut young trees that are beginning to invade the meadow complexes and under story of the ponderosa pine stands in Deer Haven,See Treatment Descriptions for details,Data obtained from this treatment's GIS Attribute Table,Unknown,Polygon,Confirmed,"Digitized by BLM field office personnel, method unknown",1/1/1900 0:00,401.2084709,401.0043113,NA,Contractor,Encroaching vegetation,Meadow being invaded by DF and PP,Unknown,Unknown,Unknown,Unknown,NA,59:51:00,1,1,2003,01,01,9,10,2004,09,10
14394,41757,Vegetation/Soil Manipulation,Vegetation Disturbance,Tree/Brush Control: Pinyon Juniper Removal - Hand Cutting,24109,13868,6056,2,2003-11-11,2004-09-10,11/11/2003,9/10/2004,actual,actual,304,Implemented,Not Applicable,1,Acres,400,0,Unknown seed list,NA,NA,Unknown Seed List Origin,NA,NA,NA,Hand Thinning,Unknown,Hand Thinning - Data obtained from this treatment's GIS Attribute Table,Unknown,Polygon,Confirmed,"Digitized by BLM field office personnel, method unknown",1/8/2015,401.2084709,401.0043113,NA,Unknown,Fire hazard,Hand Thinning,Unknown,Unknown,Unknown,Unknown,NA,23:44:00,11,11,2003,11,11,9,10,2004,09,10
14540,37389,Seeding,Drill Seeding,Ground Seeding: Drill,24317,13893,6069,2,1961-10-02,1962-05-27,10/2/1961,5/27/1962,actual,actual,237,Implemented,NA,1,Acres,1000,-1,Not Determined,NA,NA,NA,NA,NA,NA,Establish seeded species.,NA,Rangeland Drill pulled by\r\nwheel tractor. South of the seeding area seeded with Russian Rye and\r\nswt. clover\r\nNorth of the seeding area seeded with Crested Wheat\r\nand swt. clover,"After driving over the project area, it appears that the reseeding is spotty with less than a 25% catch on planted grasses. Observation revealed that the north part of the seeding had a much better catch than the south portion. From appearance of the seeding and because there is considerable native blue stem, I don't believe the project can be hurt by grazing and recommended that 110 head be allowed to use the pasture from June 10 to June 30th. Also, recommend that project be checked thoroughly before fall and determine if project needs to be replanted, If it is decided that project needs to be replanted, Dale Kuhrt said they would cooperate. There is a need of stock water in this reseeded project and the possibility of a stock well should be checked out.",Polygon,Confirmed,Digitized by LTDL data entry personnel using a confirmed map,12/1/2016,1246.037793,1167.512319,NA,Contractor,Establishment of seeded species,Soil and Moisture Project,NA,NA,NA,NA,NA,07:12:00,10,2,1961,10,02,5,27,1962,05,27
14540,37390,Vegetation/Soil Manipulation,Soil Disturbance,Soil Disturbance: Plowing,24318,13894,6069,2,1961-10-02,1962-05-27,10/2/1961,5/27/1962,actual,actual,237,Implemented,NA,1,Acres,1000,0,NA,NA,NA,NA,NA,NA,NA,Seedbed preparation.,NA,Plowing with heavy\r\nduty Brushland plow pulled by D-7. Supplied by permittee.,"Post-treatment Ground Cover Transect Data 1971: Vegetation - 16%, Litter - 14%, Rock - 2% and Bare Ground - 19%. Weighted Cover: 61%. After driving over the project area, it appears that the reseeding is spotty with less than a 25% catch on planted grasses. Observation revealed that the north part of the seeding had a much better catch than the south portion. From appearance of the seeding and because there is considerable native blue stem, I don't believe the project can be hurt by grazing and recommended that 110 head be allowed to use the pasture from June 10 to June 30th. Also, recommend that project be checked thoroughly before fall and determine if project needs to be replanted, If it is decided that project needs to be replanted, Dale Kuhrt said they would cooperate. There is a need of stock water in this reseeded project and the possibility of a stock well should be checked out.",Polygon,Confirmed,Digitized by LTDL data entry personnel using a confirmed map,12/1/2016,1246.037793,1167.512319,NA,BLM and Cooperators,"Establishment of seeded species, Seedbed preparation",Soil and Moisture Project,NA,NA,NA,NA,NA,07:12:00,10,2,1961,10,02,5,27,1962,05,27
14547,37396,Vegetation/Soil Manipulation,Vegetation Disturbance,Vegetation Disturbance: Chipping,24324,13903,6074,2,1963-04-29,1963-05-22,4/29/1963,5/22/1963,actual,actual,23,Implemented,NA,1,Acres,1540,0,NA,NA,NA,NA,NA,NA,NA,Reduce PJ,NA,Crawler tractor pulling heavy chains to uproot PJ stands. Cost/acre: $2.85.,NA,Polygon,Confirmed,Digitized by LTDL data entry personnel using a confirmed map,12/2/2016,1434.154318,1417.743761,NA,BLM,"Brush control, Encroaching vegetation, Competition for resources, Invasion by pinyon-juniper, Loss of desirable species",Reduction of competition for  moisture.,NA,NA,NA,NA,NA,19:39:00,4,29,1963,04,29,5,22,1963,05,22
14547,37397,Seeding,Ground Seeding,Ground Seeding: Hand Broadcast,24325,13904,6074,2,1963-04-29,1963-05-22,4/29/1963,5/22/1963,actual,actual,23,Implemented,NA,1,Acres,1540,-1,Confirmed seed list,BLM Mix,Seeds,Confirmed on Paper,Unknown,Species Specific,NA,Establish seed species.,NA,"Hand labor broadcast, using cyclone seeders, cost/acre: $1.50.",NA,Polygon,Confirmed,Digitized by LTDL data entry personnel using a confirmed map,12/2/2016,1434.154318,1417.743761,NA,BLM,"Brush control, Encroaching vegetation, Competition for resources, Invasion by pinyon-juniper, Loss of desirable species",Reduction of competition for  moisture.,NA,NA,NA,NA,NA,17:00:00,4,29,1963,04,29,5,22,1963,05,22
15274,39131,Vegetation/Soil Manipulation,Vegetation Disturbance,Tree/Brush Control: Thin and Pile,25195,13965,6105,2,2004-09-13,2004-10-25,9/13/2004,10/25/2004,actual,actual,42,Implemented,Unknown,2,Acres,127,0,NA,NA,NA,NA,NA,NA,NA,Create shaded fuel break,"Thinning will occur within 600 feet of the Northern Boundary for a total area of approximately 127 acres of\r\nBLM land as measured by the contractor. Trees will be thinned by removing all trees (except Aspen) that are  greater than 6 .0 inches in diameter and\r\nleaving a stump height of no more  than 6.0 inches. All thinning shall be done by a mechanical shearing machine and or by hand held portable\r\nequipment (chainsaws). Limb branches of all residual trees to 7 feet in height. Slash from hand-thinned trees will be bucked to manageable lengths and piled in open areas for\r\nfuture burning. All slash created from the above mentioned activities will be hand piled. Piles will\r\nbe located in open areas, out from underneath the crowns of residual trees as much as possible to\r\nreduce crown scorch on remaining trees. Any tree deemed to be a hazard tree that is  greater than 6.0 inches\r\nshall be removed.\r\nAll dead and down measuring 2.0 inches to 6.0 inches in diameter will be bucked and piled for\r\nfuture burning. All dead and down that is greater than 6.0 inches up to 12.0 inches in diameter will be limbed and\r\nbucked, into approximately 6 feet lengths and separated to allow for greater decomposition.\r\nCut all conifer and aspen snags (standing dead trees) that provide a safety concern, and treat standing\r\nor hung-up dead from 2.0 to 12.0 inches in diameter into manageable sized lengths for piling. This\r\nwill include the branches and tops of large fallen snags.",[See Invoices],NA,Polygon,Confirmed,"Digitized by BLM field office personnel, method unknown",1/1/1900 0:00,127.3563047,125.2745351,NA,Contractor,"Hazardous fuels accumulation, Hazardous fuels reduction, Fire hazard","The decision memo for the Gore Lakes Fuels Reduction Project was signed by both the Forest\r\nService and the BLM in May of 2004 (see the Categorical Exclusion Record for the Gore Lakes\r\nFuel Reduction Project, C0-140-2004-30 CER). The purpose of the proposed action was to\r\nreduce fuel loading from the existing condition to a more desirable condition to effect an\r\nimmediate change in fire behavior to reduce the rate of spread and intensity within the analysis\r\narea.",NA,NA,NA,NA,NA,06:45:00,9,13,2004,09,13,10,25,2004,10,25
15274,39133,Vegetation/Soil Manipulation,Slash Treatment,Slash Treatment: Slash scattering,25197,13966,6105,2,2004-09-13,2004-10-25,9/13/2004,10/25/2004,actual,actual,42,Implemented,NA,2,Acres,127,0,NA,NA,NA,NA,NA,NA,NA,Slash disposal,Slash from clearing operations shall be scattered beyond the clearing limits to a depth not exceeding twenty four (24) inches.,NA,NA,Polygon,Confirmed,"Digitized by BLM field office personnel, method unknown",1/1/1900 0:00,127.3563047,125.2745351,NA,NA,"Hazardous fuels accumulation, Hazardous fuels reduction, Fire hazard","The decision memo for the Gore Lakes Fuels Reduction Project was signed by both the Forest\r\nService and the BLM in May of 2004 (see the Categorical Exclusion Record for the Gore Lakes\r\nFuel Reduction Project, C0-140-2004-30 CER). The purpose of the proposed action was to\r\nreduce fuel loading from the existing condition to a more desirable condition to effect an\r\nimmediate change in fire behavior to reduce the rate of spread and intensity within the analysis\r\narea.",NA,NA,NA,NA,NA,06:45:00,9,13,2004,09,13,10,25,2004,10,25
15274,39139,Vegetation/Soil Manipulation,Timber,Timber: Timber Salvage,25198,13967,6106,2,2013-12-02,2014-09-02,12/2/2013,9/2/2014,actual,actual,274,Implemented,Unknown,1,Acres,211,0,NA,NA,NA,NA,NA,NA,NA,This contract is\r\ndesigned to mechanically and/or hand cut dead and disease infested lodgepole pine\r\nstands.,[See Contract],[See Treatment map],NA,Polygon,Confirmed,"Digitized by BLM field office personnel, method unknown",1/1/1900 0:00,228.0847177,221.4866408,NA,Contractor,"Hazardous fuels accumulation, Hazardous fuels reduction, Fire hazard","The decision memo for the Gore Lakes Fuels Reduction Project was signed by both the Forest\r\nService and the BLM in May of 2004 (see the Categorical Exclusion Record for the Gore Lakes\r\nFuel Reduction Project, C0-140-2004-30 CER). The purpose of the proposed action was to\r\nreduce fuel loading from the existing condition to a more desirable condition to effect an\r\nimmediate change in fire behavior to reduce the rate of spread and intensity within the analysis\r\narea.",NA,NA,NA,NA,Treatment dates estimated form progress reports,45:21:00,12,2,2013,12,02,9,2,2014,09,02
15274,39140,Vegetation/Soil Manipulation,Slash Treatment,Slash Treatment: Slash disposal,25199,13968,6106,2,2013-12-02,2014-09-02,12/2/2013,9/2/2014,actual,actual,274,Implemented,Unknown,1,Acres,211,0,NA,NA,NA,NA,NA,NA,NA,Slash disposal,"Slash Treatment:\r\nThe term ""slash"" means all debris resulting from logging operations. Slash in this\r\nprovision is considered to be all woody vegetative material (including cull logs, chunks,\r\ntops, limbs, branches, snags, damaged or destroyed reproduction, saplings, and uprooted\r\nstumps) that is created or disturbed by any type of vegetative cutting, clearing,\r\nconstruction, or silvicultural treatment.\r\nSlash disposal shall be accomplished by machine piling, as described below. At the\r\nContracting Officer\u2019s discretion, and with his prior approval, slash disposal may be\r\naccomplished through the lopping and scattering of slash, or through a combination of\r\nmachine piling and lop and scatter (also described below). Regardless of treatment, the\r\ntop and side branches of all trees, that are cut or knocked down, and that are seven (7)\r\ninches DBH or greater, shall be completely trimmed to a six (6) inch or less, top\r\ndiameter.\r\nRegardless of treatment, the top and side branches of all live or dead, lodgepole pine,\r\nthat are cut or knocked down, and that are five (5)- and six (6)-inch diameter at breast height trees shall be\r\ncompletely trimmed to a four (4) inch or less, top diameter.\r\nTopwood, cull logs and other material that is four (4) inches or greater in diameter and\r\nthat is at least eight (8) feet in length, and that would otherwise not be removed from the\r\ncontract area, is to be considered biomass. This material shall be treated as per Special\r\nProvision O. Topwood, cull logs and other material meeting the above dimensions shall\r\nnot be bucked into lengths less than eight (8) feet. Tops, limbs and other material not\r\nmeeting the minimum dimensions for biomass shall be treated as described below:\r\nMachine treatment of slash (Piling) will be done as follows:\r\n1. Trees may be whole tree skidded to landings, or may be limbed and\r\ntopped prior to skidding. If trees are whole tree skidded, the resulting slash will\r\nbe placed in piles at the landing. If trees are limbed and topped prior to skidding,\r\nthe resulting slash will be pushed into piles using an approved brush piling rake\r\n(\u201cFleco\u201d or equivalent).\r\n2. Slash piles shall not be more than thirty (30) feet in length, thirty (30)\r\nfeet in width, and no more twenty (20) feet in height, unless otherwise authorized\r\nby the Contracting Officer. The minimum distance between piles shall be equal\r\nto, or greater than, the diameter of the piles.\r\n3. Slash piles shall be located so that burning operations will cause only minimal damage to standing live trees. Accordingly, piles will not be constructed\r\nwithin fifty (50) feet along the exterior edges of the logging units or near groups\r\nof small diameter trees reserved from cutting within the logging units.\r\n4. To facilitate burning, slash piles should be tightly compacted, be mostly\r\nfree of dirt, and large stems off the ground should not extend outward more than\r\nten (10) feet beyond the base of the pile.\r\n5. Burning or other treatment of piled slash shall be done by the\r\nGovernment.\r\nLop and scatter treatment of slash will be done as follows:\r\nLimbs, and tops that are four (4) inches in diameter or less at the large end, will\r\nbe scattered and all slash will not exceed twenty-four (24) inches in height from\r\nground level.",[See Progress Reports],NA,Polygon,Confirmed,"Digitized by BLM field office personnel, method unknown",1/1/1900 0:00,228.0847177,221.4866408,NA,Contractor,"Hazardous fuels accumulation, Hazardous fuels reduction, Fire hazard","The decision memo for the Gore Lakes Fuels Reduction Project was signed by both the Forest\r\nService and the BLM in May of 2004 (see the Categorical Exclusion Record for the Gore Lakes\r\nFuel Reduction Project, C0-140-2004-30 CER). The purpose of the proposed action was to\r\nreduce fuel loading from the existing condition to a more desirable condition to effect an\r\nimmediate change in fire behavior to reduce the rate of spread and intensity within the analysis\r\narea.",NA,NA,NA,NA,Treatment dates estimated form progress reports,45:21:00,12,2,2013,12,02,9,2,2014,09,02
4970,13828,Vegetation/Soil Manipulation,Soil Disturbance,Soil Disturbance: Plowing,8692,415352,6158,2,1962-04-18,1962-05-16,4/18/1962,5/16/1962,actual,actual,28,Implemented,Unknown,2,Acres,469,0,NA,NA,NA,NA,NA,NA,NA,NA,NA,NA,NA,Polygon,Confirmed,Digitized by LTDL data entry personnel using a confirmed map,1/7/2016,424.3707199,423.5112827,NA,BLM,"Establishment of seeded species, Loss of vegetation, Sagebrush, Vegetal cover",NA,None,NA,None,NA,NA,03:05:00,4,18,1962,04,18,5,16,1962,05,16
4970,13829,Seeding,Ground Seeding,Ground Seeding: Broadcast,8693,415353,6158,2,1962-04-18,1962-05-16,4/18/1962,5/16/1962,actual,actual,28,Implemented,Unknown,2,Acres,469,-1,Confirmed seed list,Guiterrez Mix,Seeds,Confirmed on Paper,Unknown,Overall,"There was only a general rate listed for all species combined indicated here, specific rates for each species were not possible.",NA,NA,NA,NA,Polygon,Confirmed,Digitized by LTDL data entry personnel using a confirmed map,1/7/2016,424.3707199,423.5112827,NA,BLM,"Loss of vegetation, Sagebrush, Vegetal cover, Establishment of seeded species",NA,None,NA,None,NA,NA,04:40:00,4,18,1962,04,18,5,16,1962,05,16
13451,14717,Vegetation/Soil Manipulation,Soil Disturbance,Soil Disturbance: Rollerchopping,23331,9355,6267,3,2004-09-29,2004-10-19,9/29/2004,10/19/2004,actual,actual,20,Implemented,None,2,Acres,294,0,NA,NA,NA,NA,NA,NA,NA,...to reduce hazardous fuels near powerlines.,NA,NA,NA,Polygon,Confirmed,"Digitized by BLM field office personnel, using a GPS unit on the ground",NA,288.0231363,287.7591088,NA,Contractor,Hazardous fuels reduction,NA,Unknown,NA,None,NA,NA,12:29:00,9,29,2004,09,29,10,19,2004,10,19
13451,14718,Seeding,Ground Seeding,Ground Seeding: Broadcast,23334,9356,6267,3,2004-09-29,2004-10-19,9/29/2004,10/19/2004,actual,actual,20,Implemented,None,2,Acres,294,-1,Confirmed seed list,Highway 90 Powerline Rollerchop Mix II,Seeds,Confirmed on Paper,Unknown,NA,NA,NA,NA,Broadcast with rollerchopper,NA,Polygon,Confirmed,"Digitized by BLM field office personnel, using a GPS unit on the ground",NA,288.0231363,287.7591088,NA,NA,Hazardous fuels reduction,NA,Unknown,NA,None,NA,NA,23:40:00,9,29,2004,09,29,10,19,2004,10,19
9812,26617,Vegetation/Soil Manipulation,Soil Disturbance,Soil Disturbance: Rollerchopping,17006,10000,6336,3,2001-01-01,2001-07-15,1/1/2001,7/15/2001,actual,actual,195,Implemented,None,1,Acres,1700,0,NA,NA,NA,NA,NA,NA,NA,...enhance mule winter range primarily and elk winter range secondarily...,This project will consist of roller chopping invading pinyon/juniper trees and shrubs in the\r\nold chained area and seeding with the provided seed mix.,This was a hazardous fuels reduction project done to enhance mule winter range primarily and elk winter range secondarily ..\r\n Project area was 1700 acres in size.,NA,Polygon,Confirmed,"Digitized by BLM field office personnel, using computer program from aerial imagery",NA,2414.661863,2354.043077,NA,BLM and Cooperators,"Rangeland health, Habitat for mule deer, Habitat for elk",NA,Unknown,NA,None,NA,NA,26:00:00,1,1,2001,01,01,7,15,2001,07,15
9812,26618,Seeding,Ground Seeding,Ground Seeding: Broadcast,17007,10001,6336,3,2001-01-01,2001-07-15,1/1/2001,7/15/2001,actual,actual,195,Implemented,None,1,Acres,1700,-1,No seed list,NA,NA,NA,NA,NA,NA,...enhance mule winter range primarily and elk winter range secondarily...,This project will consist of roller chopping invading pinyon/juniper trees and shrubs in the\r\nold chained area and seeding with the provided seed mix.,The project area was seeded by a broadcast seeder attached to the D-9 dozer while it traversed the area. The original chaining was done in 1965.,NA,Polygon,Confirmed,"Digitized by BLM field office personnel, using computer program from aerial imagery",NA,2414.661863,2354.043077,NA,NA,"Rangeland health, Habitat for mule deer, Habitat for elk",NA,Unknown,NA,None,NA,NA,34:28:00,1,1,2001,01,01,7,15,2001,07,15
9812,26617,Vegetation/Soil Manipulation,Soil Disturbance,Soil Disturbance: Rollerchopping,17006,10006,6338,3,2001-01-01,2001-07-15,1/1/2001,7/15/2001,actual,actual,195,Implemented,None,1,Acres,1700,0,NA,NA,NA,NA,NA,NA,NA,...enhance mule winter range primarily and elk winter range secondarily...,This project will consist of roller chopping invading pinyon/juniper trees and shrubs in the\r\nold chained area and seeding with the provided seed mix.,This was a hazardous fuels reduction project done to enhance mule winter range primarily and elk winter range secondarily ..\r\n Project area was 1700 acres in size.,NA,Polygon,Confirmed,"Digitized by BLM field office personnel, using computer program from aerial imagery",NA,2414.661863,2354.043077,NA,BLM and Cooperators,"Rangeland health, Habitat for mule deer, Habitat for elk",NA,Unknown,NA,None,NA,NA,26:00:00,1,1,2001,01,01,7,15,2001,07,15
9812,26618,Seeding,Ground Seeding,Ground Seeding: Broadcast,17007,10007,6338,3,2001-01-01,2001-07-15,1/1/2001,7/15/2001,actual,actual,195,Implemented,None,1,Acres,1700,-1,No seed list,NA,NA,NA,NA,NA,NA,...enhance mule winter range primarily and elk winter range secondarily...,This project will consist of roller chopping invading pinyon/juniper trees and shrubs in the\r\nold chained area and seeding with the provided seed mix.,The project area was seeded by a broadcast seeder attached to the D-9 dozer while it traversed the area. The original chaining was done in 1965.,NA,Polygon,Confirmed,"Digitized by BLM field office personnel, using computer program from aerial imagery",NA,2414.661863,2354.043077,NA,NA,"Rangeland health, Habitat for mule deer, Habitat for elk",NA,Unknown,NA,None,NA,NA,34:28:00,1,1,2001,01,01,7,15,2001,07,15
13674,28752,Vegetation/Soil Manipulation,Soil Disturbance,Soil Disturbance: Rollerchopping,23639,10075,6344,3,2001-09-10,2001-10-15,9/10/2001,10/15/2001,actual,actual,35,Implemented,None,1,Acres,416,0,NA,NA,NA,NA,NA,NA,NA,"...to reduce the\r\nlevel of pinyon/juniper trees, old pinyon/juniper skeletons from previous chaining,\r\noak/serviceberry, or sagebrush vegetation on the Sims Mesa 02-1 area...\r\n...to reduce fuels and to improve wildlife habitat and\r\nlandscape health.",This project will consist of roller chopping invading pinyon/juniper trees and shrubs in the\r\nold chained area...,NA,NA,Polygon,Confirmed,"Digitized by BLM field office personnel, using a GPS unit on the ground",NA,400.8403422,400.0608499,NA,Contractor,"Hazardous fuels reduction, Habitat for wildlife",NA,Unknown,NA,None,NA,NA,56:58:00,9,10,2001,09,10,10,15,2001,10,15
13674,28753,Seeding,Seeding,Seeding,23640,10076,6344,3,2001-09-10,2001-10-15,9/10/2001,10/15/2001,actual,actual,35,Implemented,None,1,Acres,416,-1,Not Determined,NA,NA,NA,NA,NA,NA,"...to reduce the\r\nlevel of pinyon/juniper trees, old pinyon/juniper skeletons from previous chaining,\r\noak/serviceberry, or sagebrush vegetation on the Sims Mesa 02-1 area...\r\n...to reduce fuels and to improve wildlife habitat and\r\nlandscape health.",...seeding with the provided seed mix.,NA,NA,Polygon,Confirmed,"Digitized by BLM field office personnel, using a GPS unit on the ground",NA,400.8403422,400.0608499,NA,NA,"Hazardous fuels reduction, Habitat for wildlife",NA,Unknown,NA,None,NA,NA,58:22:00,9,10,2001,09,10,10,15,2001,10,15
11482,31154,Vegetation/Soil Manipulation,Vegetation Disturbance,Tree/Brush Control: Pinyon Juniper Removal,19997,10107,6348,3,2004-06-15,2004-06-15,00/00/2004,00/00/2004,estimated month and day,estimated month and day,0,Implemented,None,2,Acres,450,0,NA,NA,NA,NA,NA,NA,NA,"The purpose of the proposed action is to open up the overstory canopy and remove trees to reduce\r\ncompetition with more desirable browse and understory plant species (grasses and forbs).\r\nThe need for the proposed action is to:\r\no Improve soil and vegetative function on upland areas\r\no Improve overall watershed function within the project area to a condition that meets the\r\nfundamentals or rangeland health as described in 43 CFR 4180.1.\r\no Maintain existing chainings that were done in and around the 1950's.\r\no Reduce large fuels in the project area and return the area to a more fire manageable system.\r\no Provide more forage and habitat for livestock and wildlife in areas that are becoming\r\nfragmented by oil and gas exploration.\r\nThe need for the proposed action was identified through consultation with the Tank Mountain Allotment\r\ngrazing permittee, BLM natural resource staff, and BLM Fire Management Staff.","The proposed action is to reduce and remove pinyon pine aA4-juniper trees, by means of a mowing\r\napplication with hydro-mower/axe equipment. The following prescription is desired for the project area\r\nas part of the proposed action:\r\n1) Mow all juniper trees with a DBH of 12 inches or less.\r\n2) Mow only Pinyon pine trees with a DBH of 6 inches or less.\r\n3) All browse species such as mountain mahogany; antelope bitterbrush, cliff rose, and oak will be\r\navoided. Large plants may be cropped to a 2-3ft height\r\n4) Mowing will not be done on any slope greater than 65% (34\xb0).\r\n5) Mosaic ""islands&& of trees will be identified, marked and left to provide wildlife cover.\r\n6) Some patches of sagebrush will be mowed, primarily those areas with perennial under story\r\nvegetation.\r\n7) It is preferred that the proposed treatment be done in the fall of 2003 (September-October).\r\nSeeding of perennial grasses and forbs would be done in a few small areas prior to mowing. Seed\r\nwould be broadcast prior to mowing so that the litter/mulch provide by the treatment would cover and\r\nprotect the seed. Livestock grazing will be deferred from the project area for the following two growing\r\nseasons after completion. Prescribed fire and fuel wood harvest by the public would be used to\r\nmaintain the areas after the treatment has taken effect.",NA,NA,Polygon,Confirmed,Digitized by LTDL data entry personnel using a confirmed map,7/25/2012,360.3689827,352.8554096,NA,Contractor,"Fire hazard, Provide forage for livestock, Provide forage for wildlife, Rangeland health, Watershed degradation","The purpose of the proposed action is to open up the overstory canopy and remove trees to reduce\r\ncompetition with more desirable browse and understory plant species (grasses and forbs).\r\nThe need for the proposed action is to:\r\no Improve soil and vegetative function on upland areas\r\no Improve overall watershed function within the project area to a condition that meets the\r\nfundamentals or rangeland health as described in 43 CFR 4180.1.\r\no Maintain existing chainings that were done in and around the 1950&$s.\r\no Reduce large fuels in the project area and return the area to a more fire manageable system.\r\no Provide more forage and habitat for livestock and wildlife in areas that are becoming\r\nfragmented by oil and gas exploration.\r\nThe need for the proposed action was identified through consultation with the Tank Mountain Allotment\r\ngrazing permittee, BLM natural resource staff, and BLM Fire Management Staff.",None,NA,None,NA,NA,28:24:00,00,00,2004,06,15,00,00,2004,06,15
11482,31155,Seeding,Ground Seeding,Ground Seeding: Broadcast,19998,10108,6348,3,2004-06-15,2004-06-15,00/00/2004,00/00/2004,estimated month and day,estimated month and day,0,Implemented,None,2,Acres,450,-1,Confirmed seed list,NA,Seeds,Confirmed on Paper,Unknown,Overall,"There was only a general rate listed for all species combined indicated here, specific rates for each species were not possible.  The rate was","The purpose of the proposed action is to open up the overstory canopy and remove trees to reduce\r\ncompetition with more desirable browse and understory plant species (grasses and forbs).\r\nThe need for the proposed action is to:\r\no Improve soil and vegetative function on upland areas\r\no Improve overall watershed function within the project area to a condition that meets the\r\nfundamentals or rangeland health as described in 43 CFR 4180.1.\r\no Maintain existing chaining that were done in and around the 1950's.\r\no Reduce large fuels in the project area and return the area to a more fire manageable system.\r\no Provide more forage and habitat for livestock and wildlife in areas that are becoming\r\nfragmented by oil and gas exploration.\r\nThe need for the proposed action was identified through consultation with the Tank Mountain Allotment\r\ngrazing permittee, BLM natural resource staff, and BLM Fire Management Staff.",Seeding of perennial grasses and forbs would be done in a few small areas prior to mowing. Seed\r\nwould be broadcast prior to mowing so that the litter/mulch provide by the treatment would cover and\r\nprotect the seed. Livestock grazing will be deferred from the project area for the following two growing\r\nseasons after completion.,NA,NA,Polygon,Confirmed,Digitized by LTDL data entry personnel using a confirmed map,7/25/2012,360.3689827,352.8554096,NA,BLM,None,NA,None,NA,None,NA,NA,47:45:00,00,00,2004,06,15,00,00,2004,06,15
14370,37146,Vegetation/Soil Manipulation,Timber,Timber: Timber Harvest,24059,10258,6377,3,1983-05-23,1985-08-12,5/23/1983,8/12/1985,actual,actual,812,Implemented,Unknown,2,Mbf,791,0,NA,NA,NA,NA,NA,NA,NA,Timber harvest,"All trees designated for cutting shall be cut so that the resulting stumps shall not be higher than twelve (12) inches measured from the ground on the uphill side of the trees. All snags, culls, and marginal trees designated for cutting shall be felled concurrently with all other trees designated for cutting in the partial cutting areas shown on Exhibit A. In the partial cutting area shown on Exhibit A, all trees designated for cutting shall be felled and cut into log lengths not to exceed forty (40) feet before being yarded.",NA,NA,Polygon,Confirmed,"Digitized by BLM field office personnel, using paper map",NA,239.6362613,238.5923133,Topo map digitized,Contractor,Timber harvest,NA,NA,NA,NA,NA,NA,22:11:00,5,23,1983,05,23,8,12,1985,08,12
14370,37149,Vegetation/Soil Manipulation,Slash Treatment,Slash Treatment: Slash scattering,24062,10259,6377,3,1983-05-23,1985-08-12,5/23/1983,8/12/1985,actual,actual,812,Implemented,Unknown,2,Acres,166,0,NA,NA,NA,NA,NA,NA,NA,Slash disposal,"Lop and scatter all slash, not meeting the above criteria, in the approximate area in which trees are marked for cutting shown on Exhibit A concurrently with normal felling operations. All top and side branches must be free of the central stem so that such stem is reduced to the extent that it is within twelve (12) inches of the ground at all points.",Lop and scatter,NA,Polygon,Confirmed,"Digitized by BLM field office personnel, using paper map",NA,269.2715581,268.2189341,Topo map digitized and aerial image digitized,Contractor,Timber harvest,NA,NA,NA,NA,NA,NA,28:28:00,5,23,1983,05,23,8,12,1985,08,12
14358,37122,Vegetation/Soil Manipulation,Slash Treatment,Slash Treatment: Slash piling,24037,10260,6378,3,1983-08-04,1986-01-04,8/4/1983,1/4/1986,actual,actual,884,Implemented,Unknown,1,Acres,225,0,NA,NA,NA,NA,NA,NA,NA,Slash disposal,Slash concentrations in openings larger than one acre and slash created from right-of-way clearing would be piled by the purchaser and burned by the BLM. Slash piling would be accomplished by a tractor with a special brush piling blade.,Slash disposal within contract limits,NA,Polygon,Confirmed,"Digitized by BLM field office personnel, method unknown",NA,202.6414149,190.3342417,Aerial photo digitized; topo map digitized,Contractor,Other (see related notes),The objective of this timber sale is to initiate management on 225 acres of spruce-fir timber through the harvest of approximately 1.3 million board feet of timber. This timber would be harvested by application of standard Bureau harvesting practices and silviculturally sound stand treatments that would ensure long-term productivity.,NA,NA,NA,NA,NA,00:39:00,8,4,1983,08,04,1,4,1986,01,04
14358,37123,Vegetation/Soil Manipulation,Slash Treatment,Slash Treatment: Slash scattering,24038,10261,6378,3,1983-08-04,1986-01-04,8/4/1983,1/4/1986,actual,actual,884,Implemented,Unknown,1,Acres,225,0,NA,NA,NA,NA,NA,NA,NA,Slash disposal,Remaining slash (from piling) in the cut area would be lopped and scattered to within 12 inches of the ground,Slash disposal within contract limits,NA,Polygon,Confirmed,"Digitized by BLM field office personnel, method unknown",NA,202.6414149,190.3342417,Aerial photo digitized; topo map digitized,Contractor,Other (see related notes),The objective of this timber sale is to initiate management on 225 acres of spruce-fir timber through the harvest of approximately 1.3 million board feet of timber. This timber would be harvested by application of standard Bureau harvesting practices and silviculturally sound stand treatments that would ensure long-term productivity.,NA,NA,NA,NA,NA,00:57:00,8,4,1983,08,04,1,4,1986,01,04
2324,6361,Seeding,Ground Seeding,Ground Seeding: Broadcast,4059,14042,6388,3,1968-01-01,1969-05-28,1/1/1968,5/28/1969,actual,actual,513,Implemented,Unknown,1,Acres,673,-1,Confirmed seed list,Chiuilla Mix,Seeds,Confirmed on Paper,Unknown,Overall,"There was only a general rate listed for all species combined indicated here, specific rates for each species were not possible.",NA,Cut sage brush off at ground level with a pull type rotary brush cutter drawn by a rubber tired wheel tractor.,NA,NA,Polygon,Confirmed,Digitized by LTDL data entry personnel using a confirmed map,3/9/2016,775.3196046,773.5598595,NA,BLM,"Erosion, Establishment of seeded species, Loss of vegetation, Rangeland health, Sagebrush, Sedimentation, Vegetal cover, Watershed degradation, Watershed health","To control sagebrush and remove it from competition with the good understory of native grasses that will afford better watershed protection, than the now predominant sagebrush.",None,NA,None,NA,NA,18:40:00,1,1,1968,01,01,5,28,1969,05,28
2324,6360,Vegetation/Soil Manipulation,Vegetation Disturbance,Vegetation Disturbance: Mowing,4060,14043,6388,3,1968-01-01,1969-05-28,1/1/1968,5/28/1969,actual,actual,513,Implemented,Unknown,1,Acres,673,0,NA,NA,NA,NA,NA,NA,NA,NA,Cut sage brush off at ground level with a pull type rotary brush cutter drawn by a rubber tired wheel tractor.,NA,NA,Polygon,Confirmed,Digitized by LTDL data entry personnel using a confirmed map,3/9/2016,775.3196046,773.5598595,NA,BLM,"Erosion, Establishment of seeded species, Loss of vegetation, Rangeland health, Sagebrush, Sedimentation, Vegetal cover","To control sagebrush and remove it from competition with the good understory of native grasses that will afford better watershed protection, than the now predominant sagebrush.",None,NA,None,NA,NA,21:28:00,1,1,1968,01,01,5,28,1969,05,28
1270,3584,Seeding,Aerial Seeding,Aerial Seeding,2307,14053,6392,3,1962-11-20,1962-12-08,11/20/1962,12/8/1962,actual,actual,18,Implemented,None,2,Acres,910,-1,Confirmed seed list,BLM MIX,Seeds,Confirmed on Paper,Unknown,Overall,"There was only a general rate listed for all species combined indicated here, specific rates for each species were not possible.",NA,NA,Aerially seeded to Crested Wheatgrass,NA,Polygon,Confirmed,Digitized by LTDL data entry personnel using a confirmed map,6/13/2016,1093.397055,1076.656299,acreage is off due to digitization of hand drawn map,BLM,Establishment of seeded species,NA,None,NA,None,NA,Cost for project was confirmed on paper totaling $5891.00. Cost for seeding total cost: $5.12/ac. For 910 acres totaling 5205.20. \r\nTwo separate chainings were performed one for soil preparation and one to help implement seed. \r\n$5891.00 - $5205.20 = 685.80(total chaining cost) \r\nEach chaining cost $342.90,35:21:00,11,20,1962,11,20,12,8,1962,12,08
5442,15084,Vegetation/Soil Manipulation,Soil Disturbance,Soil Disturbance: Plowing,9471,14158,6427,3,1962-06-15,1962-06-15,00/00/1962,00/00/1962,estimated month and day,estimated month and day,0,Implemented,None,1,Acres,377,0,No seed list,NA,NA,NA,NA,NA,NA,NA,Sagebrush eradication with a one-way plow.,Area cleared with one-way plow and planted to crested wheatgrass in same operation.,80% kill of sagebrush,Polygon,Confirmed,Digitized by LTDL data entry personnel using a confirmed map,1/13/2016,497.5729087,493.5389966,NA,See Cooperators List,"Establishment of seeded species, Sagebrush, Unprotected treatment area",NA,None,NA,None,NA,NA,33:37:00,00,00,1962,06,15,00,00,1962,06,15
5442,15085,Vegetation/Soil Manipulation,Vegetation Disturbance,Tree/Brush Control: Mechanical,9472,14159,6427,3,1962-06-15,1962-06-15,00/00/1962,00/00/1962,estimated month and day,estimated month and day,0,Implemented,None,1,Acres,112,0,No seed list,NA,NA,NA,NA,NA,NA,NA,Sagebrush eradication with a Marden brush cutter,Sage removed with Marden brush cutter; seeding done in same operation.,90% kill of sagebrush,Polygon,Confirmed,Digitized by LTDL data entry personnel using a confirmed map,1/13/2016,497.5729087,493.5389966,NA,See Cooperators List,"Establishment of seeded species, Sagebrush, Unprotected treatment area",NA,None,NA,None,NA,NA,35:21:00,00,00,1962,06,15,00,00,1962,06,15
5442,15086,Seeding,Seeding,Seeding,9473,14160,6427,3,1962-06-15,1962-06-15,00/00/1962,00/00/1962,estimated month and day,estimated month and day,0,Implemented,None,1,Acres,489,-1,Confirmed seed list,Crested Wheatgrass,Seeds,Confirmed on Paper,Unknown,Unknown,"The rates of seeding were different on plowed area versus area treated with Marden brush cutter. The seed mix did not indicate whether bulk or PLS rates were used, therefore, unknown has been listed and all seed mix information has been entered into the Bulk category.",NA,NA,377 acres that were cleared with one-way plow were planted to crested wheatgrass at a rate of 4.7 lbs/acre.\r\n\r\n112 acres that were cleared with Marden brush cutter were planted to crested wheatgrass at a rate of 3.5 lbs/acre.,NA,Polygon,Confirmed,Digitized by LTDL data entry personnel using a confirmed map,1/13/2016,497.5729087,493.5389966,NA,See Cooperators List,"Establishment of seeded species, Sagebrush, Unprotected treatment area",NA,None,NA,None,NA,NA,38:12:00,00,00,1962,06,15,00,00,1962,06,15
7648,20871,Vegetation/Soil Manipulation,Vegetation Disturbance,Tree/Brush Control: Mechanical,13244,14200,6441,3,1968-05-20,1968-06-21,5/20/1968,6/21/1968,actual,actual,32,Implemented,None,2,Acres,429,0,No seed list,NA,NA,NA,NA,NA,NA,NA,NA,NA,NA,Polygon,Confirmed,Digitized by LTDL data entry personnel using a confirmed map,2/1/2016,852.8232461,841.4092857,NA,NA,"Forage quality, Establishment of seeded species, Competition for resources, Sagebrush",Reduction of big sagebrush will provide more favorable conditions for native forage grasses in the area as well as the grass species to be seeded.  It will reduce competition for moisture while the brush debris will assist in retaining moisture by providing little cover.,None,NA,None,Good ground moisture at first&* then dry last 4 weeks of job.,NA,45:26:00,5,20,1968,05,20,6,21,1968,06,21
7648,20872,Vegetation/Soil Manipulation,Soil Disturbance,Soil Disturbance: Plowing,13245,14201,6441,3,1968-05-20,1968-06-21,5/20/1968,6/21/1968,actual,actual,32,Implemented,None,2,Acres,350,0,No seed list,NA,NA,NA,NA,NA,NA,NA,NA,Approx. 350 acres were plowed with the towner plow.,NA,Polygon,Confirmed,Digitized by LTDL data entry personnel using a confirmed map,2/1/2016,852.8232461,841.4092857,NA,NA,"Forage quality, Establishment of seeded species, Competition for resources, Sagebrush",Reduction of big sagebrush will provide more favorable conditions for native forage grasses in the area as well as the grass species to be seeded.  It will reduce competition for moisture while the brush debris will assist in retaining moisture by providing little cover.,None,NA,None,Good ground moisture at first&* then dry last 4 weeks of job.,NA,49:03:00,5,20,1968,05,20,6,21,1968,06,21
7648,20873,Seeding,Seeding,Seeding,13246,14202,6441,3,1968-05-20,1968-06-21,5/20/1968,6/21/1968,actual,actual,32,Implemented,None,2,Acres,779,-1,Confirmed seed list,NA,Seeds,Confirmed on Paper,Unknown,Unknown,"The seed mix did not indicate whether bulk or PLS rates were used, therefore, unknown has been listed and all seed mix information has been entered into the Bulk category. \r\n\r\n9.2 lbs/acre of seed mix were applied.",NA,NA,Till and pack seeder or rangeland drill was used behind plow.,NA,Polygon,Confirmed,Digitized by LTDL data entry personnel using a confirmed map,2/1/2016,852.8232461,841.4092857,NA,NA,"Forage quality, Establishment of seeded species, Competition for resources, Sagebrush",Reduction of big sagebrush will provide more favorable conditions for native forage grasses in the area as well as the grass species to be seeded.  It will reduce competition for moisture while the brush debris will assist in retaining moisture by providing little cover.,None,"The high seeding rate is accounted for by the fact that the seeder on the till and pack unit could not be reduced below approx. 25 lbs./acre.  70 acres were treated with this machine. \r\n\r\nJune 6, 1968:  Germination noted on first acreage treated.  There was very good ground moisture present when this area was treated, but now the soil is very dry.  May lose the seedlings on this area due to long dry spell.",None,Good ground moisture at first&* then dry last 4 weeks of job.,NA,50:48:00,5,20,1968,05,20,6,21,1968,06,21
10291,27916,Vegetation/Soil Manipulation,Vegetation Disturbance,Vegetation Disturbance: Mowing,17885,14224,6449,3,1965-11-29,1965-12-07,11/29/1965,12/7/1965,actual,actual,8,Implemented,Unknown,2,Acres,414,0,NA,NA,NA,NA,NA,NA,NA,NA,NA,Sagebrush was cut with two Marden Brush Cutters.,NA,Polygon,Confirmed,Digitized by LTDL data entry personnel using a confirmed map,2/19/2016,401.1318894,390.1227175,NA,BLM,"Erosion, Establishment of seeded species, Loss of vegetation, Rangeland health, Sedimentation, Vegetal cover","Approximately 496 acres will be brush cut with a marden brush cutter.  The area is already fenced on the north, east, and west sides.  The purpose of this project is to reduce further erosion.",None,NA,None,NA,NA,26:38:00,11,29,1965,11,29,12,7,1965,12,07
10291,27917,Seeding,Ground Seeding,Ground Seeding: Broadcast,17886,14225,6449,3,1965-11-29,1965-12-07,11/29/1965,12/7/1965,actual,actual,8,Implemented,Unknown,2,Acres,414,-1,Confirmed seed list,Chiuilla Seed Mix,Seeds,Confirmed on Paper,Unknown,Overall,"There was only a general rate listed for all species combined indicated here, specific rates for each species were not possible.",NA,NA,NA,NA,Polygon,Confirmed,Digitized by LTDL data entry personnel using a confirmed map,2/19/2016,401.1318894,390.1227175,NA,BLM,"Erosion, Establishment of seeded species, Loss of vegetation, Rangeland health, Sedimentation, Vegetal cover","Approximately 496 acres will be brush cut with a marden brush cutter.  The area is already fenced on the north, east, and west sides.  The purpose of this project is to reduce further erosion.",None,NA,None,NA,NA,29:39:00,11,29,1965,11,29,12,7,1965,12,07
14516,37351,Vegetation/Soil Manipulation,Timber,Timber: Timber Harvest,24279,14341,6488,3,1995-09-05,1996-08-27,9/5/1995,8/27/1996,actual,actual,357,Implemented,Unknown,2,Mbf,400,0,NA,NA,NA,NA,NA,NA,NA,Timber harvest,"The proposed action is to implement the Los Pinos timber sale using the uneven-aged management system through an advertised sale of approximately 1,000 MBF. An entry was made approximately in 1975 by the Los Pinos Pass timber sale. That sale removed approximately 3 MBF/ acre, and not all the volume was removed. No new roads would be constructed, only existing roads would be used and improved. Those roads have serious erosion problems and constructing water dips would lessen the problem. Some of the roads and spurs would possibly be closed, and seeded to grass native to the area. Approximately 220 acres would be partial cut using the selective cutting method. If diseases or bug-killed trees exist, the group selection method would be used. The group selection method of harvesting would create small openings in the presently closed timber canopy. The openings created would average approximately 0.3 acres in size or up to three tree heights (approximately 115 feet X 115 feet). The initial entry would concentrate on removing spruce broom rust infested trees, insect infested trees, trees with low vigor, and dying crowns.",400 MBF harvested at treatment site,NA,Polygon,Confirmed,"Digitized by BLM field office personnel, using paper map",NA,221.5859902,221.5864303,Topo map digitized,Contractor,Timber harvest,"Data from the Intensive Forest Inventory in the Cebolla\\ Rock Creek Forest Management Unit prescribes initiation of management for sustained yield timber production through a system of timber harvests for these stands. The timber stands included in this proposal are capable of producing relatively high quality Engelmann spruce and subalpine fir timber on a sustained yield basis. The Federal Land Policy and Management Act of 1976, Sec. 102. (12) states that &&the public lands be managed in a manner which recognizes the Nation&$s need for domestic sources of minerals, food, timber, and fiber from the public lands\u2026&&. The proposed timber sale is needed to meet the scheduled FY 94 regulated timber volume commitment for the Gunnison Resource Area.",NA,NA,NA,NA,NA,54:29:00,9,5,1995,09,05,8,27,1996,08,27
14516,37352,Vegetation/Soil Manipulation,Slash Treatment,Slash Treatment: Slash scattering,24280,14342,6488,3,1995-09-05,1996-08-27,9/5/1995,8/27/1996,actual,actual,357,Implemented,Unknown,2,Acres,220,0,NA,NA,NA,NA,NA,NA,NA,Slash disposal,"Gross yarding of green spruce logs greater than six inches diameter at the small end would be required for silvicultural and hazard reduction purposes, and for firewood cutters. The remaining slash would be lopped and scattered so that the main stems are within two feet of the ground.",Slash scattering,NA,Polygon,Confirmed,"Digitized by BLM field office personnel, using paper map",NA,221.5859902,221.5864303,Topo map digitized,Contractor,NA,NA,NA,NA,NA,NA,NA,54:29:00,9,5,1995,09,05,8,27,1996,08,27
14516,37353,Vegetation/Soil Manipulation,Slash Treatment,Slash Treatment: Slash piling,24281,14343,6488,3,1995-09-05,1996-08-27,9/5/1995,8/27/1996,actual,actual,357,Implemented,Unknown,0,Acres,220,0,NA,NA,NA,NA,NA,NA,NA,Slash disposal,Skid trail slash and unmerchantable logs would be piled at the landings by the purchaser and burned by the BLM after the piles are picked over by firewood cutters.,Slash piling,NA,Polygon,Confirmed,"Digitized by BLM field office personnel, using paper map",NA,221.5859902,221.5864303,Topo map digitized,Contractor,Timber harvest,"Data from the Intensive Forest Inventory in the Cebolla\\ Rock Creek Forest Management Unit prescribes initiation of management for sustained yield timber production through a system of timber harvests for these stands. The timber stands included in this proposal are capable of producing relatively high quality Engelmann spruce and subalpine fir timber on a sustained yield basis. The Federal Land Policy and Management Act of 1976, Sec. 102. (12) states that &&the public lands be managed in a manner which recognizes the Nation&$s need for domestic sources of minerals, food, timber, and fiber from the public lands\u2026&&. The proposed timber sale is needed to meet the scheduled FY 94 regulated timber volume commitment for the Gunnison Resource Area.",NA,NA,NA,NA,NA,54:30:00,9,5,1995,09,05,8,27,1996,08,27
14539,37386,Seeding,Aerial Seeding,Aerial Seeding: Fixed Wing,24314,14356,6493,3,1961-05-26,1961-06-03,5/26/1961,6/3/1961,actual,actual,8,Implemented,NA,1,Acres,1030,-1,Confirmed seed list,BLM Mix,Seeds,Confirmed on Paper,Unknown,Species Specific,NA,Aerial seed,NA,"Completion Report states ""Area seeded before chaining operation, with 7# crested wheatgrass and 2# sweet clover,\r\nby a snow agriculture plane.&&  Land Treatment report states Pinon - Juniper is the dominant plant in the area and that brush removal occurred via chaining as well with 82% Kill.",All vegetation of fair condition and thrift.,Polygon,Confirmed,Digitized by LTDL data entry personnel using a confirmed map,11/30/2016,1449.910407,1436.640577,NA,BLM,Establishment of seeded species,Chaining after aerial seeding.,NA,NA,NA,NA,NA,56:43:00,5,26,1961,05,26,6,3,1961,06,03
14539,37387,Vegetation/Soil Manipulation,Soil Disturbance,Soil Disturbance: Chaining,24315,14357,6493,3,1961-05-26,1961-06-03,5/26/1961,6/3/1961,actual,actual,8,Implemented,NA,1,Acres,1030,0,NA,NA,NA,NA,NA,NA,NA,Establish seeded species,NA,"Area chained with one pass. Completion Report states ""Area seeded before chaining operation, with 7# crested wheatgrass and 2# sweet clover,\r\nby a snow agriculture plane.&&",NA,Polygon,Confirmed,Digitized by LTDL data entry personnel using a confirmed map,11/30/2016,1449.910407,1436.640577,NA,BLM,Establishment of seeded species,Chaining after aerial seeding.,NA,NA,NA,NA,NA,56:43:00,5,26,1961,05,26,6,3,1961,06,03
14539,37388,Vegetation/Soil Manipulation,Vegetation Disturbance,Tree/Brush Control: Pinyon Juniper Removal - Mechanical Cutting,24316,14358,6493,3,1961-05-26,1961-06-03,5/26/1961,6/3/1961,actual,actual,8,Implemented,NA,1,Acres,1030,0,NA,NA,NA,NA,NA,NA,NA,PJ control,NA,Land Treatment report states Pinon - Juniper is the dominant plant in the area and that brush removal occurred via chaining. with 82% Kill.,NA,Polygon,Confirmed,Digitized by LTDL data entry personnel using a confirmed map,11/30/2016,1449.910407,1436.640577,NA,NA,Brush control,PJ,NA,NA,NA,NA,NA,56:43:00,5,26,1961,05,26,6,3,1961,06,03
6999,19230,Vegetation/Soil Manipulation,Soil Disturbance,Soil Disturbance: Chaining,12152,10976,6630,4,2009-06-01,2010-09-30,6/1/2009,9/30/2010,actual,actual,486,Implemented,None,2,Acres,276,0,NA,NA,NA,NA,NA,NA,NA,NA,"Proposed Action: The proposed action is for the continued implementation of the Spring\r\nCreek-Dry Creek Vegetation Management Strategy and Environmental Assessment.\r\nSpecifically, the proposal is to treat by Lawson Aerator* or similar equipment an area of\r\napproximately 405 acres within four large 1960s-era chainings in the Horsefly area along\r\nGovernment Springs Road (see maps). The chaining areas are primarily open early mid-seral\r\npinion-juniper woodland with the stand age < 40 years old. Trees are generally described as\r\nhaving Christmas tree form with lower limbs touching the ground and tree heights ranging from\r\n6-15 feet and bole diameters at ground height of 3-6 inches. Since the chaining area is the\r\nprimary treatment area, no trees greater than about 40 years in age will be impacted by\r\nimplementing the proposed action.\r\n*A Lawson Aerator is a tractor with two cylindrical drums equipped with a series of\r\nintermittent blades. The angle of the two drums can be oriented at varying angles to\r\nachieve the desired effect, or percentage of vegetation chopped.\r\nIn order to accomplish this, several discrete actions would occur:\r\n1. For the three chainings which lay in Sections 20-21 an area of 206 acres (60% of these\r\nthree chainings) would be treated to create early seral vegetation. The equipment would\r\nbe adjusted to maximize reduction of existing pinion/juniper and nonnative grasses\r\n(crested wheatgrass). This area would be seeded at that time with a mix of native grasses\r\nand primarily native forbs. The objective for this action, as identified in the Spring\r\nCreek/Dry Creek Strategy, is to reduce non-natives, to create small (<5 acre) patches of\r\nearly seral vegetation across 60% of the old chaining, and to avoid treating older stages\r\nof vegetation.\r\n2. 69 acres (20% of these three old chaining) would be treated to create more natural, better\r\ncondition early-mid seral vegetation. Objectives are to remove the young trees, reduce\r\nthe nonnative grasses and promote and enhance the growth of shrubs and forbs. The\r\nequipment would be set to reduce damage to existing shrubs and herbaceous vegetation\r\nwhile removing the pinion juniper, and a seed mix consisting primarily of native shrubs\r\nand forbs would be applied.\r\n3. 40 acres (25%) of the chaining in Section 16 would be treated to create early seral\r\nvegetation with the same treatment as proposed in the first action, however the objective\r\nfrom the strategy is to reduce non-natives, improve conditions, create 3-5 acre patches of\r\nearly seral on 25% of the area and avoid more mature patches of existing vegetation.\r\n4. 89 acres (55%) of the chaining in section 16 would be treated to create better condition\r\nearly-mid seral vegetation. Objectives are to remove the young trees, reduce the\r\nnonnative grasses and promote and enhance the growth of shrubs and forbs. The\r\nequipment would be set to reduce damage existing shrubs and herbaceous vegetation,\r\nand a different seed mix will be applied, and a seed mix consisting primarily of native\r\nshrubs and forbs would be applied.",Modification to an old chaining. \r\nSpot treatments with Lawson aerator...,NA,Polygon,Confirmed,"Digitized by BLM field office personnel, using a GPS unit on the ground",NA,211.7401226,185.8089263,NA,NA,Invasion by non-native annuals,"The purpose for the proposed action is to change vegetation age classes and vegetation\r\nconditions in specific amounts and patterns on BLM lands in the Lower Horsefly area of the Dry\r\nCreek and Spring Creek watersheds so that they meet, or will be on track to meet vegetation\r\nmosaic objectives. &&Vegetation Mosaic&& is the term used to describe the pattern and amounts of\r\nvegetation age classes across a landscape. There are 10 vegetation mosaic objectives on BLM\r\nlands, each specific to a major vegetation or habitat type, and each designed to promote one of\r\nthe following: 1) optimal habitat for at-risk species (Gunnison Sage Grouse), 2) optimal fuels\r\narrangement to prevent spread of wildfire into areas with residences or power transmission lines,\r\nand 3) natural ecosystem function. Only one objective applies to each part of the landscape&*\r\nwhere each objective applies is determined by the vegetation type, habitat type or presence of\r\nwildland-urban interface. The Lower Horsefly area has the second objective.\r\nThe proposed action will specifically address the reduction of standing fuels to prevent spread of\r\nwildfire into areas with residences and enhancement of natural ecosystem function.",Unknown,NA,None,NA,NA,13:53:00,6,1,2009,06,01,9,30,2010,09,30
6999,19231,Seeding,Seeding,Seeding,12153,10977,6630,4,2009-06-01,2010-09-30,6/1/2009,9/30/2010,actual,actual,486,Implemented,None,1,Acres,276,-1,Confirmed seed list,Lower Horsefly Chaining Mix,Seeds,Confirmed on Paper,Unknown,NA,NA,NA,NA,...native seed mix to reduce non-native species.,NA,Polygon,Confirmed,"Digitized by BLM field office personnel, using a GPS unit on the ground",NA,211.7401226,185.8089263,NA,NA,Invasion by non-native annuals,"The purpose for the proposed action is to change vegetation age classes and vegetation\r\nconditions in specific amounts and patterns on BLM lands in the Lower Horsefly area of the Dry\r\nCreek and Spring Creek watersheds so that they meet, or will be on track to meet vegetation\r\nmosaic objectives. &&Vegetation Mosaic&& is the term used to describe the pattern and amounts of\r\nvegetation age classes across a landscape. There are 10 vegetation mosaic objectives on BLM\r\nlands, each specific to a major vegetation or habitat type, and each designed to promote one of\r\nthe following: 1) optimal habitat for at-risk species (Gunnison Sage Grouse), 2) optimal fuels\r\narrangement to prevent spread of wildfire into areas with residences or power transmission lines,\r\nand 3) natural ecosystem function. Only one objective applies to each part of the landscape&*\r\nwhere each objective applies is determined by the vegetation type, habitat type or presence of\r\nwildland-urban interface. The Lower Horsefly area has the second objective.\r\nThe proposed action will specifically address the reduction of standing fuels to prevent spread of\r\nwildfire into areas with residences and enhancement of natural ecosystem function.",Unknown,NA,None,NA,NA,17:46:00,6,1,2009,06,01,9,30,2010,09,30
6571,18104,Vegetation/Soil Manipulation,Vegetation Disturbance,Vegetation Disturbance: Mowing,11441,14493,6672,4,1964-11-10,1964-12-02,11/10/1964,12/2/1964,actual,actual,22,Implemented,Unknown,2,Acres,700,0,NA,NA,NA,NA,NA,NA,NA,NA,NA,NA,NA,Polygon,Confirmed,Digitized by LTDL data entry personnel using a confirmed map,2/11/2016,700.5030911,694.630137,NA,BLM,"Establishment of seeded species, Loss of vegetation, Rangeland health, Sagebrush, Vegetal cover",This project will consist of sage removal and seeding of approximately 677 acres of public domain.  This should revegetate a depleted range.,None,NA,None,NA,NA,12:44:00,11,10,1964,11,10,12,2,1964,12,02
6571,18105,Seeding,Ground Seeding,Ground Seeding: Broadcast,11442,14494,6672,4,1964-11-10,1964-12-02,11/10/1964,12/2/1964,actual,actual,22,Implemented,Unknown,2,Acres,700,-1,Confirmed seed list,Largo Mix,Seeds,Confirmed on Paper,Unknown,Overall,"There was only a general rate listed for all species combined indicated here, specific rates for each species were not possible.",NA,NA,NA,NA,Polygon,Confirmed,Digitized by LTDL data entry personnel using a confirmed map,2/11/2016,700.5030911,694.630137,NA,BLM,"Establishment of seeded species, Loss of vegetation, Rangeland health, Sagebrush, Vegetal cover",This project will consist of sage removal and seeding of approximately 677 acres of public domain.  This should revegetate a depleted range.,None,NA,None,NA,NA,10:09:00,11,10,1964,11,10,12,2,1964,12,02
2327,6366,Seeding,Ground Seeding,Ground Seeding: Broadcast,4064,14527,6681,4,1965-04-26,1965-04-29,4/26/1965,4/29/1965,actual,actual,3,Implemented,Unknown,2,Acres,227,-1,Confirmed seed list,Chiuilla Yearlong Mix,Seeds,Confirmed on Paper,Unknown,Overall,"There was only a general rate listed for all species combined indicated here, specific rates for each species were not possible.",NA,NA,Broadcast by means of seeder mounted on cutter.,NA,Polygon,Confirmed,Digitized by LTDL data entry personnel using a confirmed map,2/19/2016,511.0663258,506.1010263,NA,BLM,"Erosion, Establishment of seeded species, Loss of vegetation, Rangeland health, Vegetal cover",Eliminate undesirable brush and replace with more desirable vegetation.   Brush control and seeding accomplished with the Marden Brush Cutter.,None,NA,None,NA,NA,44:33:00,4,26,1965,04,26,4,29,1965,04,29
2327,6365,Vegetation/Soil Manipulation,Vegetation Disturbance,Vegetation Disturbance: Mowing,4065,14528,6681,4,1965-04-26,1965-04-29,4/26/1965,4/29/1965,actual,actual,3,Implemented,Unknown,2,Acres,227,0,NA,NA,NA,NA,NA,NA,NA,NA,NA,Brush was cut with a marden brush cutter.,NA,Polygon,Confirmed,Digitized by LTDL data entry personnel using a confirmed map,2/19/2016,511.0663258,506.1010263,NA,BLM,"Brush control, Erosion, Establishment of seeded species, Loss of vegetation, Rangeland health, Vegetal cover",Eliminate undesirable brush and replace with more desirable vegetation.   Brush control and seeding accomplished with the Marden Brush Cutter.,None,NA,None,NA,NA,46:20:00,4,26,1965,04,26,4,29,1965,04,29
5257,14567,Vegetation/Soil Manipulation,Vegetation Disturbance,Tree/Brush Control: Mechanical,9148,14605,6700,4,1955-10-10,1955-11-25,10/10/1955,11/25/1955,actual,actual,46,Implemented,None,2,Acres,494,0,No seed list,NA,NA,NA,NA,NA,NA,NA,NA,494 acres cleared of sage.  Two one-way plows pulled by D-8.,Approximately 85% kill on sagebrush.,Polygon,Confirmed,Digitized by LTDL data entry personnel using a confirmed map,12/28/2015,652.3791826,650.6306867,NA,NA,"Establishment of seeded species, Sagebrush, Erosion",Control erosion and improve range,None,NA,None,Soil moisture moderate when operation started.,NA,03:15:00,10,10,1955,10,10,11,25,1955,11,25
5257,14568,Seeding,Seeding,Seeding,9149,14606,6700,4,1955-10-10,1955-11-25,10/10/1955,11/25/1955,actual,actual,46,Implemented,See Comments,2,Acres,494,-1,Confirmed seed list,Crested Wheatgrass,Seeds,Confirmed on Paper,Unknown,Unknown,"The seed mix did not indicate whether bulk or PLS rates were used, therefore, unknown has been listed and all seed mix information has been entered into the Bulk category.",NA,NA,494 acres planted to crested wheat grass.  Grass seed broadcast from box mounted on one-way plow doing clearing.,"A 1979 inspection indicates some invasion of big sage; otherwise it is successful with good density of AGCR.  ""Good&& success or condition of improvement, according to 1979 inspection.",Polygon,Confirmed,Digitized by LTDL data entry personnel using a confirmed map,12/28/2015,652.3791826,650.6306867,NA,NA,"Establishment of seeded species, Sagebrush, Erosion",Control erosion and improve range,None,NA,None,Soil moisture moderate when operation started.  15&& snow fell immediately following completion.,Cost includes clearing treatment.,07:47:00,10,10,1955,10,10,11,25,1955,11,25
9812,26617,Vegetation/Soil Manipulation,Soil Disturbance,Soil Disturbance: Rollerchopping,17006,11774,6800,5,2001-01-01,2001-07-15,1/1/2001,7/15/2001,actual,actual,195,Implemented,None,1,Acres,1700,0,NA,NA,NA,NA,NA,NA,NA,...enhance mule winter range primarily and elk winter range secondarily...,This project will consist of roller chopping invading pinyon/juniper trees and shrubs in the\r\nold chained area and seeding with the provided seed mix.,This was a hazardous fuels reduction project done to enhance mule winter range primarily and elk winter range secondarily ..\r\n Project area was 1700 acres in size.,NA,Polygon,Confirmed,"Digitized by BLM field office personnel, using computer program from aerial imagery",NA,2414.661863,2354.043077,NA,BLM and Cooperators,"Rangeland health, Habitat for mule deer, Habitat for elk",NA,Unknown,NA,None,NA,NA,26:00:00,1,1,2001,01,01,7,15,2001,07,15
9812,26618,Seeding,Ground Seeding,Ground Seeding: Broadcast,17007,11775,6800,5,2001-01-01,2001-07-15,1/1/2001,7/15/2001,actual,actual,195,Implemented,None,1,Acres,1700,-1,No seed list,NA,NA,NA,NA,NA,NA,...enhance mule winter range primarily and elk winter range secondarily...,This project will consist of roller chopping invading pinyon/juniper trees and shrubs in the\r\nold chained area and seeding with the provided seed mix.,The project area was seeded by a broadcast seeder attached to the D-9 dozer while it traversed the area. The original chaining was done in 1965.,NA,Polygon,Confirmed,"Digitized by BLM field office personnel, using computer program from aerial imagery",NA,2414.661863,2354.043077,NA,NA,"Rangeland health, Habitat for mule deer, Habitat for elk",NA,Unknown,NA,None,NA,NA,34:28:00,1,1,2001,01,01,7,15,2001,07,15
1880,5175,Herbicide/Weeds/Chemical,Herbicide,Noxious Weeds: Weed Control - Herbicide Application,3356,19528,9789,2,1963-05-20,1963-11-16,5/20/1963,11/16/1963,actual,actual,180,Implemented,Unknown,2,Acres,5434,0,NA,NA,NA,NA,NA,NA,NA,Control sagebrush.,Aerially apply herbicide.,Spraying was done with twin engine Beech aircraft with 500 gal tank capacity.,NA,Polygon,Confirmed,Digitized by LTDL data entry personnel using a map of unknown origin,6/1/2010,7423.203512,7423.203512,NA,NA,None,NA,None,NA,None,NA,NA,26:16:00,5,20,1963,05,20,11,16,1963,11,16
1880,5176,Seeding,Drill Seeding,Ground Seeding: Drill,3357,19529,9789,2,1963-05-20,1963-11-16,5/20/1963,11/16/1963,actual,actual,180,Implemented,Unknown,2,Acres,2700,-1,Confirmed seed list,drill mix,Seeds,Confirmed on Paper,NA,Species Specific,NA,NA,NA,NA,NA,Polygon,Confirmed,Digitized by LTDL data entry personnel using a map of unknown origin,6/1/2010,2636.711925,2636.711925,NA,BLM and Cooperators,None,NA,None,NA,None,NA,NA,26:04:00,5,20,1963,05,20,11,16,1963,11,16
8496,23240,Vegetation/Soil Manipulation,Soil Disturbance,Soil Disturbance: Plowing,14823,20166,9850,2,1966-10-11,1967-03-03,10/11/1966,3/3/1967,actual,actual,143,Implemented,None,0,Acres,3867,0,NA,NA,NA,NA,NA,NA,NA,Plow the area twice to prepare the seed bed,NA,NA,NA,Polygon,Confirmed,Not Determined,NA,3008.864636,2781.473203,NA,NA,None,NA,None,NA,None,NA,NA,03:55:00,10,11,1966,10,11,3,3,1967,03,03
8496,23241,Seeding,Drill Seeding,Ground Seeding: Drill,14824,20167,9850,2,1966-10-11,1967-03-03,10/11/1966,3/3/1967,actual,actual,143,Implemented,None,2,Acres,3867,-1,Confirmed seed list,Drill Seed Mix,Seeds,Confirmed on Paper,Unknown,Species Specific,NA,establish native grasses,NA,NA,NA,Polygon,Confirmed,Not Determined,NA,3008.864636,2781.473203,NA,NA,None,NA,None,NA,None,NA,NA,04:54:00,10,11,1966,10,11,3,3,1967,03,03
9064,24710,Vegetation/Soil Manipulation,Vegetation Disturbance,Vegetation Disturbance: Mechanical Thinning,15775,20202,9852,2,1959-08-15,1959-11-15,8/15/1959,11/15/1959,actual,actual,92,Implemented,None,2,Acres,1200,0,NA,NA,NA,NA,NA,NA,NA,Prepare seed bed for drilling,NA,NA,NA,Polygon,Confirmed,Not Determined,NA,3656.551326,3550.09409,NA,NA,None,NA,None,NA,None,NA,NA,52:03:00,8,15,1959,08,15,11,15,1959,11,15
9064,24711,Seeding,Drill Seeding,Ground Seeding: Drill,15776,20203,9852,2,1959-08-15,1959-11-15,8/15/1959,11/15/1959,actual,actual,92,Implemented,None,2,Acres,1200,-1,Confirmed seed list,Drill Seed Mix,Seeds,Confirmed on Paper,Unknown,Species Specific,NA,Improve forage and reduce the likely hood of an invasion of noxious/invasive weeds,NA,NA,NA,Polygon,Confirmed,Digitized by LTDL data entry personnel using a map of unknown origin,NA,3656.551326,3550.09409,NA,NA,None,NA,None,NA,None,NA,NA,53:15:00,8,15,1959,08,15,11,15,1959,11,15
4132,11592,Vegetation/Soil Manipulation,Vegetation Disturbance,Tree/Brush Control: Pinyon Juniper Removal - Hand Cutting,7193,59359,9972,4,2009-06-15,2009-06-15,00/00/2009,00/00/2009,estimated month and day,estimated month and day,0,Implemented,None,2,Acres,10,0,NA,NA,NA,NA,NA,NA,NA,"1. Reduce fuel loading by thinning ladder fuels on upland sites to acceptable levels while decreasing the potential of a catastrophic fire.\r\n2. Reintroduce low intensity underburns after fuel accumulation has been removed to encourage healthy ponderosa pine stands.\r\n3. Reinforce existing roads that border Forest Service and private lands and can be used as fuel breaks to help control the size of wildfires.\r\n4. Increase the density of desirable shrubs, grasses and forbs to maintain and enhance the diversity of species and habitat types.\r\n5. Design treatment areas to promote mosaic patterns with irregular edges that would maximize the value of the area for wildlife habitat and mimic historic wildfire patterns.\r\n6. Identify and preserve areas and individuals considered old growth western juniper (greater than 200 years old).",NA,NA,NA,Polygon,Confirmed,Digitized by LTDL data entry personnel using a map of unknown origin,6/29/2010,823.862699,382.0313075,"The 2009 treatments occurred somewhere within the project boundary, but the specific area was not specified,  perhaps because the actual acreage treated was so small.",NA,None,NA,None,NA,None,NA,NA,12:28:00,00,00,2009,06,15,00,00,2009,06,15
4132,11593,Vegetation/Soil Manipulation,Slash Treatment,Slash Treatment: Slash piling,7194,59360,9972,4,2009-06-15,2009-06-15,00/00/2009,00/00/2009,estimated month and day,estimated month and day,0,Implemented,None,2,Acres,3,0,NA,NA,NA,NA,NA,NA,NA,"1. Reduce fuel loading by thinning ladder fuels on upland sites to acceptable levels while decreasing the potential of a catastrophic fire.\r\n2. Reintroduce low intensity underburns after fuel accumulation has been removed to encourage healthy ponderosa pine stands.\r\n3. Reinforce existing roads that border Forest Service and private lands and can be used as fuel breaks to help control the size of wildfires.\r\n4. Increase the density of desirable shrubs, grasses and forbs to maintain and enhance the diversity of species and habitat types.\r\n5. Design treatment areas to promote mosaic patterns with irregular edges that would maximize the value of the area for wildlife habitat and mimic historic wildfire patterns.\r\n6. Identify and preserve areas and individuals considered old growth western juniper (greater than 200 years old).",NA,NA,NA,Polygon,Confirmed,Digitized by LTDL data entry personnel using a map of unknown origin,6/29/2010,823.862699,382.0313075,"The 2009 treatments occurred somewhere within the project boundary, but the specific area was not specified,  perhaps because the actual acreage treated was so small.",NA,None,NA,None,NA,None,NA,NA,15:40:00,00,00,2009,06,15,00,00,2009,06,15
7086,19427,Vegetation/Soil Manipulation,Vegetation Disturbance,Tree/Brush Control: Mechanical,12291,59687,9977,4,1988-09-01,1988-11-30,9/1/1988,11/30/1988,actual,actual,90,Implemented,Successful,1,Acres,1600,0,No seed list,NA,NA,NA,NA,NA,NA,Reseed the Madeline pasture.,"The disking operation will concentrate activities only in the desirable soil types\r\n(loamy- stony loam) and will avoid the alkali patches. In addition, special effort will be taken to avoid the patches of perennial grasses that occur throughout. This will reduce soil disturbance as well as reduce mortality on native grasses.","Big sagebrush was disked.  Wet conditions prevented completion of the entire 2000 acres.\r\nAs of 1990, the project was considered a success.",NA,Polygon,Confirmed,Digitized by LTDL data entry personnel using a confirmed map,5/5/2011,2128.80419,761.2129471,"This shapefile was created from a map in the project summary.  Because of the wet condition during treatment, the entire treatment was not completed.  This map may represent the entire treatment rathe",NA,Provide forage for livestock,Improve Livestock Forage,None,NA,Very wet,NA,This treatment was chosen over brush control with a dozer and prescribed burning because of drought conditions and a lack of fine fuels.,38:24:00,9,1,1988,09,01,11,30,1988,11,30
7086,19428,Seeding,Seeding,Seeding,12292,59688,9977,4,1988-09-01,1988-11-30,9/1/1988,11/30/1988,actual,actual,90,Implemented,None,1,Acres,1600,-1,Confirmed seed list,Madeline Disk and Seeding 1987 Mix,Seeds,Confirmed on Paper,NA,Species Specific,"The seed mix did not indicate whether bulk or PLS rates were used, therefore, unknown has been listed and all seed mix information has been entered into the Bulk category.  No seeding rates were specified for the seed list.",Seed treatment area after discing; increase livestock forage.,"Once disking is completed in September 1988, seeding approximately 2,000 acres will begin. The seeding will concentrate in the disked areas; however, we will inner seed through the undisturbed sagebrush patches in hopes of establishing perennial grasses again.","Approximately 1600 acres were disked and seeded in October and November of 1988 when weather conditions (wet) prevented completing the proposed 2000 acres.\r\nAs of 1990, the project was considered a success.",NA,Polygon,Confirmed,Digitized by LTDL data entry personnel using a confirmed map,5/5/2011,2128.80419,761.2129471,"This shapefile was created from a map in the project summary.  Because of the wet condition during treatment, the entire treatment was not completed.  This map may represent the entire treatment rathe",NA,"Provide forage for livestock, Establishment of seeded species","Improve Livestock Forage, Establish seeded species",None,NA,Very wet,NA,NA,38:24:00,9,1,1988,09,01,11,30,1988,11,30
4627,12924,Vegetation/Soil Manipulation,Soil Disturbance,Soil Disturbance: Plowing,8097,19804,55754,2,1968-10-24,1969-04-20,10/24/1968,4/20/1969,actual,actual,178,Implemented,None,1,Acres,880,0,NA,NA,NA,NA,NA,NA,NA,"1. Rehabilitation to assist in control of water and wind erosion in addition to providing useable forage where little now exists.\r\n\r\n2. Revegetation to aid in rotation of season of use from other patures in the operation, thereby improving overall range condition.",Plowing approximately 880 acres of range land and seeding it to crested wheatgrass and other adapted species.,NA,NA,Polygon,Confirmed,Not Determined,NA,899.4133395,679.0587687,NA,NA,None,NA,None,NA,None,NA,NA,46:34:00,10,24,1968,10,24,4,20,1969,04,20
4627,12925,Seeding,Ground Seeding,Ground Seeding,8098,19805,55754,2,1968-10-24,1969-04-20,10/24/1968,4/20/1969,actual,actual,178,Implemented,None,1,Acres,880,-1,Planned seed list,NA,Seeds,Plan,NA,NA,"Other species may have been planted, but were not specified.","1. Rehabilitation to assist in control of water and wind erosion in addition to providing useable forage where little now exists.\r\n\r\n2. Revegetation to aid in rotation of season of use from other patures in the operation, thereby improving overall range condition.",Plowing approximately 880 acres of range land and seeding it to crested wheatgrass and other adapted species.,NA,NA,Polygon,Confirmed,Not Determined,NA,899.4133395,679.0587687,NA,NA,None,NA,None,NA,None,NA,NA,49:08:00,10,24,1968,10,24,4,20,1969,04,20
6194,17121,Vegetation/Soil Manipulation,Soil Disturbance,Soil Disturbance: Chaining,10780,19940,55776,2,1961-11-08,1963-03-27,11/8/1961,3/27/1963,actual,actual,504,Implemented,Successful,2,Acres,550,0,NA,NA,NA,NA,NA,NA,NA,The burned area contains many snags and partially dead trees and is being invaded by rabbitbrush. Chaining to remove juniper and sagebrush to prepare seed bed for seeding of crested wheatgrass and Whitmar wheatgrass.,NA,The brush removal measures were effective in elimination of juniper and sagebrush.,Juniper kill 80% and 75% on sage.,Polygon,Confirmed,Not Determined,NA,437.1958302,437.1982505,NA,NA,None,NA,None,NA,None,NA,NA,45:45:00,11,8,1961,11,08,3,27,1963,03,27
6194,17123,Seeding,Drill Seeding,Ground Seeding: Drill,10781,19941,55776,2,1961-11-08,1963-03-27,11/8/1961,3/27/1963,actual,actual,504,Implemented,Successful,2,Acres,550,-1,Confirmed seed list,NA,Seeds,Confirmed on Paper,NA,Species Specific,"The other species of wheatgrass used was referred to as Whitmar wheatgrass in the documents, but that name did not exist in the lists in the database.  The common name was Googled to find a species name, which may or may not be the exact species the common name refers to.",Restore grasses to area.,It was drilled with a rangeland drill and sandy soil was drilled with an Oregon Press.  Crested wheatgrass was seeded in the lower sandy areas and Whitmar wheatgrass in the higher bluebunch wheatgrass sites.,Field inspections in the spring of 1962 revealed good emergence of both species and further inspection in the spring of 1963 revealed a good stand establishment.,The stand of grass is maintaining soil stability.  Erosion by wind is reduced.,Polygon,Confirmed,Not Determined,NA,437.1958302,437.1982505,NA,NA,None,NA,None,NA,None,NA,NA,47:06:00,11,8,1961,11,08,3,27,1963,03,27
8501,23249,Herbicide/Weeds/Chemical,Herbicide,Noxious Weeds: Weed Control - Herbicide Application,14831,20168,55806,2,1963-06-10,1963-11-20,6/10/1963,11/20/1963,actual,actual,163,Implemented,None,2,Acres,5000,0,NA,NA,NA,NA,NA,NA,NA,Control big sagebrush and rabbitbrush.,Aerially spray herbicide on project area.,"Vegetative type: 4 Artr-(Chui)-Sihy-Brte requiring chemical of 3 lbs per acres for big sagebrush and rabbitbrush. (2-4-D Iso octyl ester at 9.48 lbs per gal of which 6 lbs is 2,4-D acid) Chemical was mixed with 4.5 fals of diesel to .5 gal 2,4-D =5 gal per acre application mixture. Spraying was done with double winged Steerman Aircraft with 180 gal capacity. Chemical and application for 5000 acres @ 3.42 = 17,100.00 total cost per acres was $3.56.",NA,Polygon,Confirmed,Digitized by LTDL data entry personnel using a map of unknown origin,6/2/2010,6222.253704,4940.628809,NA,Contractor,Noxious Weeds,"This project, at least initially, was intended to control sagebrush and rabbitbrush.",None,NA,None,NA,NA,51:50:00,6,10,1963,06,10,11,20,1963,11,20
8501,23255,Seeding,Drill Seeding,Ground Seeding: Drill,14832,20169,55806,2,1963-10-01,1963-11-20,10/1/1963,11/20/1963,actual,actual,50,Implemented,Partially Successful,2,Acres,5000,-1,Confirmed seed list,NA,Seeds,Confirmed on Paper,NA,Species Specific,NA,Control big sagebrush and rabbitbrush.,Drill seed treatment area with drag chains.,Seeded October and November 1963 with rangeland drills at 7.57 lbs. per acre. Chain drags were used with moderate success. Three-drill toolbars were used on this project and proved to be a success. A second man was utilized on each caterpillar to watch the drills at all times. \r\n\r\nA 1966 visit to the site revealed most of the treatment area was a fair-good stand of crested wheatgrass.,NA,Polygon,Confirmed,Digitized by LTDL data entry personnel using a map of unknown origin,6/2/2010,6222.253697,4940.628795,NA,NA,Noxious Weeds,"This project, at least initially, was intended to control sagebrush and rabbitbrush.",None,NA,None,NA,The total cost of treatments 1 and 2 was $7.41 per acre.,02:51:00,10,1,1963,10,01,11,20,1963,11,20
961,2628,Seeding,Drill Seeding,Ground Seeding: Drill,1701,34113,55894,3,2002-01-15,2002-01-15,1/00/2002,1/00/2002,estimated day,estimated day,0,Implemented,Unknown,1,Acres,1496.42,-1,Confirmed seed list,NA,Seeds,Confirmed on Paper,Unknown,Unknown,NA,NA,"Initially the Big Stick fire was seeded in the fall of 2001 following the fire. Four seed mixtures were used on different areas of the fire. A total of 3.640 acres were drilled and 7,190 acres were aerial seeded with big sagebrush. The drilled seed was a mixture of crested wheatgrass and several native species.","Because of the extremely low establishment of perennials, introduced annual plants dominated the site. No sagebrush seedlings were found within plots, but isolated individuals could be found upon extensive search. It is not clear if these individuals were from seeding or from the natural seedbank. Annual sunflower and Lewis flax did establish in patches and were highly visible due to their showy flowers. However, they did not comprise a significant portions of the plots.\r\n\r\nThe area is currently being reseeded following an interdisciplinary review of the initial seeding was determined not to meet management objectives. Results from this seeding will be monitored by range staff and the Fire Ecologist.","Few to no native species established from seed. Patches of crested wheatgrass did establish, but only in depressions.",Polygon,Confirmed,"Digitized by BLM field office personnel, method unknown",NA,1543.529512,1543.531663,NA,Contractor,None,NA,None,NA,None,NA,NA,22:06:00,1,00,2002,01,15,1,00,2002,01,15
961,2632,Seeding,Aerial Seeding,Aerial Seeding,1705,34114,55894,3,2002-01-15,2002-01-15,1/00/2002,1/00/2002,estimated day,estimated day,0,Implemented,See Comments,1,Acres,7190,-1,Confirmed seed list,NA,Seeds,Confirmed on Paper,Unknown,Unknown,Based on GIS attributes.,NA,"Initially the Big Stick fire was seeded in the fall of 2001 following the fire. Four seed mixtures were used on different areas of the fire. A total of 3.640 acres were drilled and 7,190 acres were aerial seeded with big sagebrush. The drilled seed was a mixture of crested wheatgrass and several native species.\r\n\r\nAerial seeding occurred during January 2002 with a light snow cover over part of the area.","Few to no native species established from seed. Patches of crested wheatgrass did establish, but only in depressions. Because of the extremely low establishment of perennials, introduced annual plants dominated the site.\r\n\r\nInitial seeding did not meet management objectives. Less than one plant per 10 ft2 established across the seeded area. No sagebrush seedlings could be found in area that could be attributed to aerial seeding.","Few to no native species established from seed. Patches of crested wheatgrass did establish, but only in depressions. Because of the extremely low establishment of perennials, introduced annual plants dominated the site.",Polygon,Confirmed,"Digitized by BLM field office personnel, method unknown",NA,7114.632017,7020.226354,NA,Contractor,None,NA,None,NA,Snow on Ground,Aerial seeding occurred during January 2002 with a light snow cover over part of the area.,Sagebrush Seeding.,04:21:00,1,00,2002,01,15,1,00,2002,01,15
4531,12680,Vegetation/Soil Manipulation,Soil Disturbance,Soil Disturbance: Chaining,7912,34579,55921,3,1951-11-05,1951-12-06,11/5/1951,12/6/1951,actual,actual,31,Implemented,None,2,Acres,1763,0,NA,NA,NA,NA,NA,NA,NA,Chained to cover seed.,NA,Covered by heavy chain and brush drag,NA,Polygon,Confirmed,"Digitized by BLM field office personnel, method unknown",NA,1370.124913,1352.277834,NA,NA,None,NA,None,NA,None,NA,NA,13:38:00,11,5,1951,11,05,12,6,1951,12,06
4531,12681,Vegetation/Soil Manipulation,Soil Disturbance,Soil Disturbance: Plowing,7913,34580,55921,3,1951-11-05,1951-12-06,11/5/1951,12/6/1951,actual,actual,31,Implemented,None,2,Acres,1763,0,NA,NA,NA,NA,NA,NA,NA,NA,NA,"Once over with 24 foot- 26"" disk special designed A.C. tandem-disk plow",Resulted in 85-90% brush kill.,Polygon,Confirmed,"Digitized by BLM field office personnel, method unknown",NA,1370.124913,1352.277834,NA,NA,Provide forage for livestock,Year long grazing by excessive numbers of livestock with particularly heavy use in early spring. Slight to moderate sheet erosion.,None,NA,None,NA,NA,42:45:00,11,5,1951,11,05,12,6,1951,12,06
8501,23250,Vegetation/Soil Manipulation,Soil Disturbance,Soil Disturbance: Discing,14838,59847,56070,4,2005-02-01,2005-03-30,2/1/2005,3/30/2005,actual,actual,57,Implemented,None,1,Acres,320,0,NA,NA,NA,NA,NA,NA,NA,Maintenance of crested wheatgrass seeding within the Paisley Flat allotment.,Mowed in mosaic patterns to optimize potential sage grouse habitat in areas with significant sagebrush overstory.,Disked and reseeded with crested 320 acres in the SW pasture.,NA,Polygon,Confirmed,Digitized by LTDL data entry personnel using a map of unknown origin,6/2/2010,429.1727713,429.1727713,NA,NA,None,NA,None,NA,None,NA,NA,52:34:00,2,1,2005,02,01,3,30,2005,03,30
8501,23251,Seeding,Seeding,Seeding,14839,59848,56070,4,2005-02-01,2005-03-30,2/1/2005,3/30/2005,actual,actual,57,Implemented,None,1,Acres,320,-1,Confirmed seed list,NA,Seeds,Confirmed on Paper,NA,Unknown,The Botanical Clearance Request states crested wheatgrass would be planted.,Maintenance of crested wheatgrass seeding within the Paisley Flat allotment.,Seeded in mosaic patterns to optimize potential sage grouse habitat in areas with significant sagebrush overstory.,Reseeded with crested 320 acres in the SW pasture. Wed spring seeding looked like it will have high success at this point.,NA,Polygon,Confirmed,Digitized by LTDL data entry personnel using a map of unknown origin,6/2/2010,429.1727713,429.1727713,NA,NA,Noxious Weeds,"This project, at least initially, was intended to control sagebrush and rabbitbrush.",None,NA,None,NA,NA,57:27:00,2,1,2005,02,01,3,30,2005,03,30
4533,12688,Vegetation/Soil Manipulation,Soil Disturbance,Soil Disturbance: Plowing,7919,90442,56123,5,1957-10-02,1958-10-20,10/2/1957,10/20/1958,actual,actual,383,Implemented,None,1,Acres,760,0,NA,NA,NA,NA,NA,NA,NA,To further reduce competition and restore rangeland.,NA,Project plowed and seeded to Crested wheatgrass in 1954 but considered failure in 1957. It was decided to farm for a year to reduce competition and prepare seedbed. Plowed again in spring 1957.,NA,Polygon,Confirmed,"Digitized by BLM field office personnel, method unknown",NA,680.4716012,383.8007156,NA,NA,"Erosion, Provide forage for livestock",The area has been heavily grazed and depleted the Federal Lands. Seeding will increase the carrying capacity and arrest erosion.,None,NA,None,NA,NA,55:52:00,10,2,1957,10,02,10,20,1958,10,20
4533,12689,Seeding,Seeding,Seeding,7920,90443,56123,5,1957-10-02,1958-10-20,10/2/1957,10/20/1958,actual,actual,383,Implemented,None,1,Acres,760,-1,Confirmed seed list,Rye Grass Seeding,Seeds,Confirmed on Paper,Unknown,Unknown,NA,NA,NA,Planted to rye grass and then crested wheat was drilled in stubble begining during January 1958 and completed March 1958.,NA,Polygon,Confirmed,"Digitized by BLM field office personnel, method unknown",NA,680.4716012,383.8007156,NA,NA,"Erosion, Provide forage for livestock",The area has been heavily grazed and depleted the Federal Lands. Seeding will increase the carrying capacity and arrest erosion.,None,NA,None,NA,NA,56:02:00,10,2,1957,10,02,10,20,1958,10,20
4533,12690,Seeding,Drill Seeding,Ground Seeding: Drill,7921,90444,56123,5,1957-10-02,1958-10-20,10/2/1957,10/20/1958,actual,actual,383,Implemented,None,1,Acres,760,-1,Confirmed seed list,Drill Crested Mix,Seeds,Confirmed on Paper,Unknown,Unknown,NA,NA,NA,Planted to rye grass and then crested wheat was drilled in stubble beginning during January 1958 and completed March 1958.,NA,Polygon,Confirmed,"Digitized by BLM field office personnel, method unknown",NA,680.4716012,383.8007156,NA,NA,"Erosion, Provide forage for livestock",The area has been heavily grazed and depleted the Federal Lands. Seeding will increase the carrying capacity and arrest erosion.,None,NA,None,NA,NA,56:18:00,10,2,1957,10,02,10,20,1958,10,20
12067,32622,Seeding,Seeding,Seeding,20976,124179,56193,6,1965-10-25,1965-12-09,10/25/1965,12/9/1965,actual,actual,45,Implemented,None,2,Acres,790,-1,Confirmed seed list,1965 Seed Mix,Seeds,Confirmed on Paper,Unknown,Species Specific,NA,Seeding was needed to obtain necessary grass cover.,NA,NA,NA,Polygon,Confirmed,Not Determined,NA,750.9649051,749.3592794,NA,NA,None,NA,None,NA,None,NA,NA,32:11:00,10,25,1965,10,25,12,9,1965,12,09
12067,32623,Seeding,Drill Seeding,Ground Seeding: Drill,20977,124180,56193,6,1965-10-25,1965-12-09,10/25/1965,12/9/1965,actual,actual,45,Implemented,None,2,Acres,790,-1,Confirmed seed list,1965 Drill Mix,Seeds,Confirmed on Paper,Unknown,Species Specific,NA,NA,NA,NA,NA,Polygon,Confirmed,Not Determined,NA,750.9649051,749.3592794,NA,NA,None,NA,None,NA,None,NA,NA,36:42:00,10,25,1965,10,25,12,9,1965,12,09
555,1468,Closure/Exclosure,Closure,"Closures (OHV, Livestock, Area): Area Closure",958,272400,56459,3,2008-06-15,2008-06-15,00/00/2008,00/00/2008,estimated month and day,estimated month and day,0,Implemented,None,1,Acres,3604,0,NA,NA,NA,NA,NA,NA,NA,Manage livestock to ensure stabilization monitoring objectives are achieved.,The potential for success and effectiveness of the seeding increases if livestock grazing is prohibited on the burned area.,Random field visits.,Livestock were found in trespass with every visit to the project area (3).\r\nRange was notified.,Polygon,Confirmed,"Digitized by BLM field office personnel, method unknown",NA,6446.78283,3610.533047,NA,BLM and Cooperators,"Habitat for sage grouse, Erosion, Invasion by Cheatgrass, Noxious Weeds, Habitat for mule deer","The Barrel Springs Fire started by lightning on July 16, 2007. The fire burned approximately\r\n3,604 acres of public lands and was contained on July 21st, 2007. The Barrel Springs Fire burned important Mule Deer winter range.\r\nProposed Burned Area Rehabilitation Treatments:\r\n\r\no Burned areas closed to livestock grazing within portions of the Star Peak and Dolly\r\nHayden allotments for 2 years or until monitoring stabilization objectives are met.\r\n\r\no Aerial seed 3,490 acres of upper slope burn areas utilizing fixed winged aircraft.\r\n\r\no Conduct 25 acres of noxious weed inventory and treat noxious weeds with BLM\r\napproved herbicides, as necessary.",None,NA,None,NA,NA,49:53:00,00,00,2008,06,15,00,00,2008,06,15
4200,11757,Vegetation/Soil Manipulation,Soil Disturbance,Soil Disturbance: Plowing,7303,270336,58434,2,1965-08-16,1966-03-09,8/16/1965,3/9/1966,actual,actual,205,Implemented,See Comments,2,Acres,1472,0,NA,NA,NA,NA,NA,NA,NA,NA,NA,Project consisted of plowing with Brushland plows in the Fall.,Brush kill appears to be close to 90%,Polygon,Confirmed,"Digitized by BLM field office personnel, method unknown",NA,881.2847998,872.2282034,NA,NA,None,NA,None,NA,None,NA,NA,11:47:00,8,16,1965,08,16,3,9,1966,03,09
4200,11758,Seeding,Drill Seeding,Ground Seeding: Drill,7304,270337,58434,2,1965-08-16,1966-03-09,8/16/1965,3/9/1966,actual,actual,205,Implemented,None,2,Acres,1472,-1,Confirmed seed list,Drill Mix,Seeds,Confirmed on Paper,Unknown,Species Specific,"Pure: 91%, cost of seed/acre: .91$, Germ: 85%",NA,NA,Seeded with rangeland drills in the Spring of 1966. Low moisture so the needs did not germinate.,NA,Polygon,Confirmed,"Digitized by BLM field office personnel, method unknown",NA,881.2847998,872.2282034,NA,NA,None,NA,None,NA,None,NA,NA,13:23:00,8,16,1965,08,16,3,9,1966,03,09
9135,24863,Herbicide/Weeds/Chemical,Weeds,Noxious Weeds: Weed Detection,15867,270908,58526,2,2007-06-21,2008-06-21,6/21/2007,6/21/2008,actual,actual,366,Implemented,Partially Successful,1,None,NA,0,NA,NA,NA,NA,NA,NA,NA,"Inventory, identify and treat new and known noxious weed locations to prevent the expansion of current populations for three years following fire containment.",NA,The Pueblo fire area was inventoried and spot treated by the Harney County Weeds Taskforce. Weeds were treated in July and August of 2007 across the fire. Locations of noxious weeds were recorded in the GIS database and compared to prior information. New populations were noted and all treated areas will be revisited in 2008,Treatment occurred in the summer of 2007. Effectiveness will be assessed in the spring of 2008.,Polygon,Confirmed,"Digitized by BLM field office personnel, method unknown",NA,68237.55788,62057.10397,NA,BLM and Cooperators,"Invasive species, Noxious weeds","Inventory, identify and treat new and known noxious weed locations to prevent the expansion of current populations for three years following fire containment.",None,NA,None,NA,NA,18:00:00,6,21,2007,06,21,6,21,2008,06,21
9135,24861,Herbicide/Weeds/Chemical,Herbicide,Noxious Weeds: Weed Control - Herbicide Application,15871,270909,58526,2,2007-06-21,2008-06-21,6/21/2007,6/21/2008,actual,actual,366,Implemented,Partially Successful,1,Acres,200,0,NA,NA,NA,NA,NA,NA,NA,"Inventory, identify, and treat new and known noxious weed locations to prevent the\r\nexpansion of current infestations for three years following fire containment.",NA,The burned area was inventoried by the Harney County Strategic Weeds Attack Team (SWAT). The team inventories and spot treat weeds under a cooperative agreement with the BLM and Harney County. An area of scotch thistle (200ac) was found and treated from the air with rot[a]rotory wing aircraft.,The area was treated with an aerial contract for weeds spraying in 2008. An area of about 200 ac of Scotch thistle was treated. Treatment was effective at reducing the density and cover of the thistle. Treated areas were revisited in 2009 and spot treated to further reduce infestation,Polygon,Confirmed,"Digitized by BLM field office personnel, method unknown",NA,55950.75,51792.18,NA,Contractor,Noxious weeds,Prevent the\r\nexpansion of current infestations.,None,NA,None,NA,Herbicide data based on GIS attribute tables.,44:01:00,6,21,2007,06,21,6,21,2008,06,21
9573,26013,Seeding,Ground Seeding,Ground Seeding: Broadcast,16594,270954,58536,2,1952-05-15,1952-10-15,5/00/1952,10/00/1952,estimated day,estimated day,153,Implemented,Successful,2,Acres,5473,-1,Confirmed seed list,NA,Seeds,Confirmed on Paper,NA,Species Specific,NA,"Control halogeton, improve livestock forage.\r\nThis reseeding will decrease the grazing load on adjacent perennial grass\r\nrange, thus allowing it to condition to prevent halogeton invasion.",Broadcast seed with crested wheatgrass.,"An Appraisal Report dated 6/24/54 noted the seeding was a success:  Because of the great success of the reseeding, it has been and is highly valuable as a demonstration area for livestock operators.  Cheatgrass invaded the northeastern area, but it is being out-competed by the crested wheatgrass.  Little release effect on\r\nperennials as crested wheatgrass dominates the area.  \r\nAn appraisal dated 8-7-53 notes:  Results from 440 plots using the Hyder square-foot occupancy method indicate a success percentage of 55%, a success percentage considered excellent for this area.",Hyder square-foot occupancy method.,Polygon,Confirmed,"Digitized by BLM field office personnel, method unknown",NA,5083.586907,5083.608194,NA,NA,"Noxious Weeds, Provide forage for livestock",NA,Other (See Trt Notes),"After 2400 acres were seeded, an intense week-long rainstorm occurred.  Three days after the storm, reseeding was continued.",Raining,NA,"This project was at least partially funded by the Halogeton Control Program, but the Appraisal Report notes there was no halogeton on the area before it was reseeded.  Halogeton had been spreading toward the project area.",39:15:00,5,00,1952,05,15,10,00,1952,10,15
9573,26014,Vegetation/Soil Manipulation,Soil Disturbance,Soil Disturbance: Chaining,16595,270955,58536,2,1952-06-15,1952-10-15,00/00/1952,10/00/1952,estimated month and day,estimated day,122,Implemented,None,1,Acres,5473,0,NA,NA,NA,NA,NA,NA,NA,Cover crested wheatgrass seed.,Easy-flow line spreaders pulled behind off-set discs were used to distribute the seed.  A long chain dragged behind was used to cover the seed.,NA,NA,Polygon,Confirmed,"Digitized by BLM field office personnel, method unknown",NA,5083.586907,5083.608194,NA,NA,None,NA,None,NA,None,NA,NA,40:50:00,00,00,1952,06,15,10,00,1952,10,15
13097,35287,Vegetation/Soil Manipulation,Soil Disturbance,Soil Disturbance: Plowing,22782,271596,58544,2,1966-11-17,1967-02-27,11/17/1966,2/27/1967,actual,actual,102,Implemented,None,2,Acres,962,0,NA,NA,NA,NA,NA,NA,NA,NA,NA,A portion of the seed bed was prepared by Brushland plows (213 ac) and by killidier disc plows(590 acres).,NA,Polygon,Confirmed,Digitized by LTDL data entry personnel using a confirmed map,6/19/2013,1420.441878,1379.945015,NA,BLM,Overgrazing,"Seeding will enable cattle to graze on the flat, thus relieving pressure on pass creek range.",None,NA,None,NA,NA,01:09:00,11,17,1966,11,17,2,27,1967,02,27
13097,35288,Seeding,Drill Seeding,Ground Seeding: Drill,22783,271597,58544,2,1966-11-17,1967-02-27,11/17/1966,2/27/1967,actual,actual,102,Implemented,None,2,Acres,962,-1,Confirmed seed list,NA,Seeds,Confirmed on Paper,Unknown,Species Specific,"There was only a general rate listed for all species combined indicated here, specific rates for each species were not possible.",NA,NA,The seed was applied by Rangeland drills (474 ac) and by regular grain drills (488 ac ) Crested wheatgrass was applied at a rate of 6lbs. per acre and yellow sweet clover was applied at a rate of 1lb. per acre.,NA,Polygon,Confirmed,Digitized by LTDL data entry personnel using a confirmed map,6/19/2013,1420.441878,1379.945015,NA,Contractor,Overgrazing,"Seeding will enable cattle to graze on the flat, thus relieving pressure on pass creek range.",None,NA,None,NA,NA,01:10:00,11,17,1966,11,17,2,27,1967,02,27
803,2203,Vegetation/Soil Manipulation,Soil Disturbance,Soil Disturbance: Chaining,1425,276098,58737,4,1960-08-27,1961-02-20,8/27/1960,2/20/1961,actual,actual,177,Implemented,None,2,Acres,720,0,NA,NA,NA,NA,NA,NA,NA,NA,NA,Approximately 720 acres were chained and aerial seeded. Clearing was done when ground was frozen. The area was chained again after the seed was broadcast.,NA,Polygon,Confirmed,Digitized by LTDL data entry personnel using a confirmed map,6/11/2013,2006.152187,2003.789095,NA,BLM and Cooperators,Invasive species,"This will be in an area on the foothills where a relatively heavy stand of\r\nmature Artemesia Tridentata exists, but area between brush plants is completely\r\ndenuded of grass and very subject to infestation by Halogeton which is spreading\r\ninto area. Seeding will stop north spread of Halogeton in the area. Adjacent\r\nto Bengoa Plowing and is a part of the same project.",None,NA,None,NA,NA,45:33:00,8,27,1960,08,27,2,20,1961,02,20
803,2204,Seeding,Aerial Seeding,Aerial Seeding,1426,276099,58737,4,1960-08-27,1961-02-20,8/27/1960,2/20/1961,actual,actual,177,Implemented,None,2,Acres,720,-1,Confirmed seed list,NA,Seeds,Confirmed on Paper,Unknown,Species Specific,NA,NA,NA,Approximately 720 acres were chained and aerial seeded. Clearing was done when ground was frozen. A better kill could probably have been obtained if this were done when soil was loose. Aerial seeding was at an average of 13 pounds per acre\r\n(crested wheat). The area was chained again after the seed was broadcast.,NA,Polygon,Confirmed,Digitized by LTDL data entry personnel using a confirmed map,6/11/2013,2006.152187,2003.789095,NA,NA,Invasive species,"This will be in an area on the foothills where a relatively heavy stand of\r\nmature Artemesia Tridentata exists, but area between brush plants is completely\r\ndenuded of grass and very subject to infestation by Halogeton which is spreading\r\ninto area. Seeding will stop north spread of Halogeton in the area. Adjacent\r\nto Bengoa Plowing and is a part of the same project.",None,NA,None,NA,NA,49:24:00,8,27,1960,08,27,2,20,1961,02,20
803,2205,Vegetation/Soil Manipulation,Soil Disturbance,Soil Disturbance: Plowing,1427,276100,58737,4,1960-08-27,1961-02-20,8/27/1960,2/20/1961,actual,actual,177,Implemented,None,2,Acres,1400,0,NA,NA,NA,NA,NA,NA,NA,NA,NA,Plowing and drilling increased to 1400 acres...Part of the area\r\nproved to be very rocky for plowing.,NA,Polygon,Confirmed,Digitized by LTDL data entry personnel using a confirmed map,6/11/2013,2006.152187,2003.789095,NA,Contractor,"Invasive species, Provide forage for livestock","This will be in an area on the foothills where a relatively heavy stand of\r\nmature Artemesia Tridentata exists, but area between brush plants is completely\r\ndenuded of grass and very subject to infestation by Halogeton which is spreading\r\ninto area. Seeding will stop north spread of Halogeton in the area. Adjacent\r\nto Bengoa Plowing and is a part of the same project.",None,NA,None,NA,NA,55:49:00,8,27,1960,08,27,2,20,1961,02,20
803,2206,Seeding,Drill Seeding,Ground Seeding: Drill,1428,276101,58737,4,1960-08-27,1961-02-20,8/27/1960,2/20/1961,actual,actual,177,Implemented,None,2,Acres,1400,-1,Confirmed seed list,NA,Seeds,Confirmed on Paper,Unknown,Species Specific,NA,NA,NA,Plowing and drilling increased to 1400 acres. Crested wheatgrass and Siberian\r\nwheatgrass were drilled at 8 pounds and 7 pounds respectively.,NA,Polygon,Confirmed,Digitized by LTDL data entry personnel using a confirmed map,6/11/2013,2006.152187,2003.789095,NA,Contractor,Invasive species,"This will be in an area on the foothills where a relatively heavy stand of\r\nmature Artemesia Tridentata exists, but area between brush plants is completely\r\ndenuded of grass and very subject to infestation by Halogeton which is spreading\r\ninto area. Seeding will stop north spread of Halogeton in the area. Adjacent\r\nto Bengoa Plowing and is a part of the same project.",None,NA,None,NA,NA,57:12:00,8,27,1960,08,27,2,20,1961,02,20
9135,24863,Herbicide/Weeds/Chemical,Weeds,Noxious Weeds: Weed Detection,15867,277747,58761,4,2007-06-21,2008-06-21,6/21/2007,6/21/2008,actual,actual,366,Implemented,Partially Successful,1,None,NA,0,NA,NA,NA,NA,NA,NA,NA,"Inventory, identify and treat new and known noxious weed locations to prevent the expansion of current populations for three years following fire containment.",NA,The Pueblo fire area was inventoried and spot treated by the Harney County Weeds Taskforce. Weeds were treated in July and August of 2007 across the fire. Locations of noxious weeds were recorded in the GIS database and compared to prior information. New populations were noted and all treated areas will be revisited in 2008,Treatment occurred in the summer of 2007. Effectiveness will be assessed in the spring of 2008.,Polygon,Confirmed,"Digitized by BLM field office personnel, method unknown",NA,68237.55788,62057.10397,NA,BLM and Cooperators,"Invasive species, Noxious weeds","Inventory, identify and treat new and known noxious weed locations to prevent the expansion of current populations for three years following fire containment.",None,NA,None,NA,NA,18:00:00,6,21,2007,06,21,6,21,2008,06,21
9135,24861,Herbicide/Weeds/Chemical,Herbicide,Noxious Weeds: Weed Control - Herbicide Application,15871,277749,58761,4,2007-06-21,2008-06-21,6/21/2007,6/21/2008,actual,actual,366,Implemented,Partially Successful,1,Acres,200,0,NA,NA,NA,NA,NA,NA,NA,"Inventory, identify, and treat new and known noxious weed locations to prevent the\r\nexpansion of current infestations for three years following fire containment.",NA,The burned area was inventoried by the Harney County Strategic Weeds Attack Team (SWAT). The team inventories and spot treat weeds under a cooperative agreement with the BLM and Harney County. An area of scotch thistle (200ac) was found and treated from the air with rot[a]rotory wing aircraft.,The area was treated with an aerial contract for weeds spraying in 2008. An area of about 200 ac of Scotch thistle was treated. Treatment was effective at reducing the density and cover of the thistle. Treated areas were revisited in 2009 and spot treated to further reduce infestation,Polygon,Confirmed,"Digitized by BLM field office personnel, method unknown",NA,55950.75,51792.18,NA,Contractor,Noxious weeds,Prevent the\r\nexpansion of current infestations.,None,NA,None,NA,Herbicide data based on GIS attribute tables.,44:01:00,6,21,2007,06,21,6,21,2008,06,21
9194,25003,Seeding,Drill Seeding,Ground Seeding: Drill,15949,277800,58774,4,1963-08-01,1963-10-25,8/1/1963,10/25/1963,actual,actual,85,Implemented,None,2,Acres,2505,-1,Confirmed seed list,NA,Seeds,Confirmed on Paper,Unknown,Species Specific,NA,NA,NA,Crested wheat was seeded at a rate of approximately 7.0 lbs./acre.,NA,Polygon,Confirmed,Digitized by LTDL data entry personnel using a confirmed map,6/14/2013,2695.545508,2695.458771,NA,BLM,Unknown,The bureau of Land Management initiated the Quinn River Rehabilitation Project to control the invasion of Big Sagebrush.,None,NA,None,NA,NA,04:26:00,8,1,1963,08,01,10,25,1963,10,25
9194,25004,Vegetation/Soil Manipulation,Soil Disturbance,Soil Disturbance: Plowing,15950,277801,58774,4,1963-10-01,1963-10-25,10/1/1963,10/25/1963,actual,actual,24,Implemented,None,2,Acres,2505,0,NA,NA,NA,NA,NA,NA,NA,NA,NA,"Plowing operations began on 10/1/1963 and were completed on 10/25/1963. The entire area was plowed twice, the estimate kill of big sagebrush was 95%.",NA,Polygon,Confirmed,Digitized by LTDL data entry personnel using a confirmed map,6/14/2013,2695.545508,2695.458771,NA,Contractor,Unknown,The bureau of Land Management initiated the Quinn River Rehabilitation Project to control the invasion of Big Sagebrush.,None,NA,None,NA,NA,04:27:00,10,1,1963,10,01,10,25,1963,10,25
6463,17829,Seeding,Ground Seeding,Ground Seeding,11253,270692,59130,2,1962-06-15,1962-06-15,00/00/1962,00/00/1962,estimated month and day,estimated month and day,0,Implemented,None,1,Acres,2250,-1,Confirmed seed list,NA,Seeds,Confirmed on Paper,Unknown,Species Specific,NA,NA,NA,crested wheat was drilled in the fall at 7lb./acre.,NA,Polygon,Confirmed,Digitized by LTDL data entry personnel using a confirmed map,6/11/2013,2220.665847,2186.366935,NA,NA,Unknown,NA,None,NA,None,NA,NA,08:37:00,00,00,1962,06,15,00,00,1962,06,15
6463,17830,Vegetation/Soil Manipulation,Soil Disturbance,Soil Disturbance: Plowing,11254,270693,59130,2,1962-06-15,1962-06-15,00/00/1962,00/00/1962,estimated month and day,estimated month and day,0,Implemented,None,1,Acres,2250,0,NA,NA,NA,NA,NA,NA,NA,NA,NA,Double plowing was used to prepare the seedbed in the spring with a one to two week interval which resulted in a better control of sagebrush.,NA,Polygon,Confirmed,Digitized by LTDL data entry personnel using a confirmed map,6/11/2013,2220.665847,2186.366935,NA,NA,Unknown,NA,None,NA,None,NA,NA,08:37:00,00,00,1962,06,15,00,00,1962,06,15
6640,18249,Vegetation/Soil Manipulation,Soil Disturbance,Soil Disturbance: Plowing,11547,270710,59131,2,1962-05-12,1962-12-13,5/12/1962,12/13/1962,actual,actual,215,Implemented,None,2,Acres,1800,0,NA,NA,NA,NA,NA,NA,NA,NA,NA,1800 acres of sagebrush was plowed and seeded to crested wheat at a rate of 7lbs/acre. Seedbed preparation was excellent and fall moisture was good at the time of seeding.,NA,Polygon,Confirmed,Digitized by LTDL data entry personnel using a confirmed map,6/13/2013,1900.856431,1828.30111,NA,BLM and Cooperators,Unknown,NA,None,NA,None,NA,NA,58:48:00,5,12,1962,05,12,12,13,1962,12,13
6640,18250,Seeding,Drill Seeding,Ground Seeding: Drill,11548,270711,59131,2,1962-05-12,1962-12-13,5/12/1962,12/13/1962,actual,actual,215,Implemented,None,2,Acres,1800,-1,Confirmed seed list,NA,Seeds,Confirmed on Paper,Unknown,Species Specific,NA,NA,NA,1800 acres of sagebrush range was plowed and seeded to crested wheat at a rate of 7lbs/acre. Seedbed preparation was excellent and fall moisture was good at the time of seeding.,NA,Polygon,Confirmed,Digitized by LTDL data entry personnel using a confirmed map,6/13/2013,1900.856431,1828.30111,NA,BLM,Unknown,NA,None,NA,None,NA,NA,51:38:00,5,12,1962,05,12,12,13,1962,12,13
7319,19991,Vegetation/Soil Manipulation,Soil Disturbance,Soil Disturbance: Plowing,12652,270810,59149,2,1959-09-06,1959-12-04,9/6/1959,12/4/1959,actual,actual,89,Implemented,None,1,Acres,2680,0,NA,NA,NA,NA,NA,NA,NA,NA,NA,"Plowing and seeding was done in the late fall. 2,630 acres were plowed under contract with a John Deere\r\ntandem. Killifer plow, all plowed twice and .some areas three times. For experimental purposes 10 acres in the S8 corner were plowed with a rangeland plow and 40 acres were roto-beat",NA,Polygon,Confirmed,Digitized by LTDL data entry personnel using a confirmed map,6/10/2013,2707.523059,2679.798549,NA,Contractor,Provide forage for livestock,This area is to be plowed and seeded to crested wheatgrass to increase production of useable forage.,None,NA,None,NA,NA,16:53:00,9,6,1959,09,06,12,4,1959,12,04
7319,19992,Seeding,Drill Seeding,Ground Seeding: Drill,12653,270811,59149,2,1959-09-06,1959-12-04,9/6/1959,12/4/1959,actual,actual,89,Implemented,None,1,Acres,2680,-1,No seed list,NA,NA,NA,NA,NA,NA,NA,NA,"This project is a 2.680 acre crested wheatgrass seeding. Plowing and seeding was\r\ndone in the late fall. 2,630 acres were plowed under contract with a John Deere\r\ntandem Killifer plow, all plowed twice and some areas three times. For experimental\r\npurposes 10 acres in the SE corner were plowed with rangeland plows and 40 acres\r\nwere roto-beat. 344 acres on west end and the 40 acre roto beat area were drilled\r\nwith Oregon rangeland experimental seeder. The balance of the area was drilled\r\nwith regular grain drills. The seed bed was extremely loose and powdery. Discs\r\nwere removed from drills and chain drags were used to cover the seed.",NA,Polygon,Confirmed,Digitized by LTDL data entry personnel using a confirmed map,6/10/2013,2707.523059,2679.798549,NA,BLM,Provide forage for livestock,This area is to be plowed and seeded to crested wheatgrass to increase production of useable forage.,None,NA,None,NA,NA,16:54:00,9,6,1959,09,06,12,4,1959,12,04
10326,27982,Seeding,Drill Seeding,Ground Seeding: Drill,17929,271080,59168,2,1997-09-15,1997-11-15,9/00/1997,11/00/1997,estimated day,estimated day,61,Implemented,None,1,Acres,635,-1,Confirmed seed list,Shrub Mix Drill,Seeds,Confirmed on Paper,NA,Species Specific,NA,NA,NA,NA,NA,Polygon,Confirmed,Digitized by LTDL data entry personnel using a confirmed map,8/1/2013,1788.515225,1788.337619,Its unclear which section of this shapefile was seeded for this treatment.,BLM and Cooperators,"Erosion, Invasion by Cheatgrass, Loss of Perenials, Provide cover for wildlife, Provide forage for wildlife",Natural recovery of Wyoming big sagebrush communities\r\nis 50 to 75 years. A drill seeding for fan piedmonts.\r\nThe fan piedmont seeding proposal is to prevent highly\r\nflammable annual species. The drainages would be aerial\r\nseeded to hasten shrub recovery and improve wildlife\r\nhabitat. Areas proposed for seeding were in early\r\necological status.,None,NA,None,NA,NA,34:54:00,9,00,1997,09,15,11,00,1997,11,15
10326,27981,Seeding,Greenstrip,Greenstrip: Drill Seeding,17930,271081,59168,2,1997-09-15,1997-11-15,9/00/1997,11/00/1997,estimated day,estimated day,61,Implemented,None,1,Acres,1745,-1,Confirmed seed list,NA,Seeds,Confirmed on Paper,NA,Species Specific,NA,NA,NA,NA,NA,Polygon,Confirmed,Digitized by LTDL data entry personnel using a map of unknown origin,00/00/1997,1788.515225,1788.337619,NA,BLM and Cooperators,"Erosion, Invasion by Cheatgrass, Loss of Perenials, Provide cover for wildlife, Provide forage for wildlife",Natural recovery of Wyoming big sagebrush communities\r\nis 50 to 75 years. A drill seeding for fan piedmonts.\r\nThe fan piedmont seeding proposal is to prevent highly\r\nflammable annual species. The drainages would be aerial\r\nseeded to hasten shrub recovery and improve wildlife\r\nhabitat. Areas proposed for seeding were in early\r\necological status.,None,NA,None,NA,NA,37:00:00,9,00,1997,09,15,11,00,1997,11,15
11657,31615,Vegetation/Soil Manipulation,Soil Disturbance,Soil Disturbance: Plowing,20282,271340,59172,2,1967-06-12,1968-03-08,6/12/1967,3/8/1968,actual,actual,270,Implemented,None,2,Acres,2455,0,NA,NA,NA,NA,NA,NA,NA,NA,NA,"Double plowing was used to prepare the seed bed, and was commenced in June of 1967.",NA,Polygon,Confirmed,Digitized by LTDL data entry personnel using a confirmed map,6/20/2013,2530.851604,2523.644835,NA,BLM,Overgrazing,This seeding will be plowed in the spring of 1967 and drilled to Siberian Wheatgrass in the fall of 1967. Siberian w.g. is being used to provide summer grazing in connection with the rest-rotation grazing system for the U.C Allotment.,None,NA,None,NA,NA,27:19:00,6,12,1967,06,12,3,8,1968,03,08
11657,31616,Seeding,Drill Seeding,Ground Seeding: Drill,20283,271341,59172,2,1967-06-12,1968-03-08,6/12/1967,3/8/1968,actual,actual,270,Implemented,None,2,Acres,2455,-1,Planned seed list,NA,Seeds,Plan,Unknown,Species Specific,NA,NA,NA,The entire area was seeded to Siberian Wheatgrass in the fall of 1967 except for approximately 200 acres which had to be seeded in March of 1968 due to inclement fall weather in 1967.,NA,Polygon,Confirmed,Digitized by LTDL data entry personnel using a confirmed map,6/20/2013,2530.851604,2523.644835,NA,BLM,Overgrazing,This seeding will be plowed in the spring of 1967 and drilled to Siberian Wheatgrass in the fall of 1967. Siberian w.g. is being used to provide summer grazing in connection with the rest-rotation grazing system for the U.C Allotment.,None,NA,None,NA,NA,27:20:00,6,12,1967,06,12,3,8,1968,03,08
12126,32800,Seeding,Drill Seeding,Ground Seeding: Drill,21095,271354,59174,2,1963-06-04,1964-03-11,6/4/1963,3/11/1964,actual,actual,281,Implemented,None,2,Acres,6300,-1,Confirmed seed list,NA,Seeds,Confirmed on Paper,Unknown,Species Specific,NA,NA,NA,About 6 pounds to the acre of Crested Wheatgrass plus 1 pound of Yellow Sweet Glover was drilled using 3 John Deere and 2 Oliver drills. About 20 acres of the buckskin road and next to the highway was seeded with Russian wildrye @ 6lbs./acre. Crested Wheatgrass was about 50-50 mixture of nordan and standard strains.,NA,Polygon,Confirmed,Digitized by LTDL data entry personnel using a confirmed map,6/17/2013,6310.11632,6285.509278,NA,Contractor,Unknown,NA,None,NA,None,NA,NA,33:11:00,6,4,1963,06,04,3,11,1964,03,11
12126,32801,Vegetation/Soil Manipulation,Soil Disturbance,Soil Disturbance: Plowing,21096,271355,59174,2,1963-06-04,1964-03-11,6/4/1963,3/11/1964,actual,actual,281,Implemented,None,2,Acres,6300,0,NA,NA,NA,NA,NA,NA,NA,NA,NA,"Area was plowed using John Deere 4010 and 5010 tractors. 3 one-way plows and 1 killifer type plow. Brush was very large, averaging 4""-6&& stems and 3'-5&$ tall.",NA,Polygon,Confirmed,Digitized by LTDL data entry personnel using a confirmed map,6/17/2013,6310.11632,6285.509278,NA,Contractor,Unknown,NA,None,NA,None,NA,NA,33:12:00,6,4,1963,06,04,3,11,1964,03,11
7040,19325,Vegetation/Soil Manipulation,Vegetation Disturbance,Vegetation Disturbance: Mowing,12215,270792,60568,2,2002-09-15,2002-12-03,9/15/2002,12/3/2002,actual,actual,79,Implemented,None,2,Acres,2300,0,NA,NA,NA,NA,NA,NA,NA,NA,NA,NA,NA,Polygon,Confirmed,"Digitized by BLM field office personnel, method unknown",NA,2942.479467,2334.645165,NA,BLM,"Public Safety, Rangeland health, Fire hazard","The specific objectives of the proposed action would be to replace the existing annual vegetation\r\nand restore adapted perennial grasses, forbs and shrubs. In addition, the establishment of\r\nperennial grasses, forbs and shrubs is expected to reduce wildland fire frequency and associated\r\nsuppression costs and allow more natural ecological functions to occur.",None,NA,None,NA,NA,22:40:00,9,15,2002,09,15,12,3,2002,12,03
7040,19326,Seeding,Drill Seeding,Ground Seeding: Drill,12216,270793,60568,2,2002-09-15,2002-12-03,9/15/2002,12/3/2002,actual,actual,79,Implemented,None,2,Acres,2300,-1,Planned seed list,NA,Seeds,Plan,Unknown,Overall,"There was only a general rate listed for all species combined indicated here, specific rates for each species were not possible. The seed mix did not indicate whether bulk or PLS rates were used, therefore, unknown has been listed and all seed mix information has been entered into the Bulk category.",NA,"The Fall following the burn and spray treatment, the treated area would be seeded with a\r\nmixture of adapted perennial grasses, forbs and shrubs. Both native and nonnative seed\r\nmixes would be utilized. Native plants would be used to the extent possible in areas\r\nwhich retain remnant native herbaceous species and have the potential for reestablishment\r\nof native species with available plant material. Based on availability and site suitability,\r\nspecies may include the following: bluebunch wheatgrass, bottlebrush Squirreltail, great\r\nbasin wildrye, Lewis flax, western yarrow, scarlet globemallow, big sagebrush, four-wing\r\nsaltbrush or other adapted natives. The perimeter of these treatment blocks may be lined\r\nwith strips from 100 to 300 feet (greenstripping) with nonnative species more resistant to\r\nwildfire to break up fuel continuity and protect these areas from future wildfire and\r\nreinvasion by annual weedy species. Nonnative plants will be used in areas that are more\r\nheavily infested with invasive annual species, in areas where suitable adapted natives are\r\n5\r\nnot available, and in areas to provide fuel breaks to reduce the size, spread and\r\noccurrence of wildfire both in wildland urban interface areas and transitional areas\r\nadjacent to more intact shrub habitat. Species mixtures may include plants such as\r\ncrested wheatgrass, great basin wildrye, bluegrass, bottlebrush squirreltail, forage kochia,\r\nfour-wing saltbrush and big sagebrush. Depending upon individual species' seeding\r\nrequirements, the seeding/planting would be done using a rangeland drill and/or broadcast\r\napplication. Anticipated native and nonnative seed mix areas are identified on map 3. As\r\nmore native plant material becomes available either through release of new cultivars or\r\ncollection and propagation of locally adapted species, these may be substituted and used\r\non areas identified for seeding with nonnative mixes.",NA,NA,Polygon,Confirmed,"Digitized by BLM field office personnel, method unknown",NA,2942.479467,2334.645165,NA,BLM and Cooperators,"Public Safety, Rangeland health, Fire hazard","The specific objectives of the proposed action would be to replace the existing annual vegetation\r\nand restore adapted perennial grasses, forbs and shrubs. In addition, the establishment of\r\nperennial grasses, forbs and shrubs is expected to reduce wildland fire frequency and associated\r\nsuppression costs and allow more natural ecological functions to occur.",None,NA,None,NA,The seeding rate for this seeding project is unknown. The percentage of each species in the mix is listed in the seed mix.,22:59:00,9,15,2002,09,15,12,3,2002,12,03
7342,20049,Vegetation/Soil Manipulation,Vegetation Disturbance,Vegetation Disturbance: Mowing,12692,273886,60613,3,2007-11-22,2007-11-23,11/22/2007,11/23/2007,actual,actual,1,Implemented,None,2,Acres,4500,0,NA,NA,NA,NA,NA,NA,NA,"The specific objectives of the proposed action would be to replace the existing annual vegetation and restore adapted perennial grasses, forbs and shrubs. In addition, the establishment of perennial grasses, forbs and shrubs is expected to reduce wildland fire frequency and associated suppression costs and allow more natural ecological functions to occur.",Brush mowing to 6' the removal of decadent stands of sagebrush and greasewood for hazard fuel reduction and perennial grass restoration.,NA,"The mowing was successful on all 4,500 acres for removal of brush to 6 inches above ground height.",Polygon,Confirmed,"Digitized by BLM field office personnel, using a GPS unit on the ground",NA,4521.092874,4442.578532,NA,BLM,"Fire hazard, Rangeland health","The specific objectives of the proposed action would be to replace the existing annual vegetation and restore adapted perennial grasses, forbs and shrubs. In addition, the establishment of perennial grasses, forbs and shrubs is expected to reduce wildland fire frequency and associated suppression costs and allow more natural ecological functions to occur.",None,NA,None,NA,NA,16:43:00,11,22,2007,11,22,11,23,2007,11,23
7342,20050,Seeding,Drill Seeding,Ground Seeding: Drill,12693,273887,60613,3,2007-11-22,2007-11-23,11/22/2007,11/23/2007,actual,actual,1,Implemented,None,1,Acres,4500,-1,Planned seed list,McDermitt Fuels (MC02),Seeds,Plan,Unknown,Overall,"There was only a general rate listed for all species combined indicated here, specific rates for each species were not possible. There was only a general rate listed for all species combined indicated here, specific rates for each species were not possible. The seed mix did not indicate whether bulk or PLS rates were used, therefore, unknown has been listed and all seed mix information has been entered into the Bulk category.","The specific objectives of the proposed action would be to replace the existing annual vegetation and restore adapted perennial grasses, forbs and shrubs. In addition, the establishment of perennial grasses, forbs and shrubs is expected to reduce wildland fire frequency and associated suppression costs and allow more natural ecological functions to occur.","The Fall following the burn and spray treatment, the treated area would be seeded with a mixture of adapted perennial grasses, forbs and shrubs. Both native and nonnative seed mixes would be utilized. Native plants would be used to the extent possible in areas which retain remnant native herbaceous species and have the potential for reestablishment\r\nof native species with available plant material. Based on availability and site suitability, species may include the following: bluebunch wheatgrass, bottlebrush squirreltail, great basin wildrye, Lewis flax, western yarrow, scarlet globemallow, big sagebrush, four-wing saltbrush or other adapted natives. The perimeter of these treatment blocks may be lined with strips from 100 to 300 feet (greenstripping) with nonnative species more resistant to wildfire to break up fuel continuity and protect these areas from future wildfire and reinvasion by annual weedy species. Nonnative plants will be used in areas that are more heavily infested with invasive annual species, in areas where suitable adapted natives are not available, and in areas to provide fuel breaks to reduce the size, spread and occurrence of wildfire both in wildland urban interface areas and transitional areas adjacent to more intact shrub habitat. Species mixtures may include plants such as crested wheatgrass, great basin wildrye, bluegrass, bottlebrush squirreltail, forage kochia, four-wing saltbrush and big sagebrush. Depending upon individual species' seeding requirements, the seeding/planting would be done using a rangeland drill and/or broadcast\r\napplication. Anticipated native and nonnative seed mix areas are identified on map 3. As more native plant material becomes available either through release of new cultivars or collection and propagation of locally adapted species, these may be substituted and used on areas identified for seeding with nonnative mixes.",NA,NA,Polygon,Confirmed,"Digitized by BLM field office personnel, using a GPS unit on the ground",NA,4521.092874,4442.578532,NA,BLM,"Fire hazard, Rangeland health","The specific objectives of the proposed action would be to replace the existing annual vegetation and restore adapted perennial grasses, forbs and shrubs. In addition, the establishment of perennial grasses, forbs and shrubs is expected to reduce wildland fire frequency and associated suppression costs and allow more natural ecological functions to occur.",None,NA,None,NA,NA,24:12:00,11,22,2007,11,22,11,23,2007,11,23
24145,71432,Vegetation/Soil Manipulation,Vegetation Disturbance,Vegetation Disturbance: Mowing,41798,291872,61249,2,2021-10-09,2021-10-21,10/9/2021,10/21/2021,actual,actual,12,Implemented,Unknown,2,Acres,222,0,No seed list,NA,NA,NA,NA,NA,NA,Mowing to remove Rabbitbrush before chemical application.,Unknown.,"Mowing of rabbitbrush completed, verified by GIS attribute table.",Unknown.,Polygon,Confirmed,"Digitized by BLM field office personnel, method unknown",2/18/2022,221.85,221.85,NA,Unknown,Brush control,Preparation for chemical application.,NA,NA,NA,NA,"Date range matches that of herbicide application, which according to GIS attribute table notes happened after the mowing of rabbitbrush. Likely that actual completion date is earlier than that reported.",32:45:00,10,9,2021,10,09,10,21,2021,10,21
24145,71433,Herbicide/Weeds/Chemical,Herbicide,Herbicide Application: Brush/Tree Control,41799,291873,61249,2,2021-10-09,2021-10-21,10/9/2021,10/21/2021,actual,actual,12,Implemented,Unknown,2,Acres,222,0,No seed list,NA,NA,NA,NA,NA,NA,Ground rabbitbrush treatment.,Unknown.,"Herbicide application complete at 20 gallon per acre formulation, verified by GIS attribute table.",Unknown.,Polygon,Confirmed,"Digitized by BLM field office personnel, method unknown",2/18/2022,221.85,221.85,NA,Unknown,Brush control,Brush control,NA,NA,NA,NA,"Notes in the GIS attribute table for mowing treatment in the same area indicates that mowing happened before herbicide was applied, however they share the same start and end dates. Likely that the actual initiation date is later than what is reported.",34:29:00,10,9,2021,10,09,10,21,2021,10,21
2716,7498,Vegetation/Soil Manipulation,Soil Disturbance,Soil Disturbance: Discing,4753,292342,61257,3,1950-10-17,1951-02-27,10/17/1950,2/27/1951,actual,actual,133,Implemented,See Comments,1,Acres,1488.6,0,NA,NA,NA,NA,NA,NA,NA,To prepare the soil for seeding.,Unknown planning for discing.,The land was disced and broadcast seeded. Plowed over once by means of heavy duty offset discs. Discing done by contract. All repair to reseeding equipment and transportation furnished by BLM.,50% brush kill,Polygon,Confirmed,"Digitized by BLM field office personnel, method unknown",NA,1757.590905,1756.74964,Original GIS file clipped to match the provided map. Two projects were combined into one shapefile.,Contractor,"Erosion, Livestock in treated area, Overgrazing, Provide forage for livestock",This is a range revegetation project on a depleted and non-stable range.,None,NA,None,NA,"""special reseeding fund""",12:45:00,10,17,1950,10,17,2,27,1951,02,27
2716,7499,Seeding,Ground Seeding,Ground Seeding: Broadcast,4754,292343,61257,3,1950-10-17,1951-02-27,10/17/1950,2/27/1951,actual,actual,133,Implemented,See Comments,1,Acres,1488.6,-1,Confirmed seed list,Broadcast seeding,Seeds,Confirmed on Paper,Unknown,Species Specific,NA,To establish crested wheatgrass to replace a sage dominated area.,To reseed to area with crested wheatgrass.,"1488.6 acres were disc plow, broadcast seeded at a rate of 7 lbs. of crested wheatgrass viable seed per acre and harrowed by contract. All repair to reseeding equipment and transportation was furnished by BLM. Seed provided by BLM.\r\n\r\nBroadcast by use of disc type whirling broadcasters, self powered and geared through auto differential and transmission.",10/28/1952: Some grass showing as a result of seeding. Overall result not too bad. \r\n\r\n11/18/1953: This area was seeded in 1951 with rather poor results.,Polygon,Confirmed,"Digitized by BLM field office personnel, method unknown",NA,1757.590905,1756.74964,Original GIS file clipped to match the provided map. Two projects were combined into one shapefile.,Contractor,"Erosion, Livestock in treated area, Overgrazing, Provide forage for livestock",This is a range revegetation project on a depleted and non-stable range.,None,NA,None,NA,"""special reseeding fund""",12:45:00,10,17,1950,10,17,2,27,1951,02,27
2716,7500,Vegetation/Soil Manipulation,Soil Disturbance,Soil Disturbance: Harrowing,4755,292344,61257,3,1951-01-15,1951-02-27,1/00/1951,2/27/1951,estimated day,actual,43,Implemented,Unknown,1,Acres,1488.6,0,NA,NA,NA,NA,NA,NA,NA,To cover the seeds.,Unknown planning for harrowing.,"1488.6 acres were disc plowed, broadcast seeded and harrowed by contract. All repair to reseeding equipment and transportation furnished by BLM.",NA,Polygon,Confirmed,"Digitized by BLM field office personnel, method unknown",NA,1757.590905,1756.74964,Original GIS file clipped to match the provided map. Two projects were combined into one shapefile.,Contractor,"Erosion, Livestock in treated area, Overgrazing, Provide forage for livestock",This is a range revegetation project on a depleted and non-stable range.,None,NA,None,NA,NA,12:45:00,1,00,1951,01,15,2,27,1951,02,27
11929,32255,Seeding,Drill Seeding,Ground Seeding: Drill,20730,422872,61562,3,1954-09-15,1954-09-28,9/15/1954,9/28/1954,actual,actual,13,Implemented,See Comments,2,Acres,420,-1,Confirmed seed list,Trembath seeding,Seeds,Confirmed on Paper,Unknown,Species Specific,NA,"The purpose of this project is to provide additional forage to alleviate the grazing load on the adjoining range, help control erosion and increase the AUMs of feed on this depleted part of the Federal Range.","By contract, the BLM will arrange seeding operation and provide crested wheatgrass seed at approximately 5 lbs. viable seed per acre. Further, Mrs. N.C. Trembath will provide the necessary funds for seeding on 50 acres of her private land prior to operations.",The area was seeding at 6 lbs. Various types of single disc drills were used followed by extra heavy sheep's foot type cultipackers.\r\nJohn Ascuena seeded.,The coverage and completion was satisfactory.,Polygon,Confirmed,Digitized by LTDL data entry personnel using a confirmed map,5/22/2013,509.1365915,474.0987805,From the Final Project Report.,Contractor,"Erosion, Noxious Weeds, Provide forage for livestock, Rangeland health, Watershed degradation","The purpose of this project is to provide additional forage to alleviate the grazing load on the adjoining range, help control erosion and increase the AUMs of feed on this depleted part of the Federal Range.",None,NA,None,NA,NA,56:05:00,9,15,1954,09,15,9,28,1954,09,28
11929,32256,Vegetation/Soil Manipulation,Soil Disturbance,Soil Disturbance: Cultipacking,20731,422873,61562,3,1954-09-15,1954-09-28,9/15/1954,9/28/1954,actual,actual,13,Implemented,See Comments,2,Acres,420,0,NA,NA,NA,NA,NA,NA,NA,"The purpose of this project is to provide additional forage to alleviate the grazing load on the adjoining range, help control erosion and increase the AUMs of feed on this depleted part of the Federal Range.","By contract, the BLM will arrange seeding operation and provide crested wheatgrass seed at approximately 5 lbs. viable seed per acre. Further, Mrs. N.C. Trembath will provide the necessary funds for seeding on 50 acres of her private land prior to operations.",Various types of single disc drills were used followed by extra heavy sheep's foot type cultipackers.\r\nJohn Ascuena seeded.,The coverage and completion was satisfactory.,Polygon,Confirmed,Digitized by LTDL data entry personnel using a confirmed map,5/22/2013,509.1365915,474.0987805,From the Final Project Report.,Contractor,"Erosion, Noxious Weeds, Provide forage for livestock, Rangeland health, Watershed degradation","The purpose of this project is to provide additional forage to alleviate the grazing load on the adjoining range, help control erosion and increase the AUMs of feed on this depleted part of the Federal Range.",None,NA,None,NA,NA,05:06:00,9,15,1954,09,15,9,28,1954,09,28
11929,32255,Seeding,Drill Seeding,Ground Seeding: Drill,20730,423974,61570,6,1954-09-15,1954-09-28,9/15/1954,9/28/1954,actual,actual,13,Implemented,See Comments,2,Acres,420,-1,Confirmed seed list,Trembath seeding,Seeds,Confirmed on Paper,Unknown,Species Specific,NA,"The purpose of this project is to provide additional forage to alleviate the grazing load on the adjoining range, help control erosion and increase the AUMs of feed on this depleted part of the Federal Range.","By contract, the BLM will arrange seeding operation and provide crested wheatgrass seed at approximately 5 lbs. viable seed per acre. Further, Mrs. N.C. Trembath will provide the necessary funds for seeding on 50 acres of her private land prior to operations.",The area was seeding at 6 lbs. Various types of single disc drills were used followed by extra heavy sheep's foot type cultipackers.\r\nJohn Ascuena seeded.,The coverage and completion was satisfactory.,Polygon,Confirmed,Digitized by LTDL data entry personnel using a confirmed map,5/22/2013,509.1365915,474.0987805,From the Final Project Report.,Contractor,"Erosion, Noxious Weeds, Provide forage for livestock, Rangeland health, Watershed degradation","The purpose of this project is to provide additional forage to alleviate the grazing load on the adjoining range, help control erosion and increase the AUMs of feed on this depleted part of the Federal Range.",None,NA,None,NA,NA,56:05:00,9,15,1954,09,15,9,28,1954,09,28
21270,54243,Seeding,Drill Seeding,Ground Seeding: Drill,34119,292241,61677,3,2017-10-01,2018-09-30,10/1/2017,9/30/2018,actual,actual,364,Implemented,See Comments,1,Acres,2294,-1,Confirmed seed list,Pole Creek Drill Mix 1,Seeds,Confirmed on Paper,Unknown,Species Specific,NA,"The objective of the ground seeding treatments is to revegetate the burned area with\r\na well-adapted array of species that will provide essential forage and cover for greater sagegrouse,\r\nmule deer, and antelope, and will promote structural and species diversity within the\r\nburned area. Objectives will be considered met on the treatment if three seedlings per square\r\nmeter are rooted firmly in the ground.","Drill Seeding\r\nDrill seed approximately 2,294 acres of BLM administered lands with a mixture of bluebunch wheatgrass, Snake River wheatgrass, Sandberg\u2019s bluegrass, bottlebrush squirreltail, sainfoin, and small burnet. Drill seeding would take place in areas of gentle topography conducive to drill seeding, where recovery of native species was anticipated to be weak or low and areas with the highest threat of annual grass increase. Drill seeding would take place in the fall of 2017 (FY18).","The seed mix was comprised of snake river wheatgrass (Elymus wawawaiensis), small\r\nburnet (Sanguisorba minor), sainfoin (Onobrychis viciifolia), Sandberg bluegrass (Poa secunda),\r\nbluebunch wheatgrass (Pseudoroegneria spicata), and squirreltail (Elymus elymoides).","S2 Drill Seeding\r\n2019 Density Results:\r\nDensity: The seed mix was comprised of snake river wheatgrass (Elymus wawawaiensis), small\r\nburnet (Sanguisorba minor), sainfoin (Onobrychis viciifolia), Sandberg bluegrass (Poa secunda),\r\nbluebunch wheatgrass (Pseudoroegneria spicata), and squirreltail (Elymus elymoides). The\r\nmonitoring results show that the rehabilitation objectives of three firmly rooted seedlings per\r\nsquare meter have been achieved at 18.42 grass seedlings per square meter. Other large form\r\nperennial bunch grasses (Thurber\u2019s needlegrass and Indian ricegrass) are also establishing\r\nthemselves at 2.00 grasses per square meter, mainly basin wildrye (Leymus cinereus).\r\n\r\n\r\nS2 Drill Seeding and S3 Aerial Seeding\r\n2019 AIM Data Results:\r\nCover: Average foliar canopy cover was high (63%) in part due to dominance of cheatgrass\r\n(Bromus tectorum) (34.7% cover) and desert madwort (Alyssum desertorum) (15% cover).\r\nPerennial forbs and shrubs contributed little to cover (11.3% collectively) while Sandberg\u2019s\r\nbluegrass (Poa secunda) contributed significantly to perennial grass cover at 16.3%. Annual\r\ninvasive species are still contributing substantially to cover, which will need to be considered\r\ngoing forward in efforts to control the spread of these species.\r\n2020 AIM Data Results:\r\nCover: Average foliar canopy cover was high (45.7%) in part due to dominance of cheatgrass (Bromus tectorum) (20.3% cover) and desert madwort (Alyssum desertorum) (2.3% cover). Perennial forbs and shrubs contributed little to cover (7.89% collectively) while Sandberg\u2019s bluegrass (Poa secunda) contributed significantly to perennial grass cover at 16.7%. Annual invasive species are still contributing substantially to cover, which will need to be considered going forward in efforts to control the spread of these species.\r\n\r\nGaps and Erosion:\r\nPole Creek AIM Plot 01 is located in a Rangeland LOAMY 8-10 P.Z. ecosite (R025XY019NV)\r\nin former / Artemisia tridentata ssp. wyomingensis / Achnatherum thurberianum - Achnatherum\r\nhymenoides ( / Wyoming big sagebrush / Thurber's needlegrass - Indian ricegrass) vegetation\r\ncommunities. Canopy cover had infrequent gaps for the most part, and they varied in size\r\nthroughout the plot. Erosion was still high, however, with common pedestals and long, common\r\nwater flow patterns. Deposition/runoff was rare. This is a departure from expected site stability\r\nand the establishment of native shrubs and forbs should fill in canopy gaps and decrease erosion.\r\nPole Creek AIM Plot 02 is located in a Rangeland CLAYPAN 10-12 P.Z. ecosite\r\n(R025XY018NV) in former Artemisia arbuscula / Pseudoroegneria spicata - Achnatherum\r\nthurberianum ( / little sagebrush / bluebunch wheatgrass - Thurber's needlegrass) vegetation\r\ncommunities. Canopy cover had infrequent gaps for the most part, and they varied in size\r\nthroughout the plot. Erosion on this site was also high with widespread pedestals and long, very\r\ncommon water flow patterns. Deposition/runoff was rare. While some pedestaling is expected,\r\nthe high wind and water erosion have destabilized the site and impaired hydrologic function.\r\n2019: Species Richness: An average of twenty-six (26) different plant species were observed within the\r\ntwo 2,827.4 square meter monitoring plots.\r\n2020: Species Richness: An average of twenty-eight (28) different plant species were observed within the two 2,827.4 square meter monitoring plots.\r\n2019 Recommendations:\r\nThe ESR rehabilitation objectives have not been fully met for these treatments. While the drill\r\nseeded grasses are establishing themselves, seeded forbs and shrubs will need more time to\r\nestablish and become firmly rooted. There was an allotment closure issued for the Deeth, Devils\r\nGate, and Pole Creek allotments. The allotment closure objectives of three perennial grasses per\r\nsquare meter have been met but it is advised that the are remains closed for at least another\r\ngrowing season until the seeding rehab objectives can be met.\r\n2020 Recommendations:\r\nThe ESR rehabilitation objectives have not been fully met for these treatments. While the drill seeded grasses are establishing themselves, seeded forbs and shrubs will need more time to establish and become firmly rooted. There was an allotment closure issued for the Deeth allotment, South and North Steer pastures, where Plots 01 and 02 are located, respectively. The allotment closure objective of three perennial grasses per square meter have not been met it is advised that the area is given more rest so the seeded species may further establish.\r\n\r\nESR 2022 Monitoring Report\r\nS3 Aerial Mix 1/S2 Drill \r\nPole Creek AIM Plot 01 is located in a Rangeland LOAMY 8-10 P.Z. ecosite (R025XY019NV) in former Artemisia tridentata ssp. wyomingensis / Achnatherum thurberianum - Achnatherum hymenoides (Wyoming big sagebrush / Thurber's needlegrass - Indian ricegrass) vegetation communities. \r\nAerial seed mix 1 was comprised of Western yarrow (Achillea millefolium v. occidentalis) and Wyoming Big Sagebrush (Artemisia tridentata sbsp wyomingensis). \r\nThe seed mix was comprised of snake river wheatgrass (Elymus wawawaiensis), small burnet (Sanguisorba minor), sainfoin (Onobrychis viciifolia), Sandberg bluegrass (Poa secunda), bluebunch wheatgrass (Pseudoroegneria spicata), and squirreltail (Elymus elymoides).\r\nDensity Results \r\n2020: The rehab objectives of 1 non-native shrub and 1 seeded forb per square meter have not been met, yet. The rehab objective of 0.3 native shrubs per square meter have also not been met. No shrubs were observed within the density frames of either plot and 0.17 forb seedlings per square meter were observed in Plot 01. (Drill) The monitoring results show that the rehabilitation objectives of three firmly rooted seedlings per square meter have not been achieved at 0.00 grass seedlings per square meter. Other large form perennial bunch grasses (Thurber\u2019s needlegrass and squirreltail) are establishing themselves at 1.91 grasses per square meter, mainly Sandberg bluegrass (Poa secunda). \r\n2022: The rehabilitation objectives of 1 non-native shrub and 1 seeded forb per square meter have not been met. The rehab objective of 0.3 native shrubs per square meter have also not been met. No seeded shrubs or seeded forbs were observed in the density squares but 10.08 seeded grasses/m2 were observed. However, native regrowth of grasses and forbs was strong and shrubs were present as well. \r\nAIM Data Results \r\nCover \r\n2020: Average foliar canopy cover was high (45.7%) in part due to dominance of cheatgrass (Bromus tectorum) (20.3% cover) and desert madwort (Alyssum desertorum) (2.3% cover). Perennial forbs and shrubs contributed little to cover (7.89% collectively) while Sandberg\u2019s bluegrass (Poa secunda) contributed significantly to perennial grass cover at 16.7%. Annual invasive species are still contributing substantially to cover, which will need to be considered going forward in efforts to control the spread of these species.\r\n2022: Average foliar cover was moderately low at 38.0%, a decrease of 17.3% since 2020. The most dominant indicator present was annual grass at 9.6% with perennial grasses and forbs following with near equal representation at 6.7% and 6.3% respectively. Shrubs were the lowest they\u2019ve been observed at only 0.4% total.\r\nGaps and Erosion \r\n2020: Canopy cover had infrequent gaps for the most part, and they varied in size throughout the plot. Erosion was still high, however, with common pedestals and long, common water flow patterns. Deposition/runoff was rare. This is a departure from expected site stability and the establishment of native shrubs and forbs should fill in canopy gaps and decrease erosion. \r\n2022: Canopy gaps increased significantly in each size range since 2020. The most frequent gap size was >200cm at 32.9%, by far the highest it has been observed since monitoring began in 2019. Additionally, gaps sized 101-200cm was observed at 20.9%, almost equal to the amount of gaps 25-50cm and 51-100cm combined. However, only common waterflow patterns were observed, an improvement in soil stability since 2020, so more likely the increase in gap cover is related to the drop in total foliar cover than site and soil erosion.\r\nSpecies Richness\r\n2022: Species richness was moderately high at 30 individual species identified. The number of perennial forbs accounts for more than half of the total species identified and therefore perennial species greatly outnumbered the annual species on the plot.\r\nRecommendations: \r\n2020: The ESR rehabilitation objectives have not been fully met for these treatments. While the drill seeded grasses are establishing themselves, seeded forbs and shrubs will need more time to establish and become firmly rooted. There was an allotment closure issued for the Deeth allotment. The allotment closure objective of three perennial grasses per square meter have not been met it is advised that the area is given more rest so the seeded species may further establish. \r\n2022: The ESR rehabilitation objectives have not been fully met for these treatments. While the drill seeded grasses are establishing themselves, seeded forbs and shrubs will need more time to establish and become firmly rooted. There was an allotment closure issued for the Deeth allotment. The allotment closure objective of three perennial grasses per square meter has been met but it is advised that the area is given more rest so the seeded species may further establish.",Polygon,Confirmed,Digitized by LTDL data entry personnel using a confirmed map,6/17/2020,2299.14,2299.14,NA,BLM,"Cover for wildlife, Erosion, Establishment of seeded species, Forage for wildlife, Forage quality, Habitat for antelope, Habitat for elk, Habitat for greater sage grouse, Habitat for mule deer, Habitat for sage grouse, Habitat for wildlife, Habitat productivity, Habitat quality, Loss of desirable species, Loss of sagebrush, Nesting bird species, Vegetal cover, Wildlife in treated area","Provide essential forage and cover for greater sagegrouse,\r\nmule deer, and antelope, and will promote structural and species diversity within the\r\nburned area.",NA,NA,NA,NA,"Conflicting information between RIPS/Monitoring Reports and the Drill Seeding As Built map, which has reduced drilling area on the western most portion of the treatment. The As Built Map lists the treated acreage as 1739, which is 555 acres lower than that reported in RIPS and Monitoring Report.",17:16:00,10,1,2017,10,01,9,30,2018,09,30
21270,54244,Seeding,Aerial Seeding,Aerial Seeding,34120,292242,61677,3,2017-10-01,2018-09-30,10/1/2017,9/30/2018,actual,actual,364,Implemented,See Comments,1,Acres,4912,-1,Confirmed seed list,Aerial Seed Mix 1,Seeds,Confirmed on Paper,Unknown,Species Specific,"AKA GRSG Mix. Dated aerial seed list has differing acres and bulk lbs needed. The mix was for 4,136 acres, 4,300 lbs for ARTRW8 (rather than ARTRT), and 500 lbs for ACMI2.","The objective of the aerial seeding treatment is to revegetate the burned area with a\r\nwell-adapted array of species that will provide essential forage and cover for wildlife including\r\nsage-grouse and will promote structural and species diversity within the burned area.\r\nObjectives of the treatment will be to establish one sagebrush seedling within 3 square meters,\r\n1 forb species and 1 non-native shrub species per square meter in post-fire monitoring within\r\ntwo growing seasons.","Aerial Seeding\r\nAerial seed approximately 5,506 acres in the winter of 2017, with species appropriate for the site based on resistance, resilience and ecological site descriptions.\r\nThe Elko BLM continues to have great success establishing the below mentioned species aerially without follow up treatment. This can be observed on numerous recent fires where seed was applied aerially on top of the snow. Aerial seeding would be coordinated with snowfall conditions, if timing permits.\r\n\r\nAerial Sage-grouse Mix-Aerial seed approximately 4,912 acres of PHMA and GHMA Greater sage-grouse habitat, and crucial elk winter and pronghorn summer range with a mixture of Wyoming big sagebrush and western yarrow.",Density: Aerial seed mix 1 was comprised of Western yarrow (Achillea millefolium v.\r\noccidentalis) and Wyoming Big Sagebrush (Artemisia tridentata sbsp wyomingensis).,"The rehab objectives of 1 non-native shrub and 1 seeded forb per square meter have\r\nnot been met, yet. The rehab objective of 0.3 native shrubs per square meter have also not been\r\nmet. No shrubs were observed within the density frames of either plot and 0.67 forb seedlings\r\nper square meter were observed in Plot 01. Native perennial small form bunch grasses (Sandberg\r\nbluegrass) and large-form perennial bunchgrasses (squirreltail), however, are re-establishing\r\nthemselves in Plot 02 at 2.33 and 31.42 plants per square meter.\r\n\r\nS2 Drill Seeding and S3 Aerial Seeding\r\n2019 AIM Data Results:\r\nCover: Average foliar canopy cover was high (63%) in part due to dominance of cheatgrass\r\n(Bromus tectorum) (34.7% cover) and desert madwort (Alyssum desertorum) (15% cover).\r\nPerennial forbs and shrubs contributed little to cover (11.3% collectively) while Sandberg\u2019s\r\nbluegrass (Poa secunda) contributed significantly to perennial grass cover at 16.3%. Annual\r\ninvasive species are still contributing substantially to cover, which will need to be considered\r\ngoing forward in efforts to control the spread of these species.\r\n2020 AIM Data Results:\r\nCover: Average foliar canopy cover was high (45.7%) in part due to dominance of cheatgrass (Bromus tectorum) (20.3% cover) and desert madwort (Alyssum desertorum) (2.3% cover). Perennial forbs and shrubs contributed little to cover (7.89% collectively) while Sandberg\u2019s bluegrass (Poa secunda) contributed significantly to perennial grass cover at 16.7%. Annual invasive species are still contributing substantially to cover, which will need to be considered going forward in efforts to control the spread of these species.\r\nGaps and Erosion:\r\nPole Creek AIM Plot 01 is located in a Rangeland LOAMY 8-10 P.Z. ecosite (R025XY019NV)\r\nin former / Artemisia tridentata ssp. wyomingensis / Achnatherum thurberianum - Achnatherum\r\nhymenoides ( / Wyoming big sagebrush / Thurber's needlegrass - Indian ricegrass) vegetation\r\ncommunities. Canopy cover had infrequent gaps for the most part, and they varied in size\r\nthroughout the plot. Erosion was still high, however, with common pedestals and long, common\r\nwater flow patterns. Deposition/runoff was rare. This is a departure from expected site stability\r\nand the establishment of native shrubs and forbs should fill in canopy gaps and decrease erosion.\r\nPole Creek AIM Plot 02 is located in a Rangeland CLAYPAN 10-12 P.Z. ecosite\r\n(R025XY018NV) in former Artemisia arbuscula / Pseudoroegneria spicata - Achnatherum\r\nthurberianum ( / little sagebrush / bluebunch wheatgrass - Thurber's needlegrass) vegetation\r\ncommunities. Canopy cover had infrequent gaps for the most part, and they varied in size\r\nthroughout the plot. Erosion on this site was also high with widespread pedestals and long, very\r\ncommon water flow patterns. Deposition/runoff was rare. While some pedestaling is expected,\r\nthe high wind and water erosion have destabilized the site and impaired hydrologic function.\r\n\r\n2019 Species Richness: An average of twenty-six (26) different plant species were observed within the\r\ntwo 2,827.4 square meter monitoring plots.\r\n2020 Species Richness: An average of twenty-eight (28) different plant species were observed within the two 2,827.4 square meter monitoring plots.\r\n\r\n2019 Recommendations:\r\nThe ESR rehabilitation objectives have not been fully met for these treatments. While the drill\r\nseeded grasses are establishing themselves, seeded forbs and shrubs will need more time to\r\nestablish and become firmly rooted. There was an allotment closure issued for the Deeth, Devils\r\nGate, and Pole Creek allotments. The allotment closure objectives of three perennial grasses per\r\nsquare meter have been met but it is advised that the are remains closed for at least another\r\ngrowing season until the seeding rehab objectives can be met.\r\n2020 Recommendations:\r\nThe ESR rehabilitation objectives have not been fully met for these treatments. While the drill seeded grasses are establishing themselves, seeded forbs and shrubs will need more time to establish and become firmly rooted. There was an allotment closure issued for the Deeth allotment, South and North Steer pastures, where Plots 01 and 02 are located, respectively. The allotment closure objective of three perennial grasses per square meter have not been met it is advised that the area is given more rest so the seeded species may further establish.\r\n\r\nESR 2022 Monitoring Report\r\nS3 Aerial Mix 1/S2 Drill \r\nPole Creek AIM Plot 01 is located in a Rangeland LOAMY 8-10 P.Z. ecosite (R025XY019NV) in former Artemisia tridentata ssp. wyomingensis / Achnatherum thurberianum - Achnatherum hymenoides (Wyoming big sagebrush / Thurber's needlegrass - Indian ricegrass) vegetation communities. \r\nAerial seed mix 1 was comprised of Western yarrow (Achillea millefolium v. occidentalis) and Wyoming Big Sagebrush (Artemisia tridentata sbsp wyomingensis). \r\nThe seed mix was comprised of snake river wheatgrass (Elymus wawawaiensis), small burnet (Sanguisorba minor), sainfoin (Onobrychis viciifolia), Sandberg bluegrass (Poa secunda), bluebunch wheatgrass (Pseudoroegneria spicata), and squirreltail (Elymus elymoides).\r\nDensity Results \r\n2020: The rehab objectives of 1 non-native shrub and 1 seeded forb per square meter have not been met, yet. The rehab objective of 0.3 native shrubs per square meter have also not been met. No shrubs were observed within the density frames of either plot and 0.17 forb seedlings per square meter were observed in Plot 01. (Drill) The monitoring results show that the rehabilitation objectives of three firmly rooted seedlings per square meter have not been achieved at 0.00 grass seedlings per square meter. Other large form perennial bunch grasses (Thurber\u2019s needlegrass and squirreltail) are establishing themselves at 1.91 grasses per square meter, mainly Sandberg bluegrass (Poa secunda). \r\n2022: The rehabilitation objectives of 1 non-native shrub and 1 seeded forb per square meter have not been met. The rehab objective of 0.3 native shrubs per square meter have also not been met. No seeded shrubs or seeded forbs were observed in the density squares but 10.08 seeded grasses/m2 were observed. However, native regrowth of grasses and forbs was strong and shrubs were present as well. \r\nAIM Data Results \r\nCover \r\n2020: Average foliar canopy cover was high (45.7%) in part due to dominance of cheatgrass (Bromus tectorum) (20.3% cover) and desert madwort (Alyssum desertorum) (2.3% cover). Perennial forbs and shrubs contributed little to cover (7.89% collectively) while Sandberg\u2019s bluegrass (Poa secunda) contributed significantly to perennial grass cover at 16.7%. Annual invasive species are still contributing substantially to cover, which will need to be considered going forward in efforts to control the spread of these species.\r\n2022: Average foliar cover was moderately low at 38.0%, a decrease of 17.3% since 2020. The most dominant indicator present was annual grass at 9.6% with perennial grasses and forbs following with near equal representation at 6.7% and 6.3% respectively. Shrubs were the lowest they\u2019ve been observed at only 0.4% total.\r\nGaps and Erosion \r\n2020: Canopy cover had infrequent gaps for the most part, and they varied in size throughout the plot. Erosion was still high, however, with common pedestals and long, common water flow patterns. Deposition/runoff was rare. This is a departure from expected site stability and the establishment of native shrubs and forbs should fill in canopy gaps and decrease erosion. \r\n2022: Canopy gaps increased significantly in each size range since 2020. The most frequent gap size was >200cm at 32.9%, by far the highest it has been observed since monitoring began in 2019. Additionally, gaps sized 101-200cm was observed at 20.9%, almost equal to the amount of gaps 25-50cm and 51-100cm combined. However, only common waterflow patterns were observed, an improvement in soil stability since 2020, so more likely the increase in gap cover is related to the drop in total foliar cover than site and soil erosion.\r\nSpecies Richness\r\n2022: Species richness was moderately high at 30 individual species identified. The number of perennial forbs accounts for more than half of the total species identified and therefore perennial species greatly outnumbered the annual species on the plot.\r\nRecommendations: \r\n2020: The ESR rehabilitation objectives have not been fully met for these treatments. While the drill seeded grasses are establishing themselves, seeded forbs and shrubs will need more time to establish and become firmly rooted. There was an allotment closure issued for the Deeth allotment. The allotment closure objective of three perennial grasses per square meter have not been met it is advised that the area is given more rest so the seeded species may further establish. \r\n2022: The ESR rehabilitation objectives have not been fully met for these treatments. While the drill seeded grasses are establishing themselves, seeded forbs and shrubs will need more time to establish and become firmly rooted. There was an allotment closure issued for the Deeth allotment. The allotment closure objective of three perennial grasses per square meter has been met but it is advised that the area is given more rest so the seeded species may further establish.",Polygon,Confirmed,Digitized by LTDL data entry personnel using a confirmed map,6/17/2020,4087.76,4087.76,NA,BLM,"Cover for wildlife, Erosion, Establishment of seeded species, Forage for wildlife, Forage quality, Habitat for antelope, Habitat for elk, Habitat for greater sage grouse, Habitat for mule deer, Habitat for sage grouse, Habitat for wildlife, Habitat productivity, Habitat quality, Loss of desirable species, Loss of sagebrush, Nesting bird species, Vegetal cover, Wildlife in treated area","Provide essential forage and cover for greater sagegrouse,\r\nmule deer, and antelope, and will promote structural and species diversity within the\r\nburned area.",NA,NA,NA,NA,"$26.29/ acre.\r\nTreatment feature and separate aerial seed list indicate that less acres were seeded than original planned, Aerial Seed list has 4136 acres treated, which although greater than the feature it is closer than the planned acreage. Acreage for RIPS report seems to be a combination of the planned acreage for both aerial seed mixes.",18:17:00,10,1,2017,10,01,9,30,2018,09,30
11082,30038,Seeding,Drill Seeding,Ground Seeding: Drill,19311,293165,61883,3,1953-09-02,1953-09-22,9/2/1953,9/22/1953,actual,actual,20,Implemented,Failure,2,Acres,1205,-1,Confirmed seed list,Deer furrow drill seeding,Seeds,Confirmed on Paper,Unknown,Species Specific,NA,Drill seeding was implemented to establish seeded crested wheatgrass.,Unknown planning.,1205 acres were seeded with deep furrow drills in a satisfactory manner. An AC-9 provided the power.,The seeding was deemed a failure in 1955. Recent observations (as of 1997) of this seeding show that over 50 percent of the seeded area has little to no grasses with sagebrush being the dominant vegetation.,Polygon,Confirmed,"Digitized by BLM field office personnel, method unknown",NA,1279.260416,1279.176609,The lower portion was digitized by the LTDL through the use of the Final Report.,NA,"Livestock in treated area, Noxious Weeds, Overgrazing, Provide forage for livestock, Rangeland health",The purpose of the project was to plow and drill seed the area. Type of project: Sagebrush clearing.,None,NA,None,The seedbed was dry at the time of seeding. There was rain after the seeding.,NA,13:58:00,9,2,1953,09,02,9,22,1953,09,22
11082,30039,Vegetation/Soil Manipulation,Soil Disturbance,Soil Disturbance: Cultipacking,19312,293166,61883,3,1953-09-02,1953-09-22,9/2/1953,9/22/1953,actual,actual,20,Implemented,Unknown,2,Acres,1205,0,NA,NA,NA,NA,NA,NA,NA,Cultipacking was used to cover the seed.,Unknown planning.,The 1205 acres of drill seeding was followed by cultipackers.,NA,Polygon,Confirmed,"Digitized by BLM field office personnel, method unknown",NA,1279.260416,1279.176609,The lower portion was digitized by the LTDL through the use of the Final Report.,NA,"Livestock in treated area, Noxious Weeds, Overgrazing, Provide forage for livestock, Rangeland health",The purpose of the project was to plow and drill seed the area. Type of project: Sagebrush clearing.,None,NA,None,NA,NA,23:04:00,9,2,1953,09,02,9,22,1953,09,22
5240,14515,Seeding,Aerial Seeding,Aerial Seeding: Rotor Wing,9106,290554,61916,2,2007-12-15,2007-12-15,12/00/2007,12/00/2007,estimated day,estimated day,0,Implemented,Unknown,2,Acres,2622,-1,Confirmed seed list,Aerial Low Elevation Wildlife Seeding,Seeds,Confirmed on Paper,Unknown,Species Specific,"The seed mix data for this treatment is inconsistent.  The BAR Plan called for a mix of Wyoming Big Sagebrush and Western Yarrow, the 2007 Hepworth Fire Aerial Wildlife Seeding replaces Western Yarrow with Small Burnett, and the 2008 Monitoring Summary and Funding Request claims the mix was Wyoming Big Sagebrush and Blue Flax.",The primary objective of the treatment is to seed areas of the burn that are at high risk for significant erosion and non-native species invasion. To improve vegetation structure and reintroduce the shrub component to improve habitat.,"?\tLow Elevation Seeding - This seeding will consist of Wyoming big sagebrush and western yarrow and will be aerially applied over approximately 2,585 acres of Wyoming sagebrush sites that are located below 6,000 feet through the bottomlands of the burned area.  This area is occupied by sage grouse, mule deer, and pronghorn antelope.  The Low Elevation Seed Mix will be aerial seeded with an every other swath pattern comprising of 7,755 acres.","An aerial mix of Wyoming big sage and Blue flax was applied to 1,178 acres of the burned area. This treatment was done in December with a helicopter through and aircraft rental agreement. AgNav maps of the aerial seeding were completed for the project file. Aerial seeding was monitored to ensure that seed was being dispersed in the proper area and at the specified rate. A project inspector was present throughout the process to ensure the treatment met contract specifications.","BLM monitoring personnel assess the seeding areas yearly to evaluate treatment success.  Effectiveness is based on establishment of three seeded plants per square meter rooted firmly in the soil with consideration to site selection factors such as soils, topography, native release of desirable species, and the potential for seedling establishment. Monitoring data is shared with range staff to provide comparisons with unburned reference sites.\r\n\r\nMonitoring Results: Please see the drill seeding mix in the \u201cEmergency Stabilization Treatments\u201d section for combined monitoring results of the drill seeding and aerial overseeding treatment.",Polygon,Confirmed,"Digitized by BLM field office personnel, using an aircraft GPS unit",NA,2622.176346,2552.345131,NA,BLM and Cooperators,"Erosion, Habitat for antelope, Habitat for mule deer, Habitat for sage grouse, Impact on Cultural Resources, Invasion by Cheatgrass, Livestock in treated area, Noxious Weeds, Special Status Species, Watershed degradation, Provide forage for wildlife","Implementation of the proposed action described in the Emergency Stabilization and Rehabilitation Plan for the Hepworth Fire will protect soils in the burned area, including preventing potential loss of soil due to wind and water erosion&* will reduce potential invasion and establishment of noxious weeds and cheatgrass&* will provide quality forage for livestock and wildlife&* will facilitate meeting established standards and guidelines for livestock grazing&* will protect cultural resources sites eligible for the National Register of Historic Places&* and provide for public safety.",None,NA,None,NA,"Aerial and drill seeding areas overlap.\r\nThe 2008 Monitoring Summary and Funding Request combines monitoring of the drill and aerial seedings. Seed mix data differs between Plan, Summary, and Seed List.",42:47:00,12,00,2007,12,15,12,00,2007,12,15
5240,14516,Seeding,Drill Seeding,Ground Seeding: Drill,9107,290555,61916,2,2007-12-15,2007-12-15,12/00/2007,12/00/2007,estimated day,estimated day,0,Implemented,Unknown,1,Acres,4708,-1,Confirmed seed list,Drill Seed Mix,Seeds,Confirmed on Paper,Unknown,Species Specific,The 2008 Monitoring Summary and Funding Request replaces Great Basin Wildrye with Scarlet globemallow.\r\nSee seed list in the ESR for planned amounts.,"The primary objective of the treatment is to seed areas of the burn that are at high risk for significant erosion and non-native species invasion. Due to these risks coupled with moderate annual precipitation (8-10 inches), a seed mix consisting of native species (Indian Ricegrass, Big bluegrass, Snake River wheatgrass, Blue flax and Scarlet globemallow, ) was selected to decrease soil erosion and the possibility of invasion by non-native species.\r\nAreas identified for treatment are those with the highest vegetation mortality or most at risk for cheatgrass invasion or major erosion. Post-fire assessments identified these areas as least likely to naturally revegetate to a functioning state.","Drill seed approximately 4,350 acres with a mixture of Indian ricegrass, Sherman bluegrass, Snake River wheatgrass, Great Basin wildrye and blue flax. This seeding will be completed using a rangeland or minimum till drill.\r\n\r\n\r\nDrill seeding is being proposed to address soil and water stabilization issues on the Hepworth Fire, as well as deterring invasive species.  A native mix of Indian ricegrass, Sherman bluegrass, Snake River wheatgrass, Great Basin wildrye and blue flax will be seeded on 4,350 acres of mid elevation sites that burned hot, with high vegetation loss that are appropriate for drill seeding. \r\nThe cost of ground seeding is $382,065. Post-fire assessments identified only areas for treatment that are at highest risk for permanent site conversion. The size of the area and cost of rehabilitating these sites will be much smaller following the current proposal.  Should these proposals not be implemented and cheatgrass invasion and major erosion occur, the cost and size of the restoration project could be enormous.","A seed mix consisting of native species (Indian Ricegrass, Big bluegrass, Snake River wheatgrass, Blue flax and Scarlet globemallow, ) was selected to decrease soil erosion and the possibility of invasion by non-native species.","BLM monitoring personnel assess the seeding areas yearly to evaluate treatment success.  Effectiveness is based on establishment of three seeded plants per square meter rooted firmly in the soil with consideration to site selection factors such as soils, topography, native release of desirable species, and the potential for seedling establishment. Monitoring data is shared with range staff to provide comparisons with unburned reference sites.\r\n\r\nThe summary for the drill seeding was compiled from the data of 3 study sites: HES2-01, HES2-02 and HES2-03. These three sites were sampled using the USGS post-fire revegetation monitoring protocol, combining line-point intercept,  gap intercept, belt transect and photo point techniques. An in depth scientific analysis of seeding success will be compiled in early FY09. \r\n\r\nIn the first year post-fire and post-treatment, both seeded and native species were recorded in the study plots on the Hepworth Fire. \r\n\r\nSeeded species per square meter were observed with the following density: \r\nIndian ricegrass, .64\r\nBig Bluegrass, .12\r\nSnake River wheatgrass, .2\r\nBlue flax, .17\r\nTotal seeded species observed per meter: .95\r\n\r\nThe following native release species were also observed within the transects: POSE, SIHY, ELCI, AGSP CHVI-8, AGCR, AGDA, AGGL, ASTRA, ERSP, TRDU, AMTE, LUPIN, ASTER, PHHO, ALLIU, MEAL, LASE, GARA, CRAC and CRYPT\r\n\r\nThe following invasive/ potentially invasive species were observed within the transect: BRTE, DEPI, SIAL and LEPE",Polygon,Confirmed,"Digitized by BLM field office personnel, method unknown",NA,4708.826144,4619.685787,NA,Contractor,"Erosion, Habitat for antelope, Habitat for mule deer, Habitat for sage grouse, Impact on Cultural Resources, Invasion by Cheatgrass, Livestock in treated area, Noxious Weeds, Special Status Species, Watershed degradation, Provide forage for wildlife","Implementation of the proposed action described in the Emergency Stabilization and Rehabilitation Plan for the Hepworth Fire will protect soils in the burned area, including preventing potential loss of soil due to wind and water erosion&* will reduce potential invasion and establishment of noxious weeds and cheatgrass&* will provide quality forage for livestock and wildlife&* will facilitate meeting established standards and guidelines for livestock grazing&* will protect cultural resources sites eligible for the National Register of Historic Places&* and provide for public safety.",None,NA,None,NA,"Aerial and drill seeding areas overlap.\r\nThe 2008 Monitoring Summary and Funding Request combines monitoring of the drill and aerial seedings. Seed mix data differs between Plan, Summary, and Seed List.",59:09:00,12,00,2007,12,15,12,00,2007,12,15
24979,70456,Vegetation/Soil Manipulation,Vegetation Disturbance,Tree/Brush Control: Pinyon Juniper Removal,44309,291914,62007,2,2020-11-09,2020-12-15,11/9/2020,12/15/2020,actual,actual,36,Implemented,Unknown,2,Acres,3323,0,No seed list,NA,NA,NA,NA,NA,NA,"Juniper and Pinyon pine removal will eliminate plant competition for plants crucial to mule deer winter forage. This action will also benefit greater sage-grouse, by eliminating perch sites for predators.","The removal of single-leaf pinyon pin and Utah juniper trees using chainsaws across the project area, minus leave areas such as old growth conifer stands or other wildlife leave areas. Trunks shall be cut and left as close to the ground as possible, with stumps no taller than 6 inches. No limbs left attached to trunks.\r\n\r\nAdditional stipulations: \r\nRetain any mountain mahogany if encountered.\r\nTrees containing raptor nests will be retained.","Hand cutting of pinyon/juniper completed, verified by GIS attribute table.",Unknown.,Polygon,Confirmed,"Digitized by LTDL data entry personnel, merged map from various sources",6/5/2023,3222.73,3222.57,Treatment acres greater than feature acres because it does not account for leave area.,BLM and Cooperators,"Habitat for mule deer, Encroaching vegetation","Improve crucial winter habitat  for mule deer, which has been reduced by juniper and pinyon pine encroachment.",NA,NA,NA,NA,NA,40:01:00,11,9,2020,11,09,12,15,2020,12,15
24979,70460,Vegetation/Soil Manipulation,Vegetation Disturbance,Tree/Brush Control: Lop and Scatter,44310,291915,62007,2,2020-11-09,2020-12-15,11/9/2020,12/15/2020,actual,actual,36,Implemented,Unknown,2,Acres,3323,0,No seed list,NA,NA,NA,NA,NA,NA,"Juniper and Pinyon pine removal will eliminate plant competition for plants crucial to mule deer winter forage. This action will also benefit greater sage-grouse, by eliminating perch sites for predators.","Once the trees are cut, they will be lopped and scattered in pieces less than 4 feet in length, so that no tree slash is piled or protruding higher than 24 inches from the ground. Slash shall be cut into pieces less than 4 ft long.\r\n\r\nAdditional stipulations:\r\nDragging of material should be limited to what is necessary to meet the 24-inch depth requirement.","Lop and scatter of pinyon/juniper slash completed, verified by GIS attribute table.",Unknown.,Polygon,Confirmed,"Digitized by LTDL data entry personnel, merged map from various sources",6/5/2023,3222.73,3222.57,NA,BLM and Cooperators,"Habitat for mule deer, Encroaching vegetation","Improve crucial winter habitat  for mule deer, which has been reduced by juniper and pinyon pine encroachment.",NA,NA,NA,NA,NA,18:32:00,11,9,2020,11,09,12,15,2020,12,15
2249,6137,Vegetation/Soil Manipulation,Soil Disturbance,Soil Disturbance: Plowing,3934,290266,62426,2,1966-08-16,1966-10-21,8/16/1966,10/21/1966,actual,actual,66,Implemented,Unknown,2,Acres,2615,0,NA,NA,NA,NA,NA,NA,NA,Plowing,NA,NA,Unknown,Polygon,Confirmed,"Digitized by BLM field office personnel, method unknown",NA,2694.48,2693.07,NA,Contractor,Provide forage for livestock,"This proposed project lies in T. 15 S., R. 10 & 11 E., B.M., Idaho, in Sections 18, 19, 29, 30, 31, and 32 and consists of 2,500 acres. It lies north of the Three Creek-Jarbidge road in Owyhee County. This project is entirely enclosed by fence. Due to the lack of perennial vegetation and the close proximity on the west by private land consisting of hay meadows, spraying is infeasible.\r\n\r\nDue to the lack of perennial grass of a worthwhile nature and the levelness of the terrain, depth of soil, and need for more forage, this project should be plowed.",NA,NA,NA,NA,NA,04:28:00,8,16,1966,08,16,10,21,1966,10,21
2249,6138,Seeding,Drill Seeding,Ground Seeding: Drill,3935,290267,62426,2,1966-08-16,1966-10-21,8/16/1966,10/21/1966,actual,actual,66,Implemented,Unknown,2,Acres,2615,-1,Confirmed seed list,Drill Mix,Seeds,Confirmed on Paper,Unknown,Unknown,NA,Seeding,NA,NA,Unknown,Polygon,Confirmed,"Digitized by BLM field office personnel, method unknown",NA,2694.48,2693.07,NA,Contractor,Provide forage for livestock,"This proposed project lies in T. 15 S., R. 10 & 11 E., B.M., Idaho, in Sections 18, 19, 29, 30, 31, and 32 and consists of 2,500 acres. It lies north of the Three Creek-Jarbidge road in Owyhee County. This project is entirely enclosed by fence. Due to the lack of perennial vegetation and the close proximity on the west by private land consisting of hay meadows, spraying is infeasible.\r\n\r\nThis project site has been grazed fairly heavy this spring by livestock. At this time due to heavy grazing forage value is nil.",NA,NA,NA,NA,NA,04:37:00,8,16,1966,08,16,10,21,1966,10,21
6211,17163,Vegetation/Soil Manipulation,Soil Disturbance,Soil Disturbance: Plowing,10804,290646,62469,2,1953-08-20,1954-01-20,8/20/1953,1/20/1954,actual,actual,153,Implemented,Successful,2,Acres,4000,0,NA,NA,NA,NA,NA,NA,NA,NA,NA,Four thousand acres in a solid block of land was plowed with Moline Wheatland plows and seeded with drills fitted with double disc seeding shoes.  In the south field 400 acres were seeded with intermediate wheatgrass and every fourth row to sevelra alfalfa.  The remainder was seeded to crested wheatgrass.,This area was grazed heavily in the spring by both sheep and cattle.  But grass looks like it has never been grazed due to increased growth after grazing period.  Halogeton was discovered on south south western corner of seeding.,Polygon,Confirmed,Digitized by LTDL data entry personnel using a confirmed map,6/7/2012,7197.114578,7135.33829,NA,NA,"Invasion by non-native annuals, Provide forage for livestock","halogeton infestations in the southern region of project area, grazed by cattle in the spring and fall.",None,NA,None,NA,NA,23:21:00,8,20,1953,08,20,1,20,1954,01,20
6211,17162,Seeding,Drill Seeding,Ground Seeding: Drill,10805,290647,62469,2,1953-08-20,1954-01-20,8/20/1953,1/20/1954,actual,actual,153,Implemented,Successful,2,Acres,4000,-1,Confirmed seed list,NA,Seeds,Confirmed on Paper,Unknown,Species Specific,"The seed mix did not indicate whether bulk or PLS rates were used, therefore, unknown has been listed and all seed mix information has been entered into the Bulk category.",NA,NA,Four thousand acres in a solid block of land was plowed with Moline Wheatland plows and seeded with drills fitted with double disc seeding shoes.  In the south field 400 acres were seeded with intermediate wheatgrass and every fourth row to sevelra alfalfa.  The remainder was seeded to crested wheatgrass.,This area was grazed heavily in the spring by both sheep and cattle.  Grass looks like it has never been grazed due to increased growth after grazing period.  Halogeton was discovered on south south western corner of seeding.,Polygon,Confirmed,Digitized by LTDL data entry personnel using a confirmed map,6/7/2012,7197.114578,7135.33829,NA,NA,"Invasion by non-native annuals, Provide forage for livestock","halogeton infestations in the southern region of project area, grazed by cattle in the spring and fall.",None,NA,None,NA,NA,33:51:00,8,20,1953,08,20,1,20,1954,01,20
21334,54667,Vegetation/Soil Manipulation,Soil Disturbance,Soil Disturbance: Plowing,34243,294064,62726,3,1951-08-28,1952-11-12,8/28/1951,11/12/1952,actual,actual,442,Implemented,Unknown,1,Acres,4630.81,0,NA,NA,NA,NA,NA,NA,NA,Reduce Big sagebrush,NA,Mechanical plowing,Unknown,Polygon,Confirmed,"Digitized by BLM field office personnel, method unknown",None,4630.81,3993.52,NA,Unknown,"Brush control, Establishment of seeded species, Forage for livestock, Forage quality, Loss of perennials, Loss of desirable species",Increasing usable forage,NA,NA,NA,NA,NA,02:34:00,8,28,1951,08,28,11,12,1952,11,12
21334,54668,Seeding,Ground Seeding,Ground Seeding: Broadcast,34244,294065,62726,3,1951-08-28,1952-11-12,8/28/1951,11/12/1952,actual,actual,442,Implemented,Unknown,1,Acres,4630.81,-1,No seed list,NA,Seeds,No Seed List,Unknown,Not Available,NA,Increasing ground cover and usable forage\r\nNon-native perennial grasses.,NA,Fertilizer spreader used to broadcast seed and spike tooth harrow drags used to cover seed.,Unknown,Polygon,Confirmed,"Digitized by BLM field office personnel, method unknown",None,4630.81,3993.52,NA,Unknown,"Brush control, Establishment of seeded species, Forage for livestock, Forage quality, Loss of perennials, Loss of desirable species",Protect soil by increasing ground cover and usable forage,NA,NA,NA,NA,NA,04:32:00,8,28,1951,08,28,11,12,1952,11,12
21334,54669,Vegetation/Soil Manipulation,Soil Disturbance,Soil Disturbance: Harrowing,34245,294066,62726,3,1951-08-28,1952-11-12,8/28/1951,11/12/1952,actual,actual,442,Implemented,Unknown,1,Acres,NA,0,NA,NA,NA,NA,NA,NA,NA,Cover seed,NA,Fertilizer spreader used to broadcast seed and spike tooth harrow drags used to cover seed.,Unknown,Polygon,Confirmed,"Digitized by BLM field office personnel, method unknown",None,4630.81,3993.52,NA,Unknown,"Brush control, Establishment of seeded species, Forage for livestock, Forage quality, Loss of perennials, Loss of desirable species",Protect soil by increasing ground cover and usable forage,NA,NA,NA,NA,NA,12:53:00,8,28,1951,08,28,11,12,1952,11,12
21188,53866,Seeding,Aerial Seeding,Aerial Seeding,33865,291640,63590,2,2018-10-01,2019-09-30,10/1/2018,9/30/2019,actual,actual,364,Implemented,Unknown,1,Acres,1815,-1,Planned seed list,Low Elevation Mix,Seeds,Plan,Unknown,Species Specific,NA,"Seeding low elevation areas. The objective of the aerial seeding treatment is to revegetate the burned area with a well-adapted species mix that provides forage and will promote structural and species diversity within the burned area. Objectives will be considered met for the aerial seed mix if 1 seeded native forb, 3 seeded native grasses, 0.3 seeded native shrubs, and 1 seeded non-native shrub are observed in post-fire monitoring within 5 years.","Aerial seed approximately 15,419 acres of public lands with grass, forb and shrub species appropriate for\r\nthe site, based on resistance and resilience concepts, ecological site desc1iptions and field specialist\r\nknowledge of site conditions and potential. The goal of reseeding the treatment areas with these species is\r\nto help provide forage and cover for GRSG, upland big game species, and other wildlife, reduce water\r\nerosion hazards by stabilizing soils, increase the rate at which native vegetation is restored, maintain a\r\nhealthy, productive, and diverse plant community, and minimize the establishment of exotic annual\r\nplants.","Aerial seeding completed, confirmed by treatment map from monitoring report.","Goose Creek AIM Plot 08 is located in an unknown rangeland site.\r\n2020: Gaps on the plot were primarily between 51 and 100 cm long. Overall, gaps occupied approximately 40% of the average 25m transects. Common pedestals, common waterflow patterns, and common deposition/runoff were observed on the plot. This indicates slight instability of soil on the site, so wind and water erosion are a slight concern for the site.\r\n\r\nSpecies Richness:\r\n2019: An average of forty-six (46) different plant species were observed within the 2,827.4 square meter monitoring plots.\r\n2020: An average of thirty-eight (38) different plant species were observed within the 2,827.4 square meter monitoring plots.",Polygon,Confirmed,Digitized by LTDL data entry personnel using a confirmed map,3/25/2021,1917.46,1776.83,NA,Unknown,Establishment of seeded species,Low Elevation Seeding,NA,NA,NA,NA,This treatment was created based on the seed lists that were included in the monitoring summary report.\r\n\r\n2020 Monitoring Report included the treatment on the Treatment Map in part 11.,56:43:00,10,1,2018,10,01,9,30,2019,09,30
21188,53848,Herbicide/Weeds/Chemical,Herbicide,Herbicide Application,33867,291641,63590,2,2018-10-01,2019-09-30,10/1/2018,9/30/2019,actual,actual,364,Implemented,Unknown,1,Acres,2100,0,NA,NA,NA,NA,NA,NA,NA,"The objective of this treatment is to aerially apply Imazapic (an herbicide) on\r\napproximately 2,100 acres to target cheatgrass populations.",Inventory methods would be a broad scale ocular observation for qualitative and quantitative data. Infestations found would be documented using the global positioning system (GPS) for mapping and would be included in the plan for treatment at the next appropriate treatment time. The access roads through the fire and the Dozerlines would also be surveyed.\r\nTreatments would consist of an integrated weed management approach emphasizing mechanical and chemical methods. Chemical treatments would be done in accordance with all label requirements and conform to the BLM Chemical Pest Control Handbook H-9011-1. Chemicals used would be approved for use on BLM administered lands and applied following standard safety and operating procedures.,See treatment notes.,Unknown,Polygon,Confirmed,Digitized by LTDL data entry personnel using a confirmed map,3/26/2021,2576.9,2382.11,NA,Unknown,"Invasion by cheatgrass, Invasion by non-native annuals, Invasive species",Cheatgrass.,NA,NA,NA,NA,It is assumed that this treatment occurred based on the monitoring summary note stating a point was created in the aerial herbicide treated area. The treatment was also included on the 2020 Monitoring Map.,18:04:00,10,1,2018,10,01,9,30,2019,09,30
2069,5645,Vegetation/Soil Manipulation,Soil Disturbance,Soil Disturbance: Plowing,3652,290214,63909,2,1957-06-19,1957-10-25,6/19/1957,10/25/1957,actual,actual,128,Implemented,None,1,Acres,3986,0,NA,NA,NA,NA,NA,NA,NA,To kill the sagebrush and prepare the seed bed.,NA,Regular wheatland plows were used to kill the sagebrush and prepare the seed bed. Approximately 98% of the sage was killed.,NA,Polygon,Confirmed,"Digitized by BLM field office personnel, method unknown",NA,4647.338514,4626.80155,NA,NA,None,To kill the sagebrush and prepare the seed bed.,None,"The plowing was done mostly done during July and August. The soil was dry as powder, consequently traffic over the plowed area, due to the soft powdery soil, was limited to vehicles having four wheel drive.",None,NA,NA,19:13:00,6,19,1957,06,19,10,25,1957,10,25
2069,5646,Seeding,Drill Seeding,Ground Seeding: Drill,3653,290215,63909,2,1957-06-19,1957-10-25,6/19/1957,10/25/1957,actual,actual,128,Implemented,None,1,Acres,3986,-1,Confirmed seed list,seed mix,Seeds,Confirmed on Paper,Unknown,Unknown,"The seed mix did not indicate whether bulk or PLS rates were used, therefore, unknown has been listed and all seed mix information has been entered into the Bulk category.",This program will aid in the control of halogeton and other weeds.,Big sagebrush will be plowed and the land planted to crested wheat grass.,Regular grain drills with discs and shoes removed were used to broadcast the seed on the surface. Spike tooth harrows were drawn behind the drills and covered seed.,NA,Polygon,Confirmed,"Digitized by BLM field office personnel, method unknown",NA,4647.338514,4626.80155,NA,NA,"Invasion by non-native annuals, Livestock in treated area, Noxious Weeds",This program will aid in the control of halogeton and other weeds.,None,NA,"Dry, Raining","Generally the soil was dry and dusty at seeding time, however, a few local showers came and helped firm the soil for a few days. Heavy storms did not come until January, 1958.",NA,18:20:00,6,19,1957,06,19,10,25,1957,10,25
4444,12413,Vegetation/Soil Manipulation,Soil Disturbance,Soil Disturbance: Plowing,7762,290500,63928,2,1962-11-14,1964-05-14,11/14/1962,5/14/1964,actual,actual,547,Implemented,Unknown,2,Acres,4625,0,NA,NA,NA,NA,NA,NA,NA,Reduce big sagebrush,"Plow and seed 4,000 acres","Seedbed preparation was accomplished by disc plowing with 26"" offset disc plows.",Unknown,Polygon,Confirmed,"Digitized by BLM field office personnel, method unknown",NA,5699.49,5699.48,NA,BLM and Cooperators,"Establishment of seeded species, Seedbed preparation",NA,None,NA,None,NA,NA,08:56:00,11,14,1962,11,14,5,14,1964,05,14
4444,12414,Seeding,Drill Seeding,Ground Seeding: Drill,7763,290501,63928,2,1962-11-14,1964-05-14,11/14/1962,5/14/1964,actual,actual,547,Implemented,Unknown,2,Acres,4625,-1,Confirmed seed list,Drill Mix,Seeds,Confirmed on Paper,Unknown,Species Specific,NA,"Plow and seed 4,000 acres",NA,Seed was drilled into soil by standard grain drills.,Unknown,Polygon,Confirmed,"Digitized by BLM field office personnel, method unknown",NA,5699.49,5699.48,NA,BLM and Cooperators,"Erosion, Forage for livestock, Forage quality, Livestock in treated area, Vegetal cover",Protect soil by increasing ground cover and usable forage,None,NA,None,NA,NA,09:05:00,11,14,1962,11,14,5,14,1964,05,14
7819,21352,Seeding,Ground Seeding,Ground Seeding,13576,290808,63957,2,1954-09-10,1954-10-02,9/10/1954,10/2/1954,actual,actual,22,Implemented,Unknown,1,Acres,3618,-1,Confirmed seed list,NA,Seeds,Confirmed on Paper,Unknown,Unknown,"The seed mix did not indicate whether bulk or PLS rates were used, therefore, unknown has been listed and all seed mix information has been entered into the Bulk category.",Halogeton reseeding project.,NA,Plowing and seeding big sagebrush to crested wheat grass and Ladak alfalfa.,9/6/1962: The seeding as a whole is good to excellent. Sections 1 & 2 has a numerous amount of sagebrush and rabbitbrush. The upper sections have only a small amount of sagebrush scattered throughout but here are few large of sage.,Polygon,Confirmed,"Digitized by BLM field office personnel, method unknown",NA,3702.02,3056.78,NA,Contractor,"Noxious Weeds, Brush control, Encroaching vegetation, Establishment of seeded species, Loss of desirable species, Loss of vegetation, Seedbed preparation, Vegetal cover",Halogeton reseeding project.,Unknown,NA,Unknown,NA,NA,24:24:00,9,10,1954,09,10,10,2,1954,10,02
7819,21353,Vegetation/Soil Manipulation,Soil Disturbance,Soil Disturbance: Plowing,13577,290809,63957,2,1954-09-10,1954-10-02,9/10/1954,10/2/1954,actual,actual,22,Implemented,Unknown,1,Acres,3618,0,NA,NA,NA,NA,NA,NA,NA,Brush control,To plow the area,Plowing big sage brush.,Unknown,Polygon,Confirmed,"Digitized by BLM field office personnel, method unknown",NA,3702.02,3056.78,NA,Contractor,"Noxious Weeds, Brush control, Encroaching vegetation, Establishment of seeded species, Loss of desirable species, Loss of vegetation, Seedbed preparation, Vegetal cover",Halogeton reseeding project.,Unknown,NA,Unknown,NA,NA,24:29:00,9,10,1954,09,10,10,2,1954,10,02
7820,21354,Seeding,Drill Seeding,Ground Seeding: Drill,13578,290810,63958,2,1956-07-06,1956-11-01,7/6/1956,11/1/1956,actual,actual,118,Implemented,Successful,1,Acres,2000,-1,Confirmed seed list,NA,Seeds,Confirmed on Paper,Unknown,Unknown,"The seed mix did not indicate whether bulk or PLS rates were used, therefore, unknown has been listed and all seed mix information has been entered into the Bulk category.",Rehabilitate the ranges and increase their productiveness and value.,NA,"The seed was broadcast with grain drills and spoke tooth harrows drawn behind to cover seed. The drills were drawn behind the off-set discs the second time over the brush and eliminated three operations. This double discing operation chopped the brush into small pieces and the seed bed looked very good for planting. Furthermore, if seed is harvested from this field it will be much easier on the combine to cut because it is free of big brush.",NA,Polygon,Confirmed,"Digitized by BLM field office personnel, method unknown",NA,2039.331578,2039.114166,NA,NA,Provide forage for wildlife,Rehabilitate the ranges and increase their productiveness and value.,None,NA,None,A very beneficial rain came wetting the soil as the seed drilling was completed. Subsequently the winter&$s snow was deficient.,NA,15:27:00,7,6,1956,07,06,11,1,1956,11,01
7820,21355,Vegetation/Soil Manipulation,Soil Disturbance,Soil Disturbance: Plowing,13579,290811,63958,2,1956-07-06,1956-11-01,7/6/1956,11/1/1956,actual,actual,118,Implemented,None,1,Acres,2000,0,NA,NA,NA,NA,NA,NA,NA,Brush removal,NA,Offset discs were used to plow and kill the brush. Twice over was necessary to adequately kill the brush. 95-99% kill.,NA,Polygon,Confirmed,"Digitized by BLM field office personnel, method unknown",NA,2039.331578,2039.114166,NA,NA,None,NA,None,NA,None,NA,NA,11:14:00,7,6,1956,07,06,11,1,1956,11,01
9499,25819,Vegetation/Soil Manipulation,Soil Disturbance,Soil Disturbance: Plowing,16471,290908,63961,2,1952-10-09,1953-10-01,10/9/1952,10/1/1953,actual,actual,357,Implemented,None,1,Acres,6883,0,NA,NA,NA,NA,NA,NA,NA,NA,NA,Preparing seed bed with wheatland plows.,NA,Polygon,Confirmed,"Digitized by BLM field office personnel, method unknown",NA,9262.295919,6608.058247,NA,NA,None,NA,None,NA,None,NA,NA,16:14:00,10,9,1952,10,09,10,1,1953,10,01
9499,25818,Seeding,Drill Seeding,Ground Seeding: Drill,16472,290909,63961,2,1952-10-09,1953-10-01,10/9/1952,10/1/1953,actual,actual,357,Implemented,None,1,Acres,6883,-1,Confirmed seed list,drill mix,Seeds,Confirmed on Paper,Unknown,Unknown,"The seed mix did not indicate whether bulk or PLS rates were used, therefore, unknown has been listed and all seed mix information has been entered into the Bulk category.",NA,NA,Broadcasting crested wheat and clover with grain drills and harrows. 3185 acres of this project (north of Grays landing road) was completed in 1952 and the remainder in 1953.,NA,Polygon,Confirmed,"Digitized by BLM field office personnel, method unknown",00/00/0000,9262.295919,6608.058247,NA,NA,None,NA,None,NA,None,NA,NA,17:57:00,10,9,1952,10,09,10,1,1953,10,01
10041,27274,Herbicide/Weeds/Chemical,Herbicide,Herbicide Application: Brush/Tree Control,17449,290950,63973,2,1964-05-08,1964-11-01,5/8/1964,11/1/1964,actual,actual,177,Implemented,See Comments,1,Acres,5831,0,NA,NA,NA,NA,NA,NA,NA,NA,"Herbicide will be 2,4-D butyl ester applied at the rate of 2# of acid equivalent per acre.","Project consisted of aerial spraying of sagebrush with 2,4-D at a rate of 1/3 gal. of low vol. ester and 5 2/3 gal. of water per acre (2 lb. acid equiv. per acre).",1967: Good Artr kill in most areas.,Polygon,Confirmed,"Digitized by BLM field office personnel, method unknown",NA,6509.265595,6315.723503,NA,See Cooperators List,Other (See Trt Notes),This area is in the beetleaf hopper infestation and this project will aid in controlling the host plants and thereby reduce the acreage of the infested area.,None,NA,None,NA,NA,45:24:00,5,8,1964,05,08,11,1,1964,11,01
10041,27275,Seeding,Drill Seeding,Ground Seeding: Drill,17452,290951,63973,2,1964-05-08,1964-11-01,5/8/1964,11/1/1964,actual,actual,177,Implemented,Unknown,1,Acres,4471,-1,Confirmed seed list,Drill mix,Seeds,Confirmed on Paper,Unknown,Species Specific,"The seed mix did not indicate whether bulk or PLS rates were used, therefore, unknown has been listed and all seed mix information has been entered into the Bulk category.",This area is in the beetleaf hopper infestation and this project will aid in controlling the host plants and thereby reduce the acreage of the infested area.,Area will be seeded to 6 # crested wheat per acre in the fall of F.Y. 1965.,"At a rate of 6 lb. per acre, 4,471 acres was drilled to crested wheatgrass.",1967: A good established stand of crested wheatgrass. Evidence of erosion is slight. The carrying capacity of the range has been greatly increased.,Polygon,Confirmed,Digitized by LTDL data entry personnel using a confirmed map,5/16/2011,5457.421416,5253.306187,BLM provided shapefile did not match the treatment map. BLM shapefile is included in the hyperlinked Source Data Folder.,See Cooperators List,Other (See Trt Notes),This area is in the beetleaf hopper infestation and this project will aid in controlling the host plants and thereby reduce the acreage of the infested area.,None,NA,None,NA,NA,45:51:00,5,8,1964,05,08,11,1,1964,11,01
12656,34120,Seeding,Drill Seeding,Ground Seeding: Drill,21959,291366,63985,2,1964-10-15,1965-08-02,10/15/1964,8/2/1965,actual,actual,291,Implemented,Unknown,2,Acres,11194,-1,Confirmed seed list,Drill Mix,Seeds,Confirmed on Paper,Unknown,Species Specific,Seed data: Purity - 90%\r\nGermination - 84%,Method of seeding: Broadcasting with three 10' standard drills with chain drags and aitkenhead harrows.,"This project consists of disc plowing 10,000 acres of sagebrush rangeland, followed\r\nby drilling to Crested wheatgrass at a rate of six (6) pounds per acre.","Approximately 7,400 acres was plowed during the fall of 1964 with 6,500 acres being seeded at this time. The remaining acreage was plowed and seeded during the summer of 1965. The portion of the project which lies in T. 14 S., R. 13 E., is ""cut-up"" because of the rockiness of the ground.",Unknown,Polygon,Confirmed,"Digitized by BLM field office personnel, method unknown",NA,10692.62,10689.83,NA,Contractor,"Erosion, Provide forage for livestock, Vegetal cover",This treatment will reduce the sagebrush and increase the livestock and wildlife forage. It will also aid in conserving the soil moisture and reduce the soil erosion.,None,NA,None,NA,NA,47:05:00,10,15,1964,10,15,8,2,1965,08,02
12656,34119,Vegetation/Soil Manipulation,Soil Disturbance,Soil Disturbance: Plowing,21960,291367,63985,2,1964-10-15,1965-08-02,10/15/1964,8/2/1965,actual,actual,291,Implemented,Unknown,2,Acres,11194,0,NA,NA,NA,NA,NA,NA,NA,"Seedbed preparation: Plowing with two HD-21 cats, two 36' Towner disc plows with 26"" discs.","This project consists of disc plowing 10,000 acres of sagebrush rangeland, followed\r\nby drilling to Crested wheatgrass at a rate of six (6) pounds per acre.","Approximately 7,400 acres was plowed during the fall of 1964 with 6,500 acres being seeded at this time. The remaining acreage was plowed and seeded during the summer of 1965. The portion of the project which lies in T. 14 S., R. 13 E., is ""cut-up"" because of the rockiness of the ground.",Unknown,Polygon,Confirmed,"Digitized by BLM field office personnel, method unknown",NA,10692.23,10689.96,NA,Contractor,"Establishment of seeded species, Seedbed preparation",This treatment will reduce the sagebrush and increase the livestock and wildlife forage. It will also aid in conserving the soil moisture and reduce the soil erosion.,None,NA,None,NA,NA,49:00:00,10,15,1964,10,15,8,2,1965,08,02
21351,54744,Vegetation/Soil Manipulation,Soil Disturbance,Soil Disturbance: Plowing,34294,291752,64002,2,1961-10-12,1961-11-28,10/12/1961,11/28/1961,actual,actual,47,Implemented,Unknown,2,Acres,1051.51,0,NA,NA,NA,NA,NA,NA,NA,Remove sagebrush,NA,Plowing,Unknown,Polygon,Confirmed,"Digitized by BLM field office personnel, method unknown",None,1051.51,1050.94,NA,Unknown,"Seedbed preparation, Establishment of seeded species",Remove sagebrush,NA,NA,NA,NA,NA,57:54:00,10,12,1961,10,12,11,28,1961,11,28
21351,54745,Seeding,Drill Seeding,Ground Seeding: Drill,34295,291753,64002,2,1961-10-12,1961-11-28,10/12/1961,11/28/1961,actual,actual,47,Implemented,Unknown,2,Acres,1051.51,-1,Confirmed seed list,NA,Seeds,Confirmed in GIS,Unknown,Species Specific,NA,Increase perennial grasses,NA,Drill seeding,Unknown,Polygon,Confirmed,"Digitized by BLM field office personnel, method unknown",None,1051.51,1050.94,NA,Unknown,"Forage quality, Habitat quality, Loss of desirable species, Vegetal cover",Increase perennial grasses,NA,NA,NA,NA,NA,58:02:00,10,12,1961,10,12,11,28,1961,11,28
6027,16707,Vegetation/Soil Manipulation,Soil Disturbance,Soil Disturbance: Plowing,10531,294909,64346,4,1990-10-15,1991-12-15,10/00/1990,12/15/1991,estimated day,actual,426,Implemented,Unknown,1,Acres,309.81,0,NA,NA,NA,NA,NA,NA,NA,"- - - - - EA - - - - -\r\n\r\nThe proposed action is to establish approximately 19.9 miles of 300 foot wide plowed ""greenstrip&& corridors totaling 724 acres...Only 18.75 miles of plowed greenstrip are authorized at the present time for FY 91 construction.  The Balanced Rock-Y redrill ad 15 miles of new greenstrips would probably use up the current authorization.","- - - - - DR - - - - -\r\n\r\nThe greenstrip plowing will commence on or after November 1, 1990. The plowing should be completed no later than December 15, 1990 .\r\n\r\nPlowing would be done with a Towner offset disk plow or its equivalent.  The two-track roads would be plowed to eliminate all sagebrush up to the edge.",NA,NA,Polygon,Confirmed,"Digitized by BLM field office personnel, method unknown",NA,309.81,309.76,NA,NA,Fire hazard,"The proposed action will meet the fire presuppression objectives for the affected areas. The intent of the greenstrips is to reduce the chances of fires starting on the Bruneau Desert from burning into the East Fork of Clover Creek and Devil Creek, which are important wildlife and cultural resource areas and constitute some of the major remaining sagebrush stands in the Resource Area. The broken terrain would be difficult to rehabilitate satisfactorily and is extremely vulnerable to cheatgrass dominance and loss of shrubs.",None,NA,None,NA,"Acreage of planning, RIPS, and GIS differ",20:48:00,10,00,1990,10,15,12,15,1991,12,15
6027,16708,Seeding,Greenstrip,Greenstrip: Drill Seeding,10532,294910,64346,4,1990-10-15,1991-12-15,10/00/1990,12/15/1991,estimated day,actual,426,Implemented,Unknown,1,Acres,309.81,-1,Planned seed list,JRAFY91GS mix,Seeds,Plan,Unknown,Species Specific,NA,"- - - - - EA - - - - - \r\n\r\nThe proposed action is to establish approximately 19.9 miles of 300 foot wide plowed ""greenstrip"" corridors totaling 724 acres...Only 18.75 miles of plowed greenstrip are authorized at the present time for FY 91 construction. The Balanced Rock-Y redrill and 15 miles of new greenstrips would probably use up the current authorization.\r\n\r\nThe 19.9 miles of 300 foot wide greenstrips are separated into 7 different segments. The longest of these segments are the Juniper Ranch greenstrip complex which total 14.9 miles and the smallest, the Devil Creek greenstrip , is 1 mile long. The segments on the East Clover allotment total 3.95 miles long.","- - - - - DR - - - - -\r\n\r\nThe redrilling will be done in November of 1990 on sites which do not require replowing to control cheatgrass.\r\n\r\nThe drilling of the plowed ground should be completed by December 15, 1990, and should be done concurrently with the plowing to avoid leaving fallowed ground vulnerable to annual dominance.\r\n\r\nThe redrilling could be done with the two horizon drills which are being used on the nearby Salmon Falls and Salmon Creek EFR projects.  \r\n\r\nFourteen and nine-tenths miles of greenstrip would be installed along the 2-track road coming out of the burned area from the Crows Nest road.  The greenstrip would be 200 feet wide on the windward side and 100 feet wide on the leeward side of the 2-track road, except along fences where it is not desirable to go into another field from the standpoint of protecting immature seeding or where excessive rock necessitates relocation.\r\n\r\nIf sufficient moisture is in the soil during plowing to form firm clods rather than flour, or if sufficient rainfall occurs between the plowing and seeding operations to settle the seedbed, standard rangeland drills with drag chains may be used to plant the seed.",NA,NA,Polygon,Confirmed,"Digitized by BLM field office personnel, method unknown",NA,309.81,309.76,NA,NA,Fire hazard,"The proposed action will meet the fire presuppression objectives for the affected areas. The intent of the greenstrips is to reduce the chances of fires starting on the Bruneau Desert from burning into the East Fork of Clover Creek and Devil Creek, which are important wildlife and cultural resource areas and constitute some of the major remaining sagebrush stands in the Resource Area. The broken terrain would be difficult to rehabilitate satisfactorily and is extremely vulnerable to cheatgrass dominance and loss of shrubs.",None,NA,None,NA,"Acreage of planning, RIPS, and GIS differ",21:01:00,10,00,1990,10,15,12,15,1991,12,15
5505,15232,Seeding,Drill Seeding,Ground Seeding: Drill,9587,290570,65243,2,1952-09-30,1952-11-22,9/30/1952,11/22/1952,actual,actual,53,Implemented,None,1,Acres,1874.16,-1,Confirmed seed list,drill mix,Seeds,Confirmed on Paper,Unknown,Unknown,"The seed mix did not indicate whether bulk or PLS rates were used, therefore, unknown has been listed and all seed mix information has been entered into the Bulk category.",Halogeton Control,NA,Broadcast and chain drag  with standard grain drill part seeded with press drills,NA,Polygon,Confirmed,"Digitized by BLM field office personnel, method unknown",NA,1947.620555,1430.856265,NA,Contractor,Noxious Weeds,Halogeton Control,None,NA,"Drought, Dry",Extremely dry resulting from record summer drought.,NA,45:26:00,9,30,1952,09,30,11,22,1952,11,22
5505,15233,Vegetation/Soil Manipulation,Soil Disturbance,Soil Disturbance: Plowing,9588,290571,65243,2,1952-09-30,1952-11-22,9/30/1952,11/22/1952,actual,actual,53,Implemented,None,1,Acres,1874.16,0,NA,NA,NA,NA,NA,NA,NA,Brush removal,NA,"wheatland plow, 80-95% kill",NA,Polygon,Confirmed,"Digitized by BLM field office personnel, method unknown",NA,1947.620555,1430.856265,NA,Contractor,Other (See Trt Notes),Brush removal,None,NA,"Drought, Dry",Extremely dry resulting from record summer drought.,NA,47:04:00,9,30,1952,09,30,11,22,1952,11,22
13308,6462,Seeding,Drill Seeding,Ground Seeding: Drill,23101,293630,65378,3,1951-11-14,1952-11-07,11/14/1951,11/7/1952,actual,actual,359,Implemented,See Comments,2,Acres,6820.5,-1,Confirmed seed list,drill mix,Seeds,Confirmed on Paper,Unknown,Species Specific,NA,Halogeton Control,Unknown,"Seed drilled 11/14/51 to 11/7/52. A total of 1117 acres seeded in 1951 was re-drilled in 1952 due to deep coverage of seed. Broadcast and chain drag with grain drills, post drilled 12' rows.\r\n1953: A number of sites show very little seeded species. Other areas are very successful on a density-frequency basis.","4/15/1960: Fair to poor- due to age, drouth, soil or overgrazing. Never has it appeared so run down and denuded. The field southeast of the Buckhorn ranch is not quite so bas as the south one. \r\nSomething needs to be done to remedy the situation, if at all possible, as the reseeding is fast losing its value. The brush may be sprayed but the grass lacks vigor, density and volume. \r\nSome blowing or light wind erosion. Carrying capacity 4-6 Ac/AUM. Site in lower valley where soil and moisture not too fertile. \r\nRecommending that a study be made of the project to see if it can be revived. \r\n9/24/1962: fair seeding. Sagebursh and rabbit brush is scattered quite heavily throughout the area. Halogeton is scattered quite heavily throughout the seeding. Russian thistle is found on disturbed areas such as ditch banks. Fair covering of crested wheat is spread throughout the seeding. \r\n9/25/1962: fair to failure. The seeding is a failure in sections 14, 23 and 26. Also the north half of 12 and the southwest quarter of 24 and the west half of 25. Most of this area is covered with halogeton and some sage and cactus. Part of the seeding has succeeded in sections 24, 25 and 13 but is only a fair seeding. It has much halogeton, sagebrush and some areas of salt sage, cheatgrass and wild mustard.",Polygon,Confirmed,"Digitized by BLM field office personnel, method unknown",NA,6927.59,5065.6,NA,Unknown,Noxious Weeds,Halogeton control,Other (See Trt Notes),A total of 1117 acres seeded in 1951 was re-drilled in 1952 due to deep coverage of seed.,"Dry, Snowing","Extremely dry due to extended summer drought, (precipitation in form of snow on Nov. 22, 1952)",NA,38:34:00,11,14,1951,11,14,11,7,1952,11,07
13308,54279,Vegetation/Soil Manipulation,Soil Disturbance,Soil Disturbance: Chaining,23102,293631,65378,3,1952-11-02,1952-11-07,11/2/1952,11/7/1952,actual,actual,5,Implemented,Unknown,2,Acres,6820.5,0,NA,NA,NA,NA,NA,NA,NA,NA,NA,"Broadcast and chain drag with grain drills, post drilled 12"" rows.",NA,Polygon,Confirmed,"Digitized by BLM field office personnel, method unknown",None,6927.59,5065.6,NA,Unknown,"Erosion, Noxious Weeds, Brush control, Establishment of seeded species, Encroaching vegetation, Loss of desirable species, Seedbed preparation, Vegetal cover",A halogeton control project.,NA,NA,NA,NA,NA,44:49:00,11,2,1952,11,02,11,7,1952,11,07
22085,57858,Vegetation/Soil Manipulation,Vegetation Disturbance,Tree/Brush Control: Pinyon Juniper Removal,35747,304035,65702,2,2017-07-14,2017-12-22,7/14/2017,12/22/2017,actual,actual,161,Implemented,Unknown,2,Acres,624,0,NA,NA,NA,NA,NA,NA,NA,Total juniper reduction (cutting and piling),"Total juniper reduction (cutting and piling) - The treatment consists of cutting all expansion juniper within portions of a project unit. Juniper will be cut and piled prior to follow-up treatments; this could be accomplished by nonmotorized or motorized means. \r\nCommercial use of cut expansion juniper - Downed expansion juniper could be collected for firewood, ornamental use, or other uses. Section 113(b) (2) of the Steens Act allows for the removal of legally downed juniper in the CMPA outside of wilderness and WSAs. \r\nSelective juniper reduction (cutting and piling) - Treatments could vary from cutting every third tree in juniper pockets to limbing and girdling expansion juniper found in dense stands. Juniper could be cut and piled prior to follow-up treatments; this could be accomplished by nonmotorized or motorized means. \r\nEvery third tree cutting involves felling trees into juniper pockets to provide ladder fuels for remaining junipers. This method has worked well in areas with moderately dense juniper, steep slopes, and remnant ground fuels to carry fire between juniper pockets. In areas of moderate slopes this technique may be limited as fire needs more ladder fuels and a mechanism such as high or up-slope winds to carry fire through surrounding tree canopies. \r\nDroop cutting involves cutting lower limbs of expansion juniper so they droop to the ground. Limbs are not severed from the tree bole; instead they are cut three-fourths through from the top down. This method results in ladder fuels still attached to the base of standing trees. As fire carries through juniper stands, dead limbs ignite and carry fire into the tree canopy. This technique is limited by topography and fuel conditions required to carry fire between juniper pockets. Advantages to this technique include a minimized cutting time to treat stands of juniper, and the majority of fuels is left in a vertical arrangement above ground surface thereby reducing heat effects to soils and other resources (primarily cultural). A further advantage is the post-treatment Project Area resembles the result of a wildfire. \r\nThe limb and girdle method involves scoring and cutting limbs around the base of the juniper as well as cutting through the cambium layer. This technique results in dead material at the base of juniper trees providing a receptive fuel bed for fire, while increasing chances of killing the trees. The limb and girdle method works well in dense stands of juniper with little to no understory to carry fire. As with droop cutting, the limb and girdle method results in juniper remaining upright which keeps the majority of the fuels away from fragile soils and mimics the lower intensity of a wildfire event.",Data obtained from this treatment's GIS Attribute Table - cutting completed.,Unknown,Polygon,Confirmed,"Digitized by BLM field office personnel, method unknown",None,623.52,623.52,NA,Contractor,"Encroaching vegetation, Habitat quality, Hazardous fuels reduction, Hazardous fuels accumulation, Invasion by pinyon-juniper, Invasive species, Loss of desirable species, Rangeland health, Pinon-juniper",Juniper - Fuels Reduction.,NA,NA,NA,NA,NA,31:55:00,7,14,2017,07,14,12,22,2017,12,22
22085,57859,Vegetation/Soil Manipulation,Vegetation Disturbance,Vegetation Disturbance: Mechanical Pile,35748,304036,65702,2,2017-07-14,2017-12-22,7/14/2017,12/22/2017,actual,actual,161,Implemented,Unknown,2,Acres,624,0,NA,NA,NA,NA,NA,NA,NA,Total juniper reduction (cutting and piling),"Mechanical piling and hand piling will be used to reduce fuel loading and continuity in previously cut juniper units. However, these actions may also occur in other areas. Machine piles are usually 12 feet tall by 16 to 22 feet wide and are constructed by grapple equipped excavators or dozers. Piling will take place when the ground is frozen or during dry soil conditions. Piles will be burned within 2 years of construction during late fall, winter, or spring, preferably when the ground is frozen or wet. A mixture of native and nonnative grasses, forbs, and shrub species will be seeded at these piles following burning.",Data obtained from this treatment's GIS Attribute Table - Manual-Mechanized cutting completed.,Unknown,Polygon,Confirmed,"Digitized by BLM field office personnel, method unknown",None,623.52,623.52,NA,Contractor,"Fire hazard, Hazardous fuels accumulation, Hazardous fuels reduction",Fuels reduction - post treatment cleanup.,NA,NA,NA,NA,NA,35:44:00,7,14,2017,07,14,12,22,2017,12,22
3016,8426,Vegetation/Soil Manipulation,Soil Disturbance,Soil Disturbance: Discing,5278,328205,67782,6,1955-09-15,1955-11-01,9/15/1955,11/1/1955,actual,actual,47,Implemented,None,2,Acres,129,0,NA,NA,NA,NA,NA,NA,NA,Provide livestock forage.,Disk area before seeding.,NA,NA,Polygon,Confirmed,Digitized by LTDL data entry personnel using a map of unknown origin,12/9/2010,106.8045956,106.6161345,NA,NA,Provide forage for livestock,NA,None,NA,None,NA,"Otley Brothers Co-op Reseeding, 1-A-02-560.  See Project Narrative.\r\n\r\nThis project was considered 129 acres in area, but the Final Project Report states:\r\n\r\nApproximately 80 acres of 129 acre seeded area under project 02-314 was plowed and reseeded.  The remaining 49 acres was considered a fair stand and not disturbed.",40:13:00,9,15,1955,09,15,11,1,1955,11,01
3016,8442,Vegetation/Soil Manipulation,Soil Disturbance,Soil Disturbance: Plowing,5288,328209,67782,6,1955-09-15,1955-11-01,9/15/1955,11/1/1955,actual,actual,47,Implemented,None,2,Acres,129,0,NA,NA,NA,NA,NA,NA,NA,Provide livestock forage.,Plow the project area before seeding.,NA,NA,Polygon,Confirmed,Digitized by LTDL data entry personnel using a map of unknown origin,12/9/2010,106.8045956,106.6161345,NA,NA,Provide forage for livestock,NA,None,NA,None,NA,"Otley Brothers Co-op Reseeding, 1-A-02-560.  See Project Narrative.  \r\n\r\nThis project was considered 129 acres in area, but the Final Project Report states:\r\n\r\nApproximately 80 acres of 129 acre seeded area under project 02-314 was plowed and reseeded.  The remaining 49 acres was considered a fair stand and not disturbed.",37:29:00,9,15,1955,09,15,11,1,1955,11,01
6866,18907,Vegetation/Soil Manipulation,Soil Disturbance,Soil Disturbance: Plowing,11945,19974,68227,2,1964-09-30,1964-10-15,9/30/1964,10/15/1964,actual,actual,15,Implemented,None,2,Acres,2050,0,NA,NA,NA,NA,NA,NA,NA,NA,NA,The area was plowed once over with government brushland plows.,NA,Polygon,Confirmed,"Digitized by BLM field office personnel, method unknown",00/00/0000,2451.438359,2321.717632,NA,NA,None,NA,None,NA,None,NA,NA,07:56:00,9,30,1964,09,30,10,15,1964,10,15
6866,18908,Seeding,Drill Seeding,Ground Seeding: Drill,11946,19975,68227,2,1964-09-30,1964-10-15,9/30/1964,10/15/1964,actual,actual,15,Implemented,None,2,Acres,2050,-1,Confirmed seed list,Drill Mix,Seeds,Confirmed on Paper,Unknown,Unknown,NA,NA,NA,Area seeded in crested wheatgrass with smotth brome and reeds canary grass in lake beds where possible. Seeding area shown on location plat where spotted on aerial photos 9V-145 and 6V-114.,NA,Polygon,Confirmed,"Digitized by BLM field office personnel, method unknown",00/00/0000,2451.438359,2321.717632,NA,NA,None,NA,None,NA,None,NA,NA,11:30:00,9,30,1964,09,30,10,15,1964,10,15
12342,33297,Seeding,Aerial Seeding,Aerial Seeding,21427,302623,68854,2,1960-09-01,1960-11-03,9/1/1960,11/3/1960,actual,actual,63,Implemented,See Comments,2,Acres,4840,-1,Confirmed seed list,Aerial Seed Mix,Seeds,Confirmed on Paper,Unknown,Species Specific,"30,000 pounds of crested wheatgrass seed.","Increase vegetation, decrease erosion, improve management control.",Unknown,Burned over rangeland aerial seeded with crested wheatgrass and chained to cover seed.,"Appraisal of Seeding 1962 -\r\nDensity 6%; 2% shrubs, 98% herbaceous, 44% seeded spp.\r\nGrazing capacity: 16 ac/AUM before seeding and 5 ac/AUM after seeding)\r\nSuccess: Good\r\nReason for good success: Improved weather conditions.\r\nIncreased vegetation, decreased erosion, improved management control. \r\nNeeds better stock water distribution.",Polygon,Confirmed,Digitized by LTDL data entry personnel using a confirmed map,12/15/2020,4769.25,4673.78,NA,Unknown,"Erosion, Establishment of seeded species, Habitat productivity","Increase vegetation, decrease erosion, improve management control.",None,NA,None,NA,Seeding cost $0.32/ac.,28:09:00,9,1,1960,09,01,11,3,1960,11,03
12342,33298,Vegetation/Soil Manipulation,Soil Disturbance,Soil Disturbance: Chaining,21428,302624,68854,2,1960-09-01,1960-11-03,9/1/1960,11/3/1960,actual,actual,63,Implemented,See Comments,2,Acres,4840,0,NA,NA,NA,NA,NA,NA,NA,Cover seed.,Unknown,Burned over rangeland aerial seeded with crested wheatgrass and chained to cover seed.,"Appraisal of Seeding 1962 -\r\nDensity 6%; 2% shrubs, 98% herbaceous, 44% seeded spp.\r\nGrazing capacity: 16 ac/AUM before seeding and 5 ac/AUM after seeding)\r\nSuccess: Good\r\nReason for good success: Improved weather conditions.\r\nIncreased vegetation, decreased erosion, improved management control. \r\nNeeds better stock water distribution.",Polygon,Confirmed,Digitized by LTDL data entry personnel using a confirmed map,12/15/2020,4769.25,4673.78,NA,Unknown,Establishment of seeded species,Unknown,None,NA,None,NA,Chaining cost $0.60/ac.,28:18:00,9,1,1960,09,01,11,3,1960,11,03
22864,62109,Vegetation/Soil Manipulation,Vegetation Disturbance,Vegetation Disturbance: Mechanical Pile,37743,311552,69042,3,2009-08-15,2009-08-15,8/00/2009,8/00/2009,estimated day,estimated day,0,Implemented,Unknown,2,Acres,160,0,NA,NA,NA,NA,NA,NA,NA,Machine pile juniper,NA,Machine pilling of juniper was completed\r\n\r\nGIS is implementation data,Unknown,Polygon,Confirmed,"Digitized by BLM field office personnel, method unknown",None,160.21,160.2,NA,Contractor,"Hazardous fuels reduction, Pinon-juniper, Invasion by pinyon-juniper","Hazardous fuels reduction, Post-Treat Cleanup",NA,NA,NA,NA,Mahon West,22:36:00,8,00,2009,08,15,8,00,2009,08,15
22864,62113,Seeding,Ground Seeding,Ground Seeding: Broadcast,37745,311553,69042,3,2009-08-15,2009-08-15,8/00/2009,8/00/2009,estimated day,estimated day,0,Implemented,Unknown,2,Acres,160,-1,No seed list,NA,Seeds,No Seed List,Unknown,Unknown,Mixed grass,Broadcast seed,NA,Broadcast seeding completed\r\n\r\nGIS is implementation data,Unknown,Polygon,Confirmed,"Digitized by BLM field office personnel, method unknown",None,160.21,160.2,NA,Contractor,"Hazardous fuels accumulation, Hazardous fuels reduction",Fuels Reduction,NA,NA,NA,NA,Mahon West,54:23:00,8,00,2009,08,15,8,00,2009,08,15
1279,3616,Seeding,Drill Seeding,Ground Seeding: Drill,2329,300907,69508,2,1973-06-15,1973-06-15,00/00/1973,00/00/1973,estimated month and day,estimated month and day,0,Implemented,None,2,Acres,7200,-1,Confirmed seed list,NA,Seeds,Confirmed on Paper,Unknown,Species Specific,NA,NA,NA,NA,NA,Polygon,Confirmed,"Digitized by BLM field office personnel, method unknown",NA,7538.068694,7538.075285,NA,BLM,Unknown,NA,None,NA,None,NA,NA,24:57:00,00,00,1973,06,15,00,00,1973,06,15
1279,3617,Seeding,Aerial Seeding,Aerial Seeding,2330,300908,69508,2,1973-06-15,1973-06-15,00/00/1973,00/00/1973,estimated month and day,estimated month and day,0,Implemented,None,2,Acres,7200,-1,Confirmed seed list,NA,Seeds,Confirmed on Paper,Unknown,Species Specific,NA,NA,NA,NA,NA,Polygon,Confirmed,"Digitized by BLM field office personnel, method unknown",NA,7538.068694,7538.075285,NA,BLM,Unknown,NA,None,NA,None,NA,NA,24:57:00,00,00,1973,06,15,00,00,1973,06,15
3560,9984,Vegetation/Soil Manipulation,Soil Disturbance,Soil Disturbance: Plowing,6177,301355,69512,2,1965-06-03,1965-06-30,6/3/1965,6/30/1965,actual,actual,27,Implemented,None,1,Acres,3195,0,No seed list,NA,NA,NA,NA,NA,NA,NA,NA,NA,NA,Polygon,Confirmed,"Digitized by BLM field office personnel, using paper map",NA,3543.366684,3543.372112,NA,BLM,Unknown,NA,None,NA,None,NA,NA,35:52:00,6,3,1965,06,03,6,30,1965,06,30
3560,9985,Seeding,Drill Seeding,Ground Seeding: Drill,6178,301356,69512,2,1965-06-03,1965-06-30,6/3/1965,6/30/1965,actual,actual,27,Implemented,None,1,Acres,3195,-1,No seed list,NA,Seeds,Unknown Seed List Origin,Unknown,Unknown,"The seed mix did not indicate whether bulk or PLS rates were used, therefore, unknown has been listed and all seed mix information has been entered into the Bulk category.",NA,NA,NA,NA,Polygon,Confirmed,"Digitized by BLM field office personnel, using paper map",NA,3543.366684,3543.372112,NA,BLM,Unknown,NA,None,NA,None,NA,NA,36:40:00,6,3,1965,06,03,6,30,1965,06,30
12763,34343,Seeding,Drill Seeding,Ground Seeding: Drill,22142,302661,69585,2,2000-10-30,2000-12-15,10/30/2000,12/15/2000,actual,actual,46,Implemented,None,1,Acres,10135.83,-1,Confirmed seed list,NA,Seeds,Confirmed on Paper,Unknown,Species Specific,NA,"Reduce soil erosion, restore perennial cover, restore vegetative structure\r\nfor wildlife, increase effective precipitation by capturing and holding snow\r\nduring the winter months by establishing a deep rooted shrub component in\r\nthe plant community.","The proposed action would be to seed approximately 8,151 total acres (5 ,673 non-native mix, 2,478\r\nnative mix) using rangeland drills. Two seed mixes would be used in the rangeland drills, a nonnative\r\nplant mix and a native plant mix. A native/non-native worksheet assessing the seed mixes is\r\nattached as Appendix 1.",NA,"All actions listed above were successful except the new seedings. Monitoring showed\r\nboth native and non-native seeded areas resulted as failures. Reasons for failure are\r\nunknown while some contributing factors could be low precipitation levels, seed\r\nviability, seed species, competition from non-native annuals, and time of season seed was set in ground",Polygon,Confirmed,"Digitized by BLM field office personnel, method unknown",NA,10143.09261,10117.64064,NA,BLM,"Erosion, Watershed degradation, Rangeland health","Objectives for the White Mule Fire Rehabilitation Plan are as follows:\r\n1. Stabilize soils and reduce future fire hazards in cheatgrass dominated\r\nareas by reducing the re-establishment of annual grasses and weeds, through\r\nseeding adapted non-native species. Protect the rehabilitation effort by\r\nexcluding livestock grazing in the Dry Creek Pasture for at least two\r\ngrowing seasons (i .e., first full year and until seed ripe the second year).\r\n2. Reduce soil erosion, restore perennial cover, restore vegetative structure\r\nfor wildlife, increase effective precipitation by capturing and holding snow\r\nduring the winter months by establishing a deep rooted shrub component in\r\nthe plant community.\r\n3. Preclude cheatgrass invasion by augmenting the native plant community\r\n(Wyoming big sagebrush, bluebunch wheatgrass, bottlebrush squirreltail) via\r\nseeding native perennial species.\r\n4. Protect the seedings and burned area by reducing the Wild Horse\r\npopulation numbers from 219 to between 50 and 75 animals to insure the\r\nhealth and vigor of the remaining horses in the HMA.\r\n5. Reduce future burned acreage by establishing a 200 foot green strip along\r\nthe northern perimeter and the two-track road bisecting the burned area.\r\nThe green strip would buffer weed invasion and most importantly, buffer\r\nfuture wildland fire spread.\r\n6. Restore the boundary fence for protection of the seedings and burned\r\narea.\r\n7. Repair the road damage for public access and decreased soil erosion.",None,NA,None,NA,NA,59:24:00,10,30,2000,10,30,12,15,2000,12,15
12763,34344,Seeding,Aerial Seeding,Aerial Seeding,22143,302662,69585,2,2000-10-30,2000-12-15,10/30/2000,12/15/2000,actual,actual,46,Implemented,None,1,Acres,4156.26,-1,Confirmed seed list,NA,Seeds,Confirmed on Paper,Unknown,Species Specific,"This is two seed mixes, applied to two areas. It appears that Kochia was applied to 425 acres at .7pls, and sagebrush was applied to 3,640 acres at 1lb/acre bulk.","Reduce soil erosion, restore perennial cover, restore vegetative structure\r\nfor wildlife, increase effective precipitation by capturing and holding snow\r\nduring the winter months by establishing a deep rooted shrub component in\r\nthe plant community.","Additionally, 3,618 acres laying predominantly in drainage bottoms would\r\nbe aerially seeded with Wyoming big sagebrush at a rate of one pound per acre (8-10% PLS) with 3\r\npounds of nitrogen fertilizer or filler. Areas with native perennials would receive priority for\r\nsagebrush seeding. Forage kochia would be aerially seeded at a rate of 0.7 lbs. per acre in a 200 foot\r\nwide green strip along the northern flank and a two-track road. The green strip would include a total\r\nof 425 acres. The proposed seed mixes are listed below:",NA,"All actions listed above were successful except the new seedings. Monitoring showed\r\nboth native and non-native seeded areas resulted as failures. Reasons for failure are\r\nunknown while some contributing factors could be low precipitation levels, seed\r\nviability, seed species, competition from non-native annuals, and time of season seed was set in ground",Polygon,Confirmed,"Digitized by BLM field office personnel, method unknown",NA,4098.782603,4062.762639,NA,BLM,"Erosion, Watershed degradation, Rangeland health","Objectives for the White Mule Fire Rehabilitation Plan are as follows:\r\n1. Stabilize soils and reduce future fire hazards in cheatgrass dominated\r\nareas by reducing the re-establishment of annual grasses and weeds, through\r\nseeding adapted non-native species. Protect the rehabilitation effort by\r\nexcluding livestock grazing in the Dry Creek Pasture for at least two\r\ngrowing seasons (i .e., first full year and until seed ripe the second year).\r\n2. Reduce soil erosion, restore perennial cover, restore vegetative structure\r\nfor wildlife, increase effective precipitation by capturing and holding snow\r\nduring the winter months by establishing a deep rooted shrub component in\r\nthe plant community.\r\n3. Preclude cheatgrass invasion by augmenting the native plant community\r\n(Wyoming big sagebrush, bluebunch wheatgrass, bottlebrush squirreltail) via\r\nseeding native perennial species.\r\n4. Protect the seedings and burned area by reducing the Wild Horse\r\npopulation numbers from 219 to between 50 and 75 animals to insure the\r\nhealth and vigor of the remaining horses in the HMA.\r\n5. Reduce future burned acreage by establishing a 200 foot green strip along\r\nthe northern perimeter and the two-track road bisecting the burned area.\r\nThe green strip would buffer weed invasion and most importantly, buffer\r\nfuture wildland fire spread.\r\n6. Restore the boundary fence for protection of the seedings and burned\r\narea.\r\n7. Repair the road damage for public access and decreased soil erosion.",None,NA,None,NA,NA,09:52:00,10,30,2000,10,30,12,15,2000,12,15
16750,42984,Herbicide/Weeds/Chemical,Herbicide,Noxious Weeds: Weed Control - Herbicide Application,26965,302775,69593,2,2016-10-22,2016-10-22,10/22/2016,10/22/2016,actual,actual,0,Implemented,Unknown,2,Acres,21497,0,No seed list,NA,NA,NA,NA,NA,NA,For the purposes of biotic integrity decrease noxious species by 85-90 percent cover in the fire areas\r\nwithin 1 years.\r\nFor the purposes of biotic integrity decrease invasive annual grass by 90 percent cover in the fire area within 1\r\nyears.,Unknown,Map showing treatment area - Treated w/Imazapic.\r\n\r\nSpray over black resulted in 95+% removal of invasive grasses;\r\nunburned islands were estimated to have at least 85% reduction in\r\ninvasive grasses. Area is prepped for seeding.,Spray over black resulted in 95+% removal of invasive\r\ngrasses; unburned islands were estimated to have at least\r\n85% reduction in invasive grasses. Area is prepped for\r\nseeding.,Polygon,Confirmed,"Digitized by BLM field office personnel, method unknown",NA,21562.25,21222.95,NA,Contractor,"Invasion by non-native annuals, Invasive species, Noxious weeds, Seedbed preparation",Noxious species and invasive annual grass.,Unknown,Unknown,Unknown,Unknown,NA,29:09:00,10,22,2016,10,22,10,22,2016,10,22
22000,58242,Herbicide/Weeds/Chemical,Herbicide,Herbicide Application,35449,302776,69593,2,2016-10-10,2016-10-22,10/10/2016,10/22/2016,actual,actual,12,Implemented,Unknown,2,Acres,21459,0,No seed list,NA,NA,NA,NA,NA,NA,To spread herbicide.,No documentation.,A herbicide was spread.,None,Polygon,Confirmed,"Digitized by BLM field office personnel, method unknown",5/5/2021,21459,21120.03,NA,Unknown,"Brush control, Habitat productivity, Habitat quality, Rangeland health",Invasive control.,Unknown,No documentation.,Unknown,No documentation.,Herbicide was spread at different frequencies at different locations.,44:19:00,10,10,2016,10,10,10,22,2016,10,22
1448,4067,Seeding,Drill Seeding,Ground Seeding: Drill,2618,300921,70644,2,1961-10-03,1961-12-14,10/3/1961,12/14/1961,actual,actual,72,Implemented,None,2,Acres,891,-1,Confirmed seed list,NA,NA,Confirmed on Paper,NA,NA,NA,NA,"This project is needed to complete the seeding job within the area that is fenced. Nineteen hundred acres was plowed last fall and seeded in September, 1960. This project will plow and additional 830 acres and seed it also this fall.","Area was plowed with Wheatland plows and drilled with crested wheatgrass, using\r\ntwo allis chalmers grain drills with 12 inch spacing. Seeding rate was about\r\n8 pounds per acre, which was increased due to low germination percentage on\r\nthe seed.",NA,Polygon,Confirmed,"Digitized by BLM field office personnel, method unknown",NA,3735.345286,3416.4602,There is a discrepancy between acreage listed in the PCR and the BLM-supplied  GIS shapefile.,BLM and Cooperators,Rangeland health,"This project is needed to complete the seeding job within the area that is fenced. Nineteen hundred acre was plowed last fall and seeded in September, 1960. This project will plow and additional 830 acres and seed it also this fall.",None,NA,None,NA,NA,09:30:00,10,3,1961,10,03,12,14,1961,12,14
1448,4068,Vegetation/Soil Manipulation,Soil Disturbance,Soil Disturbance: Plowing,2619,300922,70644,2,1961-10-03,1961-12-14,10/3/1961,12/14/1961,actual,actual,72,Implemented,None,2,Acres,891,0,NA,NA,NA,NA,NA,NA,NA,NA,"This project is needed to complete the seeding job within the area that is fenced. Nineteen hundred acres was plowed last fall and seeded in September, 1960. This project will plow and additional 830 acres and seed it also this fall.",Area was plowed with wheatland plows.,NA,Polygon,Confirmed,"Digitized by BLM field office personnel, method unknown",NA,3735.345286,3416.4602,There is a discrepancy between acreage listed in the PCR and the BLM-supplied  GIS shapefile.,BLM and Cooperators,Rangeland health,"This project is needed to complete the seeding job within the area that is fenced. Nineteen hundred acre was plowed last fall and seeded in September, 1960. This project will plow and additional 830 acres and seed it also this fall.",None,NA,None,NA,NA,09:56:00,10,3,1961,10,03,12,14,1961,12,14
5950,16481,Herbicide/Weeds/Chemical,Herbicide,Herbicide Application: Brush/Tree Control,10389,301603,70651,2,1963-06-15,1963-06-15,00/00/1963,00/00/1963,estimated month and day,estimated month and day,0,Implemented,None,2,Acres,4718,0,NA,NA,NA,NA,NA,NA,NA,NA,NA,NA,NA,Polygon,Confirmed,"Digitized by BLM field office personnel, using paper map",NA,4722.070204,4369.535559,NA,NA,None,NA,None,NA,None,NA,NA,13:32:00,00,00,1963,06,15,00,00,1963,06,15
5950,16482,Seeding,Drill Seeding,Ground Seeding: Drill,10390,301604,70651,2,1963-06-15,1963-06-15,00/00/1963,00/00/1963,estimated month and day,estimated month and day,0,Implemented,None,2,Acres,4718,-1,Planned seed list,NA,Seeds,Plan,Unknown,Species Specific,"The seed mix did not indicate whether bulk or PLS rates were used, therefore, unknown has been listed and all seed mix information has been entered into the Bulk category.",NA,NA,NA,NA,Polygon,Confirmed,"Digitized by BLM field office personnel, using paper map",NA,4722.070204,4369.535559,NA,NA,None,NA,None,NA,None,NA,NA,07:19:00,00,00,1963,06,15,00,00,1963,06,15
6800,18740,Vegetation/Soil Manipulation,Soil Disturbance,Soil Disturbance: Plowing,11831,301771,70662,2,1965-06-15,1965-06-15,00/00/1965,00/00/1965,estimated month and day,estimated month and day,0,Implemented,None,2,Acres,2900,0,NA,NA,NA,NA,NA,NA,NA,NA,NA,NA,NA,Polygon,Confirmed,"Digitized by BLM field office personnel, method unknown",NA,3755.601114,3694.524693,NA,BLM,"Provide forage for livestock, Rangeland health",NA,None,NA,None,NA,NA,46:41:00,00,00,1965,06,15,00,00,1965,06,15
6800,18741,Seeding,Drill Seeding,Ground Seeding: Drill,11832,301772,70662,2,1965-06-15,1965-06-15,00/00/1965,00/00/1965,estimated month and day,estimated month and day,0,Implemented,None,2,Acres,2900,-1,No seed list,NA,Seeds,No Seed List,Unknown,Species Specific,NA,NA,NA,NA,NA,Polygon,Confirmed,"Digitized by BLM field office personnel, method unknown",NA,3755.601114,3694.524693,NA,BLM,"Provide forage for livestock, Rangeland health",NA,None,NA,None,NA,NA,46:41:00,00,00,1965,06,15,00,00,1965,06,15
10778,29212,Vegetation/Soil Manipulation,Soil Disturbance,Soil Disturbance: Plowing,18733,302451,70676,2,1955-09-15,1955-10-15,9/00/1955,10/00/1955,estimated day,estimated day,30,Implemented,None,2,Acres,2000,0,NA,NA,NA,NA,NA,NA,NA,NA,NA,"During September and October, 1955, 2,000 acres of Federal Range were\r\nplowed with Wheatland plows to remove the sagebrush and prepare a seedbed.",NA,Polygon,Confirmed,"Digitized by BLM field office personnel, method unknown",NA,2437.07919,2402.633128,NA,BLM,Rangeland health,NA,None,NA,None,NA,NA,51:31:00,9,00,1955,09,15,10,00,1955,10,15
10778,29211,Seeding,Ground Seeding,Ground Seeding: Broadcast,18734,302452,70676,2,1955-09-15,1955-10-15,9/00/1955,10/00/1955,estimated day,estimated day,30,Implemented,None,2,Acres,2000,-1,Confirmed seed list,NA,Seeds,Confirmed on Paper,Unknown,Species Specific,NA,NA,NA,"\r\nThe area was then seeded to crested wheatgrass, by broadcast seeding then\r\nrolled with cultipackers. Rate of seeding was 6.25 pounds per acre. (See\r\nproject file 0-3-568).","An appraisal of the reseeding, report dated 11/7/56, rates the seeding as\r\nmoderately successful. Reasons for not being more successful were:\r\n1. Seed not completely germinated.\r\n2. Competition from dense stand of Cheatgrass.\r\nThe appearance of the seeding during 1958, 59, 60, indicates that the initial\r\nplanting was unsuccessful.",Polygon,Confirmed,"Digitized by BLM field office personnel, method unknown",NA,2075.801045,2075.803456,NA,BLM,Rangeland health,NA,None,NA,None,NA,NA,54:58:00,9,00,1955,09,15,10,00,1955,10,15
10242,27772,Seeding,Drill Seeding,Ground Seeding: Drill,17797,302375,70918,2,1963-09-27,1964-03-28,9/27/1963,3/28/1964,actual,actual,183,Implemented,None,2,Acres,2015,-1,Confirmed seed list,NA,Seeds,Confirmed on Paper,Unknown,Species Specific,Crested Wheatgrass and alfalfa were drilled into 800 acres by Floyd\r\nDerrick at rates that may be as high as 14 pounds per acre for the Crested Wheat and 2.4 pounds of alfalfa per acre . The force account crew drilled the rest at 7 pounds per acre on frozen soils.,NA,NA,Crested Wheatgrass and alfalfa were drilled into 800 acres by Floyd\r\nDerrick at rates that may be as high as 14 pounds per acre for the Crested Wheat and\r\n2.4 pounds of alfalfa per acre . The force account crew drilled the rest at 7 pounds\r\nper acre on frozen soils.\r\nSignature,NA,Polygon,Confirmed,"Digitized by BLM field office personnel, method unknown",NA,2002.112811,1891.914021,NA,BLM and Cooperators,Loss of vegetation,The area was burned.,None,NA,None,NA,NA,43:41:00,9,27,1963,09,27,3,28,1964,03,28
10242,27771,Vegetation/Soil Manipulation,Soil Disturbance,Soil Disturbance: Plowing,17798,302376,70918,2,1963-09-27,1964-03-28,9/27/1963,3/28/1964,actual,actual,183,Implemented,None,2,Acres,2015,0,NA,NA,NA,NA,NA,NA,NA,NA,NA,"The area was burned. It was\r\nsquared up by plowing the unburned area, under formal Contract Number 14-11- 0001-2035,\r\nby Russell Lynde",NA,Polygon,Confirmed,"Digitized by BLM field office personnel, method unknown",NA,2002.112811,1891.914021,NA,Contractor,Loss of vegetation,The area was burned.,None,NA,None,NA,NA,46:41:00,9,27,1963,09,27,3,28,1964,03,28
9702,26339,Vegetation/Soil Manipulation,Soil Disturbance,Soil Disturbance: Plowing,16822,302253,70978,2,1963-06-15,1963-06-15,00/00/1963,00/00/1963,estimated month and day,estimated month and day,0,Implemented,None,2,Acres,3600,0,NA,NA,NA,NA,NA,NA,NA,NA,NA,Plowing with BLM rangeland disk plows,NA,Polygon,Confirmed,"Digitized by BLM field office personnel, method unknown",NA,3213.914398,3004.244045,NA,BLM,Provide forage for livestock,NA,None,NA,None,NA,NA,25:19:00,00,00,1963,06,15,00,00,1963,06,15
9702,26340,Seeding,Drill Seeding,Ground Seeding: Drill,16823,302254,70978,2,1963-06-15,1963-06-15,00/00/1963,00/00/1963,estimated month and day,estimated month and day,0,Implemented,None,2,Acres,3900,-1,Unknown seed list,NA,Seeds,Unknown Seed List Origin,Unknown,Species Specific,"Seed mix is estimated from a experiment document that talks about using atrazine to inhibit cheatgrass in crested wheatgrass planting, which includes this project.",NA,NA,NA,NA,Polygon,Confirmed,"Digitized by BLM field office personnel, method unknown",NA,3213.914398,3004.244045,NA,BLM,Provide forage for livestock,NA,None,NA,None,NA,NA,25:34:00,00,00,1963,06,15,00,00,1963,06,15
11029,29901,Vegetation/Soil Manipulation,Soil Disturbance,Soil Disturbance: Plowing,19225,314972,71299,4,1969-06-15,1969-06-15,00/00/1969,00/00/1969,estimated month and day,estimated month and day,0,Implemented,None,2,Acres,675,0,NA,NA,NA,NA,NA,NA,NA,NA,NA,This seed was an addition to the original spring basin seeding. it was plowed in the summer of 1969 by Terry Do lance.,NA,Polygon,Confirmed,"Digitized by BLM field office personnel, method unknown",NA,1156.08652,1143.34492,NA,Contractor,Provide forage for livestock,NA,None,NA,None,NA,NA,10:51:00,00,00,1969,06,15,00,00,1969,06,15
11029,29902,Seeding,Drill Seeding,Ground Seeding: Drill,19226,314973,71299,4,1969-06-15,1969-06-15,00/00/1969,00/00/1969,estimated month and day,estimated month and day,0,Implemented,None,2,Acres,675,-1,No seed list,NA,NA,NA,NA,NA,NA,NA,NA,This seeding was an addition to the original spring basin seeding. It was plowed in the summer of 1969 by Terry Dolance and seeded in the fall of 1969 by Frank Mader. It will consists of 675 acres.,NA,Polygon,Confirmed,"Digitized by BLM field office personnel, method unknown",NA,1156.08652,1143.34492,NA,Contractor,Provide forage for livestock,NA,None,NA,None,NA,NA,10:51:00,00,00,1969,06,15,00,00,1969,06,15
21667,56838,Vegetation/Soil Manipulation,Vegetation Disturbance,Vegetation Disturbance: Thinning,35119,303601,75257,2,2017-10-01,2017-10-01,10/1/2017,10/1/2017,actual,actual,0,Implemented,Unknown,2,Acres,1027.71,0,No seed list,NA,NA,NA,NA,NA,NA,To conduct a cutting.\r\n* Remove all Juniper by both Cutting and Lopping\r\n* Lop all Juniper to lowest vegetation height\r\n* Average 3 acres a day per person,"Old Growth Western Juniper Characteristics - these vary across trees and stands so usually several\r\n(or all) of these characteristics are required to classify as old growth trees.\r\na. Flattened, rounded, or uneven top. _J- h. In open stands, large branches near the base.\r\nc. Dead branches, bark missing, covered by light green lid1en.\r\nd. Thick, fibrous bark will, well-developed vertical furrows .\r\nc. Leader growth in the upper \xbc or the tree usually < I inch.\r\nPercent Canopy Cover - Portion of the project area beneath the drip line of vegetation to be cut as\r\nseen from an aerial photo type of view. Does not include reserve vegetation.\r\nPreferred Species - The list of species in order of most desired to least desired on identified area .\r\nThis information is provided with the task order for each project. Sub-Items 0014 (AG, AH and AJ)\r\nhave specific instructions that the COR may change with written notice.\r\nPrescribed Fire - Controlled application of tire to wild land fuels in either their natural or modified\r\nstate, under specified environmental conditions which allow the fire to be confined to a predetermined\r\narea and at the same time to produce the intensity of heat and rate of spread required to attain planned\r\nresource management objectives.\r\nPrescribed Fire Burn Boss 1, 2, or 3 (RXBI, RXB2. or RXB3) - ls responsible for the organizing\r\nand management of all personnel and equipment on the burn project and for meeting prescribed burn\r\nobjectives. Standard classifications of positions on fire projects are defined in the National Wildfire\r\nCoordinating Group Wildland Fire Qualifications Subsystem Guide (PMS 310-1, NFES 1414).\r\nAvailable under ""Qualifications"" at the following website: http: //www.nwcg.gov.\r\nPrescribed Fire Crew Member (FFT2 - Firefighter) - The individual responsible for performing\r\nprescribed fire-related aspects of this contract such as ignition, holding and mop-up.\r\nProject Area - The area selected through a task order for treatment using any of the described Subitems\r\nin this contract.\r\nRake/Brush Blade - Push blade with teeth. The solid portion of the blade is minimal to allow dirt, soil\r\nand small rocks to fall out and not be included in a pile.\r\nRamiform - A vertical branch from the main bole of a tree.\r\nReburn - Open flames that develop after the ignition phase in .fuels that have previously ignited.\r\nReserve Areas - Also called ""No Treatment Zone"". Certain areas within a treatment unit, such as\r\nutility lines, canals or riparian areas that the COR designates are reserved from treatment. Areas are\r\nincluded in acreage for payment, unless total of all Reserve Areas within a treatment unit exceed 5%.\r\nRefer to 1.11.2.\r\nReserved Trees or Reserved Areas - Individual species of trees or certain areas within a treatment\r\nunit that the contract or COR designates are reserved from treatment.\r\nRiparian Buffer - For fuels treatment purposes, a specified non-treatment area extending upslope on\r\neach side of a stream channel.\r\nNoxious Weeds - In order to prevent the spread of noxious weeds, all equipment and vehicles will be\r\ncleaned off prior to entry onto Government lands. Removal of all dirt, grease. and plant parts that\r\ncarry noxious weed seeds or vegetative parts is required and may be accomplished with a pressure\r\nhose. In addition, the Contractor's equipment shall be cleaned prior to all subsequent moves if\r\noperations have been in an area known to have noxious weeds.\r\n3. IO Radios- Contractor shall furnish at least two radios per module ordered under Sub Item 0018. Radios\r\nmust be programmable and capable of communicating with narrow band federal and State frequencies .\r\n3.11 Contractor Quality Control (CQC) Plan -The Contractor shall submit a CQC Plan for the overall TD IQ\r\nand each individual task order for the COR for review and approval prior lo commencing services on\r\nthe JDIQ and task order(s). The CQC Plan shall address how the contractor will monitor, inspect and\r\ndocument work quality lo meet the specifications in the contract.\r\n4.0 GOVERNMENT PROVJOED ITEMS AND SERVICES\r\nProject area maps will be provided with each task order. If appropriate, Government gate keys will also be\r\nprovided and signed for on Form DI- I 05 by the Contractor or Contractor's authorized representative.\r\n5.0 SPECIFIC TASKS\r\n5.1 Treatment of Surplus Vegetation and Slash. Paragraph 5.1 applies to the following work described in\r\nparagraphs 5.2, 5.4, 5.5, 5.6., 5.7, 5.8, 5.11, 5.12, 5.13 and 5.14:\r\n\u2022 Hand Severing;\r\n\u2022 Hand Severing, Lop and Scatter/ Lop and Leave;\r\n\u2022 Lop and Scatter/ Lop and Leave;\r\n\u2022 Hand Severing, Hand Piling and Cover;\r\n\u2022 Hand Piling and Cover;\r\n\u2022 Slash Pull Back from Protected Resources;\r\n\u2022 Hand Severing, Machine Piling;\r\n\u2022 Mechanical Severing and Piling; and\r\n\u2022 Machine Piling\r\n5 .1.1 All surplus vegetation, both live and dead, shall be completely severed from the stump.\r\n5 .1.2 All smiles vegetation shall be severed in a manner to minimize damage to leave trees.\r\n5.1.3 No live or dead limbs shall be left on the stumps of any severed surplus vegetation. Stump height shall\r\nnot exceed 8 inches measured on the uphill side.\r\n5 .1.4 Severed trees or bash lodged in or covering a leave tree shall be dislodged or removed.\r\n5 .1 .5 Any Jogging slash that prevents severing brush or hardwoods at the main stem within 8 inches of\r\nground level shall be lopped, slashed, and piled.\r\n5.1.6 Slash shall be moved at least 2 feet away from the drip line of any conifer leave tree, unless a pullback\r\nsub-item is listed in the task order. All slash (including piles) shall be moved a minimum of25 feet\r\nfrom the drip line of power lines and power poles/structures.\r\nAll slash shall be moved at least IO feet back from tl1e edge of roads and property boundaries between\r\ngovernment and private land on a daily basis, before the crew leaves the project area. Slash shall not\r\nbe left along any roadway.\r\n5.1.8 All slash shall be moved at least 10 feet from the road cut on the upper side and ten IO feet from the\r\nroad shoulder on the lower side. All road cut banks or fill slopes over 35% slope, shall have a 10-foot\r\nbuffer no-treatment area.",A cutting was completed using chainsaws to target junipers and conifers.,None,Polygon,Confirmed,"Digitized by BLM field office personnel, method unknown",2/19/2021,1027.71,1027.71,NA,Unknown,"Brush control, Forest health, Fire hazard, Habitat productivity, Habitat quality, Hazardous fuels accumulation, Hazardous fuels reduction",Fuels reduction.,Unknown,No documentation.,Unknown,No documentation.,NA,38:34:00,10,1,2017,10,01,10,1,2017,10,01
21667,56839,Vegetation/Soil Manipulation,Vegetation Disturbance,Tree/Brush Control: Lop and Scatter,35120,303602,75257,2,2017-10-01,2017-10-01,10/1/2017,10/1/2017,actual,actual,0,Implemented,Unknown,2,Acres,1027.71,0,No seed list,NA,NA,NA,NA,NA,NA,To conduct a lop and scatter.\r\n* Remove all Juniper by both Cutting and Lopping\r\n* Lop all Juniper to lowest vegetation height\r\n* Average 3 acres a day per person,"Old Growth Western Juniper Characteristics - these vary across trees and stands so usually several\r\n(or all) of these characteristics are required to classify as old growth trees.\r\na. Flattened, rounded, or uneven top. _J- h. In open stands, large branches near the base.\r\nc. Dead branches, bark missing, covered by light green lid1en.\r\nd. Thick, fibrous bark will, well-developed vertical furrows .\r\nc. Leader growth in the upper \xbc or the tree usually < I inch.\r\nPercent Canopy Cover - Portion of the project area beneath the drip line of vegetation to be cut as\r\nseen from an aerial photo type of view. Does not include reserve vegetation.\r\nPreferred Species - The list of species in order of most desired to least desired on identified area .\r\nThis information is provided with the task order for each project. Sub-Items 0014 (AG, AH and AJ)\r\nhave specific instructions that the COR may change with written notice.\r\nPrescribed Fire - Controlled application of tire to wild land fuels in either their natural or modified\r\nstate, under specified environmental conditions which allow the fire to be confined to a predetermined\r\narea and at the same time to produce the intensity of heat and rate of spread required to attain planned\r\nresource management objectives.\r\nPrescribed Fire Burn Boss 1, 2, or 3 (RXBI, RXB2. or RXB3) - ls responsible for the organizing\r\nand management of all personnel and equipment on the burn project and for meeting prescribed burn\r\nobjectives. Standard classifications of positions on fire projects are defined in the National Wildfire\r\nCoordinating Group Wildland Fire Qualifications Subsystem Guide (PMS 310-1, NFES 1414).\r\nAvailable under ""Qualifications"" at the following website: http: //www.nwcg.gov.\r\nPrescribed Fire Crew Member (FFT2 - Firefighter) - The individual responsible for performing\r\nprescribed fire-related aspects of this contract such as ignition, holding and mop-up.\r\nProject Area - The area selected through a task order for treatment using any of the described Subitems\r\nin this contract.\r\nRake/Brush Blade - Push blade with teeth. The solid portion of the blade is minimal to allow dirt, soil\r\nand small rocks to fall out and not be included in a pile.\r\nRamiform - A vertical branch from the main bole of a tree.\r\nReburn - Open flames that develop after the ignition phase in .fuels that have previously ignited.\r\nReserve Areas - Also called ""No Treatment Zone"". Certain areas within a treatment unit, such as\r\nutility lines, canals or riparian areas that the COR designates are reserved from treatment. Areas are\r\nincluded in acreage for payment, unless total of all Reserve Areas within a treatment unit exceed 5%.\r\nRefer to 1.11.2.\r\nReserved Trees or Reserved Areas - Individual species of trees or certain areas within a treatment\r\nunit that the contract or COR designates are reserved from treatment.\r\nRiparian Buffer - For fuels treatment purposes, a specified non-treatment area extending upslope on\r\neach side of a stream channel.\r\nNoxious Weeds - In order to prevent the spread of noxious weeds, all equipment and vehicles will be\r\ncleaned off prior to entry onto Government lands. Removal of all dirt, grease. and plant parts that\r\ncarry noxious weed seeds or vegetative parts is required and may be accomplished with a pressure\r\nhose. In addition, the Contractor's equipment shall be cleaned prior to all subsequent moves if\r\noperations have been in an area known to have noxious weeds.\r\n3. IO Radios- Contractor shall furnish at least two radios per module ordered under Sub Item 0018. Radios\r\nmust be programmable and capable of communicating with narrow band federal and State frequencies .\r\n3.11 Contractor Quality Control (CQC) Plan -The Contractor shall submit a CQC Plan for the overall TD IQ\r\nand each individual task order for the COR for review and approval prior lo commencing services on\r\nthe JDIQ and task order(s). The CQC Plan shall address how the contractor will monitor, inspect and\r\ndocument work quality lo meet the specifications in the contract.\r\n4.0 GOVERNMENT PROVJOED ITEMS AND SERVICES\r\nProject area maps will be provided with each task order. If appropriate, Government gate keys will also be\r\nprovided and signed for on Form DI- I 05 by the Contractor or Contractor's authorized representative.\r\n5.0 SPECIFIC TASKS\r\n5.1 Treatment of Surplus Vegetation and Slash. Paragraph 5.1 applies to the following work described in\r\nparagraphs 5.2, 5.4, 5.5, 5.6., 5.7, 5.8, 5.11, 5.12, 5.13 and 5.14:\r\n\u2022 Hand Severing;\r\n\u2022 Hand Severing, Lop and Scatter/ Lop and Leave;\r\n\u2022 Lop and Scatter/ Lop and Leave;\r\n\u2022 Hand Severing, Hand Piling and Cover;\r\n\u2022 Hand Piling and Cover;\r\n\u2022 Slash Pull Back from Protected Resources;\r\n\u2022 Hand Severing, Machine Piling;\r\n\u2022 Mechanical Severing and Piling; and\r\n\u2022 Machine Piling\r\n5 .1.1 All surplus vegetation, both live and dead, shall be completely severed from the stump.\r\n5 .1.2 All smiles vegetation shall be severed in a manner to minimize damage to leave trees.\r\n5.1.3 No live or dead limbs shall be left on the stumps of any severed surplus vegetation. Stump height shall\r\nnot exceed 8 inches measured on the uphill side.\r\n5 .1.4 Severed trees or bash lodged in or covering a leave tree shall be dislodged or removed.\r\n5 .1 .5 Any Jogging slash that prevents severing brush or hardwoods at the main stem within 8 inches of\r\nground level shall be lopped, slashed, and piled.\r\n5.1.6 Slash shall be moved at least 2 feet away from the drip line of any conifer leave tree, unless a pullback\r\nsub-item is listed in the task order. All slash (including piles) shall be moved a minimum of25 feet\r\nfrom the drip line of power lines and power poles/structures.\r\nAll slash shall be moved at least IO feet back from tl1e edge of roads and property boundaries between\r\ngovernment and private land on a daily basis, before the crew leaves the project area. Slash shall not\r\nbe left along any roadway.\r\n5.1.8 All slash shall be moved at least 10 feet from the road cut on the upper side and ten IO feet from the\r\nroad shoulder on the lower side. All road cut banks or fill slopes over 35% slope, shall have a 10-foot\r\nbuffer no-treatment area.",A lop and scatter was completed using chainsaws to target junipers and conifers.,None,Polygon,Confirmed,"Digitized by BLM field office personnel, method unknown",2/19/2021,1027.71,1027.71,NA,Unknown,"Brush control, Forest health, Fire hazard, Habitat productivity, Habitat quality, Hazardous fuels accumulation, Hazardous fuels reduction",Fuels reduction.,Unknown,No documentation.,Unknown,No documentation.,NA,41:29:00,10,1,2017,10,01,10,1,2017,10,01
5987,16580,Seeding,Drill Seeding,Ground Seeding: Drill,10444,301663,77485,2,2000-06-15,2001-06-15,00/00/2000,00/00/2001,estimated month and day,estimated month and day,365,Implemented,None,2,Acres,9946.29,-1,Planned seed list,NA,Seeds,Plan,Unknown,Species Specific,This is a mix of two seed lists. Where each mix was planted is unknown.,"The purpose and need for rehabilitation includes the following: to minimize soil loss,  preserve on-site productivity, reduce the re-invasion of undesirable flammable annual plants reduce size and extent of highly flammable fuel types, reduce the threat of destruction of private property due to wildfire, reduce the potential for widespread noxious weed invasion\r\nThis need can be met by establishing desirable perennial plant cover","Two basic seed mixes would be used in the rangeland drills, a greenstrip or nonnative mix\r\nand a native plant mix. Approximately 12,000 acres would be seeded to the native mix and\r\n10,000 acres to the nonnative mix. The mixes may be altered slightly depending upon seed\r\navailability and/or soil types. For instance compatible forbs or shrubs such as globemallow\r\n(Sphaercea spp.), lupine (Lupinus spp.) or four wing saltbrush (Atriplex canescens) if available\r\nmay be substituted in suitable soil and habitat types. Forage kochia (Kochia prostrata) would\r\nbe substituted for four wing saltbrush only on the proposed greens trip running from near Alkali\r\nSpring to South Jacobson Gulch. In extremely sandy soils other species such as Indian\r\nRicegrass (Oryzopsis hyrnenoides), if available, may be substituted for other native grass\r\nspecies. In soils with higher clay content species such as western wheatgrass (Pascopyrum\r\nsmithii) may be included. The seed when mixed will be treated with a organic seed coating to\r\nenhance germination and seedling survival.",NA,NA,Polygon,Confirmed,"Digitized by BLM field office personnel, method unknown",NA,9727.52664,9139.623485,NA,BLM,"Watershed degradation, Erosion, Rangeland health","The purpose and need for rehabilitation includes the following: to minimize soil loss,  preserve on-site productivity, reduce the re-invasion of undesirable flammable annual plants reduce size and extent of highly flammable fuel types, reduce the threat of destruction of private property due to wildfire, reduce the potential for widespread noxious weed invasion\r\nThis need can be met by establishing desirable perennial plant cover",None,NA,None,NA,NA,54:27:00,00,00,2000,06,15,00,00,2001,06,15
5987,16583,Seeding,Greenstrip,Greenstrip: Aerial Seeding,10446,301664,77485,2,2001-06-15,2001-06-15,00/00/2001,00/00/2001,estimated month and day,estimated month and day,0,Implemented,None,2,Acres,755.2,-1,Planned seed list,NA,Seeds,Plan,Unknown,Species Specific,NA,The purpose of the greenstrip seedings is to make continuous strips of fire\r\nresistant vegetation needed to break up the extent and continuity of more highly flammable\r\nfuel types,"Also\r\nincluded within the area identified for seeding is 500 acres of private land within the fire\r\nboundary which is needed to tie into and provide continuity with proposed greenstrip seedings\r\non public lands. The purpose of the greenstrip seedings is to make continuous strips of fire\r\nresistant vegetation needed to break up the extent and continuity of more highly flammable\r\nfuel types. Coordination and cooperative agreements with private land owners would be\r\npursued to obtain authorization to seed private lands to protect public land resource values in\r\naccordance with the Wyden Amendment of the Department of Interior and Related Agencies\r\nAppropriations Bill, FY99 (Public Law 105-277).",NA,NA,Polygon,Confirmed,"Digitized by BLM field office personnel, method unknown",NA,755.1589878,755.1589878,NA,BLM,None,NA,None,NA,None,NA,NA,59:09:00,00,00,2001,06,15,00,00,2001,06,15
10127,27483,Seeding,Drill Seeding,Ground Seeding: Drill,17601,302371,77556,2,1963-06-15,1964-01-15,6/00/1963,1/00/1964,estimated day,estimated day,214,Implemented,None,1,Acres,5296,-1,Confirmed seed list,NA,Seeds,Confirmed on Paper,Unknown,Species Specific,NA,NA,To plow and seed crested wheatgrass upon approximately 320 acres\r\nto be a part of Sand Hollow Seeding.,Seven (7) lbs./ac. of Crested Wheatgrass (ag.cr.) was seeded with rangeland drills.,NA,Polygon,Confirmed,"Digitized by BLM field office personnel, method unknown",NA,5301.021248,5220.075148,NA,NA,Unknown,NA,None,NA,None,NA,NA,53:08:00,6,00,1963,06,15,1,00,1964,01,15
10127,27484,Vegetation/Soil Manipulation,Soil Disturbance,Soil Disturbance: Plowing,17602,302372,77556,2,1963-06-15,1964-01-15,6/00/1963,1/00/1964,estimated day,estimated day,214,Implemented,None,1,Acres,5296,0,NA,NA,NA,NA,NA,NA,NA,NA,To plow and seed crested wheatgrass upon approximately 320 acres\r\nto be a part of Sand Hollow Seeding.,Seedbed preparation was accomplished by plowing with Brushland plows(contract).,NA,Polygon,Confirmed,"Digitized by BLM field office personnel, method unknown",NA,5301.021248,5220.075148,NA,Contractor,Unknown,NA,None,NA,None,NA,NA,39:05:00,6,00,1963,06,15,1,00,1964,01,15
21668,56724,Vegetation/Soil Manipulation,Slash Treatment,Slash Treatment: Slash scattering,35121,303603,77648,2,2015-06-10,2015-06-10,6/10/2015,6/10/2015,actual,actual,0,Implemented,Unknown,2,Acres,997,0,No seed list,NA,NA,NA,NA,NA,NA,To conduct a cutting.,JUOC cutting.,A cutting was completed using chainsaws to target junipers.,None,Polygon,Confirmed,"Digitized by BLM field office personnel, method unknown",2/11/2021,997.57,997.45,NA,Unknown,"Brush control, Fire hazard, Habitat productivity, Habitat quality, Hazardous fuels accumulation, Hazardous fuels reduction, Rangeland health",Fuels reduction.,Unknown,No documentation.,Unknown,No documentation.,NA,50:54:00,6,10,2015,06,10,6,10,2015,06,10
21668,56725,Vegetation/Soil Manipulation,Vegetation Disturbance,Tree/Brush Control: Lop and Scatter,35122,303604,77648,2,2015-06-10,2015-06-10,6/10/2015,6/10/2015,actual,actual,0,Implemented,Unknown,2,Acres,887,0,No seed list,NA,NA,NA,NA,NA,NA,To conduct a lop and leave.,JUOC lopping.,A lop and leave was completed using manual-mechanized methods to targeted junipers.,None,Polygon,Confirmed,"Digitized by BLM field office personnel, method unknown",2/11/2021,888.87,888.74,NA,Unknown,"Brush control, Fire hazard, Habitat productivity, Habitat quality, Hazardous fuels accumulation, Hazardous fuels reduction, Rangeland health",Fuels reduction.,Unknown,No documentation.,Unknown,No documentation.,NA,57:35:00,6,10,2015,06,10,6,10,2015,06,10
21669,56728,Vegetation/Soil Manipulation,Vegetation Disturbance,Tree/Brush Control: Lop and Scatter,35124,303607,77650,2,2015-06-15,2015-06-15,6/15/2015,6/15/2015,actual,actual,0,Implemented,Unknown,2,Acres,1521.99,0,No seed list,NA,NA,NA,NA,NA,NA,To conduct a lop and leave.,No documentation.,A lop and leave was completed using Manual-Mechanized methods to target junipers.,None,Polygon,Confirmed,"Digitized by BLM field office personnel, method unknown",2/12/2021,1521.99,1521.99,NA,Unknown,"Brush control, Fire hazard, Forest health, Habitat productivity, Habitat quality, Hazardous fuels accumulation, Hazardous fuels reduction, Rangeland health",Fuels reduction.,Unknown,No documentation.,Unknown,No documentation.,NA,09:01:00,6,15,2015,06,15,6,15,2015,06,15
21669,56729,Vegetation/Soil Manipulation,Slash Treatment,Slash Treatment: Slash scattering,35125,303608,77650,2,2015-06-15,2015-06-15,6/15/2015,6/15/2015,actual,actual,0,Implemented,Unknown,2,Acres,1787.28,0,No seed list,NA,NA,NA,NA,NA,NA,To conduct a cutting.,No documentation.,A cutting was completed using chainsaws to target junipers.,None,Polygon,Confirmed,"Digitized by BLM field office personnel, method unknown",2/12/2021,1787.28,1787.28,NA,Unknown,"Brush control, Fire hazard, Forest health, Habitat productivity, Habitat quality, Hazardous fuels accumulation, Hazardous fuels reduction, Rangeland health",Fuels reduction.,Unknown,No documentation.,Unknown,No documentation.,NA,11:45:00,6,15,2015,06,15,6,15,2015,06,15
21671,56737,Vegetation/Soil Manipulation,Vegetation Disturbance,Tree/Brush Control: Lop and Scatter,35127,303621,77657,2,2015-02-27,2015-02-27,2/27/2015,2/27/2015,actual,actual,0,Implemented,Unknown,2,Acres,705.78,0,No seed list,NA,NA,NA,NA,NA,NA,To conduct a lop and leave.,No documentation.,A lop and leave was completed using Manual-Mechanized methods to target junipers.,None,Polygon,Confirmed,"Digitized by BLM field office personnel, method unknown",2/12/2021,705.78,705.63,NA,Unknown,"Brush control, Fire hazard, Habitat productivity, Habitat quality, Hazardous fuels accumulation, Hazardous fuels reduction, Rangeland health",Fuels reduction.,Unknown,No documentation.,Unknown,No documentation.,NA,45:03:00,2,27,2015,02,27,2,27,2015,02,27
21671,56738,Vegetation/Soil Manipulation,Slash Treatment,Slash Treatment: Slash scattering,35128,303622,77657,2,2015-02-27,2015-02-27,2/27/2015,2/27/2015,actual,actual,0,Implemented,Unknown,2,Acres,937.92,0,No seed list,NA,NA,NA,NA,NA,NA,To conduct a cutting.,No documentation.,A cutting was completed using chainsaws to target junipers.,None,Polygon,Confirmed,"Digitized by BLM field office personnel, method unknown",2/12/2021,937.92,937.76,NA,Unknown,"Brush control, Fire hazard, Habitat productivity, Habitat quality, Hazardous fuels accumulation, Hazardous fuels reduction, Rangeland health",Fuels reduction.,Unknown,No documentation.,Unknown,No documentation.,NA,53:58:00,2,27,2015,02,27,2,27,2015,02,27
21699,56874,Vegetation/Soil Manipulation,Vegetation Disturbance,Tree/Brush Control: Lop and Scatter,35165,303679,77677,2,2016-07-14,2016-09-30,7/14/2016,9/30/2016,actual,actual,78,Implemented,Unknown,2,Acres,2247.67,0,No seed list,NA,NA,NA,NA,NA,NA,"Reduce Hazardous Fuels 0-10"" by 95%.\r\nThin over stock stands and Ladder fuels.\r\nPromote Healthy Forest.","CONIFER CUTTING \u2013 FALL AND LEAVE OR LOP AND SCATTER (NO BURNING)\r\nIn some situations, conifers (most likely juniper, pine, or fir trees) would be felled, lopped, and scattered under the action alternatives. There would be no follow-up burning when this treatment is applied. A conifer cutting only treatment may be applied in Wyoming sagebrush and low/stiff sagebrush communities that are in early stages (Phase I) of transition to juniper woodland or as a strategy to reduce juniper encroachment within stands of mountain mahogany or bitterbrush while maintaining existing shrubs. It may also be applied to reduce the density of pine woodlands. This treatment would only be applied where risks associated with hazardous fuels are considered to be low.",7/17/2016: Lop and scatter of juniper. Went and hacked and finished the 30 acres of lop and scatter.\r\n7/14/2016: Finished up a 100 acre day.\r\n7/16/2016: Checked 100 acres. Found that lopping needed to be redone. Finishing up a 250 acre day.\r\n\r\nA lop and scatter was conducted where they targeted junipers.,None,Polygon,Confirmed,"Digitized by BLM field office personnel, method unknown",2/23/2021,2247.67,2247.39,NA,Contractor,"Forest health, Brush control, Fire hazard, Habitat productivity, Habitat quality, Hazardous fuels accumulation, Hazardous fuels reduction","The Vale District Bureau of Land Management (BLM) proposes to implement a multi-year, phased fuels management and ecological restoration project within the Mormon Basin / Pedro Mountain Planning Area in the Baker Resource Area. Silvicultural thinning, conifer (conifer, Ponderosa Pine, Douglas-fir) cutting, herbicide application, and prescribed fire activities would be primary management tools.\r\nFire-dependent ecological communities in the project area lack resiliency to wildfire, insects, disease, and other disturbances. Coniferous forests, shrublands, and riparian areas that function as those under historical conditions are more stable, support greater wildlife species diversity; and enhance watershed function. Ecosystems that are deficient of these conditions are likely to be especially vulnerable to the increased fire frequencies and intensities that will come with a changing climate.\r\nHigh fuel loading within coniferous forests and woodlands has increased the risks of ground fires becoming crown fires, and small fires becoming stand-replacement wildfires. Reducing hazardous fuels within forested stands will help protect life, property, and resource values, as well as increase the safety of personnel involved in wildland fire management actions.\r\nThe quality and productivity of browse and forage species available to wildlife in the project area needs to be improved. Bunchgrasses and forbs are important forage for elk, mule deer, bighorn sheep, and avian species, and have been reduced or are completely absent in plant communities undergoing conversion to juniper woodlands and in closed canopy mixed conifer forest stands. Key wildlife browse species such as aspen, bitterbrush and mountain mahogany are declining under the influence of conifer encroachment.\r\nThis environmental assessment (EA) examines the potential effects of: continuing existing management (the No Action Alternative); implementation of a Proposed Action (Alternative 2); as well as an additional action alternative (Alternative 3) within the project area. An interdisciplinary team of specialists from the Vale District conducted the environmental analysis. The EA will supply the decision-maker, the Baker Resource Area Field Office Manager, with information to utilize in the decision-making process in compliance with the National Environmental Policy Act (NEPA). The EA will allow BLM to determine if there are significant impacts not already analyzed in the Environmental Impact Statement (EIS) for the Vale District\u2019s Baker Resource Management Plan (BRMP FEIS, USDI-BLM, 1989). If the decision-maker determines that there are significant impacts associated with the project, then analysis of effects will be transitioned to an EIS analysis and planning document. If the EA shows that there are no significant impacts associated with the project, then preparation of a Finding of No Significant Impact is appropriate. A decision record may be signed by the Baker Field Office Manager following public comment on the EA to document the decision.\r\nThe purpose of the Proposed Action is to achieve management objectives described in the Baker Resource Area Resource Management Plan (RMP) Record of Decision within the Mormon Basin / Pedro Mountain planning area by:\r\nReducing hazardous fuels\r\nRestoring plant communities\r\nImproving wildlife habitat diversity\r\nThe need for action is based on degraded landscape conditions and threats to resources, private property and fire fighter safety. This was determined by comparing existing conditions of hazardous fuels, wildfire risks, rangeland plant communities, forest health, and wildlife habitat to the desired condition for those resources.\r\nChapter 2 provides the analytical basis for comparison of the action alternatives to the No Action Alternative. Chapter 3 (Affected Environment) summarizes the existing physical, biological, social, and economic environments of the project area.",Unknown,No documentation.,Unknown,No documentation.,NA,34:29:00,7,14,2016,07,14,9,30,2016,09,30
21699,56875,Vegetation/Soil Manipulation,Vegetation Disturbance,Vegetation Disturbance: Thinning,35166,303680,77677,2,2016-07-06,2016-09-30,7/6/2016,9/30/2016,actual,actual,86,Implemented,Unknown,2,Acres,3096.1,0,No seed list,NA,NA,NA,NA,NA,NA,"Reduce Hazardous Fuels 0-10"" by 95%.\r\nThin over stock stands and Ladder fuels.\r\nPromote Healthy Forest.","MECHANICAL THINNING AND CUTTING\r\nVariable density thinning would be the primary activity applied under the silvicultural thinning treatments in the Proposed Action. Variable density thinning involves a combination of commercial and non-commercial thinning techniques that results in retention of trees grouped in small dispersed patches with ladder fuels and crown fuels that are substantially reduced. Varied tree spacing, as opposed to even spacing is desirable. Tree clumping for stand diversity will be left as well as creating small openings to create a \u201cgappy\u201d appearance.\r\nNON-COMMERCIAL THINNING\r\nNon-commercial thinning involves manually cutting non-merchantable trees (< 9\u201d diameter) to reduce fuel laddering and/or help achieve specific resource objectives. Non-commercial thinning would be accomplished with chainsaws or hand tools. The activity fuels generated by this activity would be piled or possibly burned as jackpots. Most slash generated between December 1 and July 1 would be removed from treatment units to guard against tree mortality from Ips bark beetle attacks (See Section 2.5, Project Design Elements). In aspen stands up to 1/3 of older, dying aspen maybe cut and left on site to rejuvenate sprouting.\r\nCOMMERCIAL THINNING\r\nCommercial thinning removes merchantable (> 9\u201d diameter) trees to reduce the fuels in a forested canopy that allow for the development of high intensity crown fires. It also improves the health and growth rate of trees remaining in a stand following treatment by removing stressed/diseased trees and reducing competition stress of remaining trees.\r\nCommercial harvest activities conducted on slopes of less than 35% would be performed using ground-based equipment such as a mechanical harvesters, tractors, and rubber-tired skidders. Harvest activities occurring on terrain with slopes exceeding 35% would be conducted with a skyline logging system or by helicopter. Slash generated by the commercial harvest would be removed to a landing for disposal by burning or for biomass utilization if economically feasible. Otherwise, activity fuels generated by commercial harvest would be piled within treatments units for burning. Commercial thinning within the project area would be conducted under timber sales or possibly under stewardship contracts.","7/17/2016: Finished up spirit hill thinning 150 acres.\r\n7/6/2016: Juniper thinning.\r\n7/14/2016: Juniper thinning 100 acres.\r\n7/19/2016: Cut and pile 31 acres.\r\n7/14/2016: Cut and pile 55 acres.\r\n7/15/2016: Cut and pile 30 acres. Juniper thinning. 1,333 acres.\r\n7/12/2016: Cut and pile 69 acres. Juniper cutting 262 acres.\r\n7/11/2016: Thin and pile 15 acres. Juniper thinning 499.\r\n7/8/2016: Juniper thinning 152 acres.\r\n7/6/2016: Juniper thinning 120 acres.\r\n\r\nA pre-commercial thin and cutting were completed where they used chainsaws and manual-mechanized to target conifers and junipers.",None,Polygon,Confirmed,"Digitized by BLM field office personnel, method unknown",2/23/2021,3096.1,3095.82,NA,Contractor,"Forest health, Brush control, Fire hazard, Habitat productivity, Habitat quality, Hazardous fuels accumulation, Hazardous fuels reduction","The Vale District Bureau of Land Management (BLM) proposes to implement a multi-year, phased fuels management and ecological restoration project within the Mormon Basin / Pedro Mountain Planning Area in the Baker Resource Area. Silvicultural thinning, conifer (conifer, Ponderosa Pine, Douglas-fir) cutting, herbicide application, and prescribed fire activities would be primary management tools.\r\nFire-dependent ecological communities in the project area lack resiliency to wildfire, insects, disease, and other disturbances. Coniferous forests, shrublands, and riparian areas that function as those under historical conditions are more stable, support greater wildlife species diversity; and enhance watershed function. Ecosystems that are deficient of these conditions are likely to be especially vulnerable to the increased fire frequencies and intensities that will come with a changing climate.\r\nHigh fuel loading within coniferous forests and woodlands has increased the risks of ground fires becoming crown fires, and small fires becoming stand-replacement wildfires. Reducing hazardous fuels within forested stands will help protect life, property, and resource values, as well as increase the safety of personnel involved in wildland fire management actions.\r\nThe quality and productivity of browse and forage species available to wildlife in the project area needs to be improved. Bunchgrasses and forbs are important forage for elk, mule deer, bighorn sheep, and avian species, and have been reduced or are completely absent in plant communities undergoing conversion to juniper woodlands and in closed canopy mixed conifer forest stands. Key wildlife browse species such as aspen, bitterbrush and mountain mahogany are declining under the influence of conifer encroachment.\r\nThis environmental assessment (EA) examines the potential effects of: continuing existing management (the No Action Alternative); implementation of a Proposed Action (Alternative 2); as well as an additional action alternative (Alternative 3) within the project area. An interdisciplinary team of specialists from the Vale District conducted the environmental analysis. The EA will supply the decision-maker, the Baker Resource Area Field Office Manager, with information to utilize in the decision-making process in compliance with the National Environmental Policy Act (NEPA). The EA will allow BLM to determine if there are significant impacts not already analyzed in the Environmental Impact Statement (EIS) for the Vale District\u2019s Baker Resource Management Plan (BRMP FEIS, USDI-BLM, 1989). If the decision-maker determines that there are significant impacts associated with the project, then analysis of effects will be transitioned to an EIS analysis and planning document. If the EA shows that there are no significant impacts associated with the project, then preparation of a Finding of No Significant Impact is appropriate. A decision record may be signed by the Baker Field Office Manager following public comment on the EA to document the decision.\r\nThe purpose of the Proposed Action is to achieve management objectives described in the Baker Resource Area Resource Management Plan (RMP) Record of Decision within the Mormon Basin / Pedro Mountain planning area by:\r\nReducing hazardous fuels\r\nRestoring plant communities\r\nImproving wildlife habitat diversity\r\nThe need for action is based on degraded landscape conditions and threats to resources, private property and fire fighter safety. This was determined by comparing existing conditions of hazardous fuels, wildfire risks, rangeland plant communities, forest health, and wildlife habitat to the desired condition for those resources.\r\nChapter 2 provides the analytical basis for comparison of the action alternatives to the No Action Alternative. Chapter 3 (Affected Environment) summarizes the existing physical, biological, social, and economic environments of the project area.",Unknown,No documentation.,Unknown,No documentation.,NA,36:18:00,7,6,2016,07,06,9,30,2016,09,30
22157,58315,Vegetation/Soil Manipulation,Vegetation Disturbance,Tree/Brush Control: Lop and Scatter,36044,304177,77730,2,2016-09-30,2016-09-30,9/30/2016,9/30/2016,actual,actual,0,Implemented,Unknown,2,Acres,3915.68,0,No seed list,NA,NA,NA,NA,NA,NA,To conduct a lop and leave.,No documentation.,A lop and leave was completed using manual mechanized methods to target juniper.,None.,Polygon,Confirmed,"Digitized by BLM field office personnel, method unknown",5/10/2021,3915.68,3915.68,NA,Unknown,"Brush control, Habitat productivity, Habitat quality, Rangeland health",Habitat improvement.,Unknown,No documentation.,Unknown,No documentation.,NA,24:56:00,9,30,2016,09,30,9,30,2016,09,30
22157,58316,Vegetation/Soil Manipulation,Vegetation Disturbance,Vegetation Disturbance: Thinning,36045,304178,77730,2,2016-09-30,2016-09-30,9/30/2016,9/30/2016,actual,actual,0,Implemented,Unknown,2,Acres,3915.68,0,No seed list,NA,NA,NA,NA,NA,NA,To conduct a cutting.,No documentation.,A cutting was completed using chainsaws to target juniper.,None,Polygon,Confirmed,"Digitized by BLM field office personnel, method unknown",5/10/2021,3915.68,3915.68,NA,Contractor,"Brush control, Habitat productivity, Habitat quality, Rangeland health",Habitat improvement.,Unknown,No documentation.,Unknown,No documentation.,NA,29:13:00,9,30,2016,09,30,9,30,2016,09,30
22166,58368,Vegetation/Soil Manipulation,Vegetation Disturbance,Tree/Brush Control: Pinyon Juniper Removal - Hand Cutting,36068,304195,77738,2,2014-11-13,2014-11-13,11/13/2014,11/13/2014,actual,actual,0,Implemented,Unknown,2,Acres,1525.94,0,No seed list,NA,NA,NA,NA,NA,NA,A cutting was completed.,No documentation.,A cutting was completed using chainsaws to target juniper.,None,Polygon,Confirmed,"Digitized by BLM field office personnel, method unknown",5/12/2021,1525.94,1525.94,NA,Unknown,"Brush control, Habitat productivity, Habitat quality, Rangeland health",Habitat improvement.,Unknown,No documentation.,Unknown,No documentation.,NA,06:15:00,11,13,2014,11,13,11,13,2014,11,13
22166,58370,Vegetation/Soil Manipulation,Vegetation Disturbance,Tree/Brush Control: Lop and Scatter,36069,304196,77738,2,2014-11-13,2014-11-13,11/13/2014,11/13/2014,actual,actual,0,Implemented,Unknown,2,Acres,1525.94,0,No seed list,NA,NA,NA,NA,NA,NA,To conduct a lop and leave.,No documentation.,A lop and scatter was completed using manual-mechanized methods to target juniper.,None,Polygon,Confirmed,"Digitized by BLM field office personnel, method unknown",5/12/2021,1525.94,1525.94,NA,Unknown,"Brush control, Habitat productivity, Habitat quality, Rangeland health",Habitat improvement.,Unknown,No documentation.,Unknown,No documentation.,NA,24:05:00,11,13,2014,11,13,11,13,2014,11,13
20956,52808,Vegetation/Soil Manipulation,Soil Disturbance,Soil Disturbance: Plowing,33309,303251,78770,2,1966-06-15,1966-03-18,00/00/1966,3/18/1966,estimated month and day,actual,-89,Implemented,Unknown,2,Acres,1205,0,Confirmed seed list,NA,NA,NA,NA,NA,NA,Plow the designated areas to prepare a seedbed for the planting of range grasses.,"Plow 1000 acres. The depth of the plowing shall be four to six inches, except where soil conditions will not permit plowing to that depth, in which case the depth of plowing shall be as directed. The angle of the disk adjustment and depth shall be set to provide the most efficient brush removal and/or soil turnover.",1205 acres plowed.,NA,Polygon,Confirmed,Digitized by LTDL data entry personnel using a confirmed map,2/19/2020,2896.16,2896.15,NA,Contractor,Seedbed preparation,Plow the designated areas to prepare a seedbed for the planting of range grasses.,Unknown,NA,Unknown,NA,Map is general and contains more acres than what was actually plowed.,52:06:00,00,00,1966,06,15,3,18,1966,03,18
20956,52809,Seeding,Drill Seeding,Ground Seeding: Drill,33310,303252,78770,2,1966-06-15,1966-03-18,00/00/1966,3/18/1966,estimated month and day,actual,-89,Implemented,Unknown,2,Acres,1205,-1,Planned seed list,NA,Seeds,Plan,Unknown,Species Specific,NA,Increase the waterholding capacity of the soil as well as increase forage.,Drill seed 1000 acres at a rate of six lbs per acre. Average depth of cover over seed shall not except one-half inch.,Drill seeded 1205 acres.,NA,Polygon,Confirmed,Digitized by LTDL data entry personnel using a confirmed map,2/19/2020,2896.16,2896.15,NA,Contractor,"Brush control, Carrying capacity, Forage quality",Increase the waterholding capacity of the soil as well as increase forage.,Unknown,NA,Unknown,NA,NA,52:12:00,00,00,1966,06,15,3,18,1966,03,18
1958,5382,Vegetation/Soil Manipulation,Soil Disturbance,Soil Disturbance: Discing,3490,349206,83596,2,1964-05-15,1964-10-26,5/00/1964,10/26/1964,estimated day,actual,164,Implemented,None,1,Acres,3000,0,NA,NA,NA,NA,NA,NA,NA,All tillable acreage on this burn will be disc-plowed,To disc plow and drill to crested wheat grass.,Plowing was done by towner offset disc plow.,The plowing portion was accomplished during the spring after the cheat grass germinated resulting in an excellent kill.,Polygon,Confirmed,Digitized by LTDL data entry personnel using a confirmed map,7/6/2012,3046.208219,2986.783414,NA,BLM,"Erosion, Loss of Perennials, Provide forage for livestock","Project will aide in rehabilitating this area by producing perennial vegetation on this burned area, thus providing an increase in livestock forage and a reduction in erosion.",None,NA,None,NA,NA,23:40:00,5,00,1964,05,15,10,26,1964,10,26
1958,5383,Seeding,Ground Seeding,Ground Seeding: Broadcast,3491,349207,83596,2,1964-05-15,1964-10-26,5/00/1964,10/26/1964,estimated day,actual,164,Implemented,None,1,Acres,3000,-1,Confirmed seed list,NA,Seeds,Confirmed on Paper,Unknown,Overall,"There was only a general rate listed for all species combined indicated here, specific rates for each species were not possible.  The rate was",NA,seeded to crested wheat grass.,"Grain broadcasting followed by cultipacking.  Crested wheatgrass, 97% pure, 88% germination.  7.21 lbs. per acre.",NA,Polygon,Confirmed,Digitized by LTDL data entry personnel using a confirmed map,7/6/2012,3046.208219,2986.783414,NA,BLM,"Erosion, Loss of Perennials, Provide forage for livestock","Project will aide in rehabilitating this area by producing perennial vegetation on this burned area, thus providing an increase in livestock forage and a reduction in erosion.",None,NA,None,NA,NA,23:40:00,5,00,1964,05,15,10,26,1964,10,26
12600,33972,Seeding,Drill Seeding,Ground Seeding: Drill,21859,351206,84658,2,1981-06-15,1981-06-15,00/00/1981,00/00/1981,estimated month and day,estimated month and day,0,Implemented,None,2,Acres,1800,-1,Confirmed seed list,NA,Seeds,Confirmed on Paper,Unknown,Species Specific,NA,Direct drill with a standard rangeland drill approximately 1800 acres within the area outlined above.,NA,NA,NA,Polygon,Confirmed,"Digitized by BLM field office personnel, method unknown",NA,2845.928245,2845.148213,NA,Contractor,"Habitat for wildlife, Provide forage for livestock, Provide forage for wildlife, Erosion","If the seeding is successful, the following positive benefits will\r\nbe gained as a result of the reduction of less dependable annual plants\r\nand introduction of perennial vegetation.\r\na. The watershed will be improved because of increased litter\r\nfrom the perennial plants.\r\nb. More and better forage for livestock could be produced.\r\nc. Habitat for wildlife species could improve by the increase in\r\nthe diversity and palatability of vegetation. Sage grouse, antelope\r\nand deer will benefit with increased palatable forbs available to them.\r\nd. Less soil erosion due to more dependable ground cover.\r\ne. Sage grouse wintering habitat will not be affected as no\r\nsagebrush will be removed.",None,NA,None,NA,NA,19:27:00,00,00,1981,06,15,00,00,1981,06,15
12600,33971,Vegetation/Soil Manipulation,Soil Disturbance,Soil Disturbance: Plowing,21860,351207,84658,2,1981-06-15,1981-06-15,00/00/1981,00/00/1981,estimated month and day,estimated month and day,0,Implemented,None,2,Acres,1800,0,NA,NA,NA,NA,NA,NA,NA,Direct drill with a standard rangeland drill approximately 1800 acres within the area outlined above.,NA,NA,NA,Polygon,Confirmed,"Digitized by BLM field office personnel, method unknown",NA,2845.928245,2845.148213,NA,Contractor,"Habitat for wildlife, Provide forage for livestock, Provide forage for wildlife, Erosion","If the seeding is successful, the following positive benefits will\r\nbe gained as a result of the reduction of less dependable annual plants\r\nand introduction of perennial vegetation.\r\na. The watershed will be improved because of increased litter\r\nfrom the perennial plants.\r\nb. More and better forage for livestock could be produced.\r\nc. Habitat for wildlife species could improve by the increase in\r\nthe diversity and palatability of vegetation. Sage grouse, antelope\r\nand deer will benefit with increased palatable forbs available to them.\r\nd. Less soil erosion due to more dependable ground cover.\r\ne. Sage grouse wintering habitat will not be affected as no\r\nsagebrush will be removed.",None,NA,None,NA,NA,19:27:00,00,00,1981,06,15,00,00,1981,06,15
5286,14661,Seeding,Aerial Seeding,Aerial Seeding,9212,349864,86869,2,1998-01-01,1999-12-31,1/1/1998,12/31/1999,actual,actual,729,Implemented,Unknown,1,Acres,1023,-1,No seed list,NA,Unknown,No Seed List,Unknown,Unknown,NA,NA,NA,GIS is implementation data.,Unknown,Polygon,Confirmed,"Digitized by BLM field office personnel, method unknown",NA,1023.31,1022.79,NA,Unknown,"Establishment of seeded species, Loss of desirable species, Loss of vegetation, Vegetal cover",NA,None,NA,None,NA,NA,35:43:00,1,1,1998,01,01,12,31,1999,12,31
5286,14662,Herbicide/Weeds/Chemical,Herbicide,Noxious Weeds: Weed Control - Herbicide Application,9214,349865,86869,2,1998-01-01,1999-12-31,1/1/1998,12/31/1999,actual,actual,729,Implemented,Unknown,1,Acres,1183,0,NA,NA,NA,NA,NA,NA,NA,NA,NA,GIS is implementation data.,Unknown,Polygon,Confirmed,"Digitized by BLM field office personnel, method unknown",NA,1182.73,1032.35,NA,Unknown,None,NA,None,NA,None,NA,combined the Rehab and a RX treatment,03:29:00,1,1,1998,01,01,12,31,1999,12,31
11041,29926,Vegetation/Soil Manipulation,Soil Disturbance,Soil Disturbance: Plowing,19245,350966,88236,2,1981-06-15,1982-06-15,00/00/1981,00/00/1982,estimated month and day,estimated month and day,365,Implemented,None,2,Acres,1500,0,NA,NA,NA,NA,NA,NA,NA,Plow and seed 1500 acres.,NA,NA,NA,Polygon,Confirmed,"Digitized by BLM field office personnel, method unknown",NA,8363.97169,8173.314185,NA,BLM,"Erosion, Loss of Perennials, Provide cover for wildlife, Provide forage for livestock, Provide forage for wildlife",The following benefits would result\r\nfrom a successful seeding:\r\n1) Replacement of less dependable annual forage plants\r\nwith perennials.\r\n2) Soil stability would be increased by the more extensive\r\nand permanent root systems of perennial grasses.\r\n3) Forage quality would be improved.\r\n4) Wildlife habitat would be improved through creation\r\nof grass and forb patches in former dense sagebrush stands.,None,NA,None,NA,NA,42:42:00,00,00,1981,06,15,00,00,1982,06,15
11041,29927,Seeding,Drill Seeding,Ground Seeding: Drill,19246,350967,88236,2,1981-06-15,1982-06-15,00/00/1981,00/00/1982,estimated month and day,estimated month and day,365,Implemented,None,2,Acres,1500,-1,Confirmed seed list,NA,Seeds,Confirmed on Paper,Unknown,Species Specific,NA,Plow and seed 1500 acres.,NA,NA,NA,Polygon,Confirmed,"Digitized by BLM field office personnel, method unknown",NA,8363.97169,8173.314185,NA,BLM and Cooperators,"Erosion, Loss of Perennials, Provide cover for wildlife, Provide forage for livestock, Provide forage for wildlife",The following benefits would result\r\nfrom a successful seeding:\r\n1) Replacement of less dependable annual forage plants\r\nwith perennials.\r\n2) Soil stability would be increased by the more extensive\r\nand permanent root systems of perennial grasses.\r\n3) Forage quality would be improved.\r\n4) Wildlife habitat would be improved through creation\r\nof grass and forb patches in former dense sagebrush stands.,None,NA,None,NA,NA,42:42:00,00,00,1981,06,15,00,00,1982,06,15
2847,7883,Seeding,Aerial Seeding,Aerial Seeding: Rotor Wing,4975,384865,89149,2,2012-11-15,2012-11-15,11/00/2012,11/00/2012,estimated day,estimated day,0,Implemented,See Comments,2,Acres,200,-1,Planned seed list,Aerial Seed,Seeds,Plan,Unknown,Species Specific,NA,The purpose of the treatment is to help quickly re-establish native vegetation to provide habitat value and prevent the spread of invasive species and to stabilize soils and reduce sediment run-off.  This treatment is expected to be moderately to highly effective based on similar treatments in other areas.,This treatment will use local seed stock of native species to the greatest extent possible.  Seed will be applied in high burn intensity areas in the late fall of 2010 using a helicopter with a seeder attachment.,Aerial seeding followed by harrowing in Nov 2012.,"Success of the aerial seeding appears to be\r\nvariable, in part due to an unexpected seedbank of prickly lettuce that sprouted fairly densely in\r\nsome areas. Prickly lettuce appeared to have increased in much of the burned area, including\r\noutside of the harrowed area, and it is suspected that it developed a good seed bank following\r\n2011 and 2012 growing seasons and the seed is easily carried by the wind, resulting in obvious\r\nexpansion in 2013. Areas were it sprouted the densest were treated using a wick to prevent\r\ndamage to establishing seedlings. Prickly lettuce is expected to decline naturally as time goes on\r\nfollowing the fire and as seedling become established.",Polygon,Confirmed,Digitized by LTDL data entry personnel using a confirmed map,1/20/2015,247.8925474,0,NA,Contractor,"Encroaching Vegetation, Endangered Species, Erosion, Habitat for Sage Grouse, Impact on Cultural Resources, Noxious Weeds","Issues relate to resource problems caused by the wildfire and include both the immediate wildfire effects as well as effects predicted to occur as a result of the wildfire.  Determining the appropriate funding code must be based on the scope of the issue, purpose of the treatment, and the availability of funds.  \r\nEMERGENCY STABILIZATION ISSUES\r\n\r\nEmergency Stabilization Objectives:  \u201cdetermine the need for and to prescribe and implement emergency treatments to minimize threats to life or property or to stabilize and prevent unacceptable degradation to natural and cultural resources resulting from the effects of a fire.\u201d  620DM3.4\r\n\r\nEmergency Stabilization Priorities:  1) Human Life and Safety, and 2) Property and unique biological (designated Critical Habitat for Federal and State listed, proposed or candidate threatened and endangered species) and significant heritage sites.  620DM3.7\r\n\r\nIssue 1 - Human Life and Safety.  Replacing or repairing minor facilities essential to public health and safety when no other protection options are available.  \r\n\r\nParts of the burned area contain abandoned irrigation structures associated with the irrigation canal that runs along much of the burn perimeter.  Fencing that prevented access to many of the structures was burned in the fire.  The deteriorated condition of these structures presents a hazard to life and safety (i.e., large holes in concrete or exposed, jagged metal). Fences need to be repaired to prevent access to these structures.  In addition, drainage culverts that were partially blocked before the fire may not have the capacity for increased flows that are likely to occur after the fire.\r\n\r\nIssue 2 - Soil/Water Stabilization.  Placing structures to slow soil and water movement, stabilizing soil to prevent loss or degradation or productivity, increasing road drainage frequency and/or capacity to handle additional post-fire runoff, installing protective fences or barriers to protect treated or recovering areas.  \r\n\r\nThe burned area contains steep slopes and drainage bottoms that are highly susceptible to erosion. The fire has resulted in hydrophobic soil conditions in areas where burn intensity was moderate to severe.  The burned area is located upslope of designated critical habitat for Columbia River steelhead and both agricultural and residential areas and associated infrastructure such as roads, powerlines, and irrigation systems.  Heavy rains or spring run-off could result in soil movement and/or flash-flood conditions.\r\n\r\nIssue 3 - Habitat for Federal/State Listed, Proposed, or Candidate Species.  Seeding or planting to prevent permanent impairment of designated Critical Habitat for Federal and State listed, proposed or candidate threatened and endangered species.  \r\n\r\nThe burned area is within the WDFW\u2019s Rattlesnake Hills Greater Sage-Grouse Management Unit.  The greater sage-grouse is a federal Candidate species and is listed as Threatened by the State of Washington.  The Washington population of greater sage-grouse is listed as the Columbia Basin Distinct Population Segment by the U.S. Fish and Wildlife Service.  The fire removed sage-brush habitat that is considered to be essential to the recovery of the Washington population of greater sage-grouse.\r\n\r\nThe burned area also supports a population of Tauschia hooveri, a plant listed as a Federal Species of Concern and Threatened by the State of Washington.  The species is susceptible to disturbance and subsequent competition from invasive species, both of which have been exacerbated by the fire.\r\n\r\nIssue 4 - Critical Heritage Resources.  Stabilizing critical heritage resources, patrolling, camouflaging, burying significant heritage sites to prevent looting.  \r\n\r\nThe burned area has documented cultural sites and is known to be a cultural \u201chot spot\u201d.  The area is also a popular recreation area and exposed cultural sites may be susceptible to looting and vandalism.  \r\n\r\nIssue 5 - Invasive Plants and Weeds.  Seeding to prevent establishment of invasive plants, and direct treatment of invasive plants.  Such actions will be specified in the emergency stabilization plan only when immediate action is required and when standard treatments are used that have been validated by monitoring data from previous projects, or when there is documented research establishing the effectiveness of such actions.  Using integrated pest management techniques to minimize the establishment of non-native invasive species within the burned area.  When there is an existing approved management plan that addresses non-native invasive species, emergency stabilization treatments may be used to stabilize the invasive species.  \r\n\r\nArid-land shrub-steppe ecosystems throughout this geographic region have been shown to be susceptible to fire induced conversion to annual grasslands that results from shortened fire-returned intervals and invasive species.  There were several species of weeds and other invasive plants already established in the area prior to the fire, including various knapweed species and scotch thistle.  Invasive species are especially prevalent along the old irrigation canal and roadways on private property bordering BLM lands.  BLM\u2019s small parcel size results in increased edge effect and greater susceptibility to invasive species.  Research from nearby Arid Lands Ecological Reserve on post-fire treatments has shown increased resiliency to invasive species in areas that were treated with aerial seeding and herbicide applications.",None,NA,None,NA,NA,04:38:00,11,00,2012,11,15,11,00,2012,11,15
2847,7898,Vegetation/Soil Manipulation,Soil Disturbance,Soil Disturbance: Harrowing,4976,384866,89149,2,2012-11-15,2012-11-15,11/00/2012,11/00/2012,estimated day,estimated day,0,Implemented,See Comments,2,Acres,200,0,NA,NA,NA,NA,NA,NA,NA,The purpose of the treatment is to help quickly re-establish native vegetation to provide habitat value and prevent the spread of invasive species and to stabilize soils and reduce sediment run-off.  This treatment is expected to be moderately to highly effective based on similar treatments in other areas.,This treatment will use local seed stock of native species to the greatest extent possible.  Seed will be applied in high burn intensity areas in the late fall of 2010 using a helicopter with a seeder attachment.,Aerial seeding followed by harrowing in Nov 2012.,"Success of the aerial seeding appears to be\r\nvariable, in part due to an unexpected seedbank of prickly lettuce that sprouted fairly densly in\r\nsome areas. Prickly lettuce appeared to have increased in much of the burned area, including\r\noutside of the harrowed area, and it is suspected that it developed a good seed bank following\r\n2011 and 2012 growing seasons and the seed is easily carried by the wind, resulting in obvious\r\nexpansion in 2013. Areas were it sprouted the densest were treated using a wick to prevent\r\ndamage to establishing seedlings. Prickly lettuce is expected to decline naturally as time goes on\r\nfollowing the fire and as seedling become established.",Polygon,Confirmed,Digitized by LTDL data entry personnel using a confirmed map,1/20/2015,247.8925474,0,NA,Contractor,"Encroaching Vegetation, Endangered Species, Erosion, Habitat for Sage Grouse, Impact on Cultural Resources, Noxious Weeds","Issues relate to resource problems caused by the wildfire and include both the immediate wildfire effects as well as effects predicted to occur as a result of the wildfire.  Determining the appropriate funding code must be based on the scope of the issue, purpose of the treatment, and the availability of funds.  \r\nEMERGENCY STABILIZATION ISSUES\r\n\r\nEmergency Stabilization Objectives:  \u201cdetermine the need for and to prescribe and implement emergency treatments to minimize threats to life or property or to stabilize and prevent unacceptable degradation to natural and cultural resources resulting from the effects of a fire.\u201d  620DM3.4\r\n\r\nEmergency Stabilization Priorities:  1) Human Life and Safety, and 2) Property and unique biological (designated Critical Habitat for Federal and State listed, proposed or candidate threatened and endangered species) and significant heritage sites.  620DM3.7\r\n\r\nIssue 1 - Human Life and Safety.  Replacing or repairing minor facilities essential to public health and safety when no other protection options are available.  \r\n\r\nParts of the burned area contain abandoned irrigation structures associated with the irrigation canal that runs along much of the burn perimeter.  Fencing that prevented access to many of the structures was burned in the fire.  The deteriorated condition of these structures presents a hazard to life and safety (i.e., large holes in concrete or exposed, jagged metal). Fences need to be repaired to prevent access to these structures.  In addition, drainage culverts that were partially blocked before the fire may not have the capacity for increased flows that are likely to occur after the fire.\r\n\r\nIssue 2 - Soil/Water Stabilization.  Placing structures to slow soil and water movement, stabilizing soil to prevent loss or degradation or productivity, increasing road drainage frequency and/or capacity to handle additional post-fire runoff, installing protective fences or barriers to protect treated or recovering areas.  \r\n\r\nThe burned area contains steep slopes and drainage bottoms that are highly susceptible to erosion. The fire has resulted in hydrophobic soil conditions in areas where burn intensity was moderate to severe.  The burned area is located upslope of designated critical habitat for Columbia River steelhead and both agricultural and residential areas and associated infrastructure such as roads, powerlines, and irrigation systems.  Heavy rains or spring run-off could result in soil movement and/or flash-flood conditions.\r\n\r\nIssue 3 - Habitat for Federal/State Listed, Proposed, or Candidate Species.  Seeding or planting to prevent permanent impairment of designated Critical Habitat for Federal and State listed, proposed or candidate threatened and endangered species.  \r\n\r\nThe burned area is within the WDFW\u2019s Rattlesnake Hills Greater Sage-Grouse Management Unit.  The greater sage-grouse is a federal Candidate species and is listed as Threatened by the State of Washington.  The Washington population of greater sage-grouse is listed as the Columbia Basin Distinct Population Segment by the U.S. Fish and Wildlife Service.  The fire removed sage-brush habitat that is considered to be essential to the recovery of the Washington population of greater sage-grouse.\r\n\r\nThe burned area also supports a population of Tauschia hooveri, a plant listed as a Federal Species of Concern and Threatened by the State of Washington.  The species is susceptible to disturbance and subsequent competition from invasive species, both of which have been exacerbated by the fire.\r\n\r\nIssue 4 - Critical Heritage Resources.  Stabilizing critical heritage resources, patrolling, camouflaging, burying significant heritage sites to prevent looting.  \r\n\r\nThe burned area has documented cultural sites and is known to be a cultural \u201chot spot\u201d.  The area is also a popular recreation area and exposed cultural sites may be susceptible to looting and vandalism.  \r\n\r\nIssue 5 - Invasive Plants and Weeds.  Seeding to prevent establishment of invasive plants, and direct treatment of invasive plants.  Such actions will be specified in the emergency stabilization plan only when immediate action is required and when standard treatments are used that have been validated by monitoring data from previous projects, or when there is documented research establishing the effectiveness of such actions.  Using integrated pest management techniques to minimize the establishment of non-native invasive species within the burned area.  When there is an existing approved management plan that addresses non-native invasive species, emergency stabilization treatments may be used to stabilize the invasive species.  \r\n\r\nArid-land shrub-steppe ecosystems throughout this geographic region have been shown to be susceptible to fire induced conversion to annual grasslands that results from shortened fire-returned intervals and invasive species.  There were several species of weeds and other invasive plants already established in the area prior to the fire, including various knapweed species and scotch thistle.  Invasive species are especially prevalent along the old irrigation canal and roadways on private property bordering BLM lands.  BLM\u2019s small parcel size results in increased edge effect and greater susceptibility to invasive species.  Research from nearby Arid Lands Ecological Reserve on post-fire treatments has shown increased resiliency to invasive species in areas that were treated with aerial seeding and herbicide applications.",None,NA,None,NA,This treatment was included with the aerial seeding.  No individual cost reported.,12:23:00,11,00,2012,11,15,11,00,2012,11,15
7589,20722,Vegetation/Soil Manipulation,Vegetation Disturbance,Tree/Brush Control: Thin and Pile,13150,386527,90089,3,2011-06-15,2012-09-14,00/00/2011,9/14/2012,estimated month and day,actual,457,Implemented,None,0,Acres,220,0,NA,NA,NA,NA,NA,NA,NA,NA,NA,NA,NA,Polygon,Confirmed,"Digitized by BLM field office personnel, using a GPS unit on the ground",1/21/2015,219.8781567,193.4266191,NA,NA,"Hazardous fuels accumulation, Hazardous fuels reduction, Wildland Urban Interface",NA,None,NA,None,NA,Project created with data gathered from GIS attribute tables.,55:34:00,00,00,2011,06,15,9,14,2012,09,14
7589,20723,Vegetation/Soil Manipulation,Vegetation Disturbance,Vegetation Disturbance: Thinning,13151,386528,90089,3,2012-09-14,2012-09-14,9/14/2012,9/14/2012,actual,actual,0,Implemented,None,2,Acres,210,0,NA,NA,NA,NA,NA,NA,NA,NA,NA,NA,NA,Polygon,Confirmed,"Digitized by BLM field office personnel, using a GPS unit on the ground",1/21/2015,208.9954649,187.5954509,NA,NA,"Hazardous fuels accumulation, Hazardous fuels reduction, Wildland Urban Interface",NA,None,NA,None,NA,Project created with data gathered from GIS attribute tables.,56:59:00,9,14,2012,09,14,9,14,2012,09,14
20582,51192,Seeding,Seedling Planting,Seedling Planting (Shrub/Tree): Hand Planting,32566,386998,90246,3,2016-11-01,2016-11-30,11/1/2016,11/31/2016,actual,estimated day,29,Implemented,See Comments,1,Acres,695,-1,No seed list,NA,Seedlings,No Seed List,Unknown,Not Available,NA,The objective of the treatment is to establish 40 sagebrush plants per acre at the 3rd year after\r\nplanting. 3rd year post-planting success will be based on: Fully successful=40 or more plants/acre; Partially\r\nsuccessful=1-39 surviving plants/acre; Unsuccessful=Less than 1 surviving plant/acre.,Seedling planting contract has been awarded and grow out is ongoing\r\nwith planting planned for Fall 2016 and Fall of 2017.,"Seedling planting completed Nov 2016. Additional grass and forb\r\nseedlings (33,000) were planted instead of drill seeding on\r\napproximately 1,200 acres. These areas had generally good\r\nrecovery but had some gaps, so seedling were planted in the gap\r\nareas rather than drilling the entire area.\r\n\r\nApproximately 33,000 seedlings were planted, half in the southern area and half in the northern area.\r\n\r\n\r\nDouglas (South) Fire\r\nTask 2 seeding was originally planned for 553 acres. 22 acres were drill seeded in an\r\narea that also received glyphosate treatments for P. bulbosa. The remaining 531 acres were\r\nmodified for plug installation instead of the original seeding treatment and planted during the\r\nFall of 2016.","Douglas (North) Fire area\r\nComparisons between the drill-seeding and seedling planting treatments show that the seedling treatment area had lower bare soil cover and higher cover of biological soil crusts, annual graminoids, perennial graminoids, and invasive graminoids. The drill-seeding treatment had higher cover of bare soil, annual forbs, perennial forbs, GRSG preferred forbs, non-graminoid invasive, sagebrush, and other shrubs (Table 38). LPI results show that the seedling planting treatment had higher foliar coverage of seeded species Festuca idahoensis (FEID) and Poa secunda (POSE) than the drill seeding treatment, while the drill seeding treatment had only slightly higher foliar cover (2.9%) of Pseudoroegneria spicata (PSSP6) than the seedling planting treatment had (Table 39). There were a few species that were detected in previous years that were not detected during the 2018 field season. This could possibly be attributed to the time of year of surveying and species identification by observers.\r\n\r\nDouglas (South)\r\nOnly two AIM monitoring plots fell within the boundaries of the treatment area for treatments that were completed during time of survey. One plot, LPI_0778_514 (R008XY102WA) fell within the herbicide treatment area that was scheduled for seeding later in the season. The second plot LPI_0778_51 (R008X103WA) fell within the seeded treatment that received no herbicide. An additional plot LPI_0778 40 (R008XY102WA) landed within the modified plug treatment area that was scheduled for planting later on in the season. Two of the three AIM monitoring plots will eventually be located in the seeding/plug installation treatment areas, however, these treatments were scheduled to occur after the plots had been sampled for the 2016 season\r\n\r\n2017 and 2018 Soil Stability results for the different treatment area are shown in Table 23. The Ecological Site Description reference sheets list that soil stability class values are estimated to be 5-6 at the surface under perennial plant cover (covered) and 4-5 at the surface in the interspaces (no cover). There was an increase in soil stability from 2017 to 2018 for both treatment areas.\r\n\r\nThe 2017 and 2018 Species Richness results for the different treatment areas are shown in Table 24. There was an overall increase in species count across both treatments, with drill seeding without spray having a slightly higher total species count.",Polygon,Confirmed,Digitized by LTDL data entry personnel using a confirmed map,5/13/2021,695.28,693.39,NA,Contractor,"Loss of desirable species, Loss of native species, Loss of perennials, Loss of sagebrush",Establish sagebrush.,NA,NA,NA,NA,NA,06:59:00,11,1,2016,11,01,11,31,2016,11,30
20582,51187,Seeding,Drill Seeding,Ground Seeding: Drill,32567,386999,90246,3,2016-03-01,2016-11-30,3/1/2016,11/31/2016,actual,estimated day,274,Implemented,See Comments,1,Acres,420,-1,No seed list,NA,Seeds,No Seed List,Unknown,Not Available,NA,The objective of the treatment is to establish 2 seeded plants/sq. meter at the 3rd year after seeding. 1st\r\nyear post-seeding success will be based on: Fully successful=7 or more seeded plants/sq. meter; Partially\r\nsuccessful=1-6 seeded plants/sq. meter; Unsuccessful=Less than one seeded plant/sq. meter. 2nd year post seeding\r\nsuccess will be based on: Fully successful=4 or more surviving seeded plants/sq. meter; Partially successful=1-3 surviving seeded plants/sq. meter; Unsuccessful=Less than 1 surviving seeded plants/sq. meter. 3rd\r\nyear post-seeding success will be based on: Fully successful=2 or more seeded plant/sq. meter; Partially\r\nsuccessful=1-2 surviving seeded plants/sq. meter; Unsuccessful=Less than 1 surviving seeded plants/sq. meter.,"Douglas (South):\r\nBefore the Douglas Complex fire, drill seeding had occurred on 66 acres of BLM land in\r\nDouglas south in March 2015. Seeding was stopped early because of the excessive coverage of\r\nPoa bulbosa in the area. After the fire event, there was a major increase in cover of P. bulbosa\r\nand the stage of its growth threatened the success of the native plants seeding. Following this\r\ndiscovery, approximately 179 acres dominated by P. bulbosa were treated with glyphosate. The\r\nremaining 158 acres was scheduled for seeding during the Fall of 2016 after GBI crews\r\nconducted AIM monitoring.\r\n\r\nDouglas (North): \r\nProposed treatments within the burn area included ground seeding of perennial bunchgrasses,\r\nsagebrush seedling planting, weeds monitoring, and herbicide treatment (Ellis 2016d). The\r\nseeding treatment was originally proposed for 880 acres to be drill seeded, however, only 240\r\nacres were drill seeded during the fall of 2016, after AIM monitoring was completed. The\r\nremaining 640 acres will be modified to installing native plugs, with planting scheduled to occur\r\nin 2017.\r\n\r\n\r\nGround-based seeding would use minimum-till drills. Native, locally sourced species would be seeded with application targeted for November 2016","General notes and items of importance during implementation.\r\nBased on the current vegetation conditions, it was decided that the\r\nbest approach was to drill seed approximately 420 acres (180 in\r\nsouthern area and 240 acres in northern area), and convert the\r\nremaining treatment acres to plug installation. Approximately\r\n33,000 seedlings were planted, half in the southern area and half in\r\nthe northern area.","2020: The drill-seeding treatment had higher cover of bare soil, annual forbs, perennial forbs, GRSG preferred forbs, non-graminoid invasive, sagebrush, and other shrubs (Table 38). LPI results show that the seedling planting treatment had higher foliar coverage of seeded species Festuca idahoensis (FEID) and Poa secunda (POSE) than the drill seeding treatment, while the drill seeding treatment had only slightly higher foliar cover (2.9%) of Pseudoroegneria spicata (PSSP6) than the seedling planting treatment had (Table 39). There were a few species that were detected in previous years that were not detected during the 2018 field season. This could possibly be attributed to the time of year of surveying and species identification by observers.\r\n\r\n2018: FY2018: Monitoring of seeding treatments implemented in spring and fall of 2016 indicate low\r\nestablishment of bluebunch wheatgrass in the areas seeded in fall of 2016 compared to areas\r\nseeded in spring of 2016. This is most likely due to high competition of crested wheatgrass reestablishing\r\nin these areas. Analysis of this data is ongoing and will be used to inform future\r\ndecision.",Polygon,Confirmed,Digitized by LTDL data entry personnel using a confirmed map,5/13/2021,479.06,477.97,NA,Contractor,"Establishment of seeded species, Invasive species, Loss of desirable species, Loss of perennials, Noxious weeds",Maintenance of native perennial plant species and controlling the establishment and expansion of new\r\nand existing weed populations.,Delayed,"FY16: Due to timeline to complete contracted Section 106 inventories, seeding was delayed until spring. The burned area experienced a major increase in cover of Poa bulbosa following the fire and stage of growth threatened the success of seeding. Approximately 66 acres were seeded. Approximately 500 additional acres are planned for seeding this fall, a portion of which were treated for P. bulbosa this season.",NA,NA,NA,34:56:00,3,1,2016,03,01,11,31,2016,11,30
6001,16641,Seeding,Drill Seeding,Ground Seeding: Drill,10473,398613,92812,2,1966-09-12,1966-12-06,9/12/1966,12/6/1966,actual,actual,85,Implemented,None,2,Acres,300,-1,Confirmed seed list,NA,Seeds,Confirmed on Paper,Unknown,NA,NA,NA,NA,"The plowing and drilling of 300 acres of sagebrush and cheatgrass, seeded to crested wheatgrass applied at a rate of 6lb. per acre. Plowing done with Towner plow and seeding with Oregon press drills.",NA,Polygon,Confirmed,Digitized by LTDL data entry personnel using a confirmed map,10/19/2012,290.2003579,290.0925538,NA,BLM,"Loss of vegetation, Rangeland health",Brushland plowing followed by seeding of crested what on a site which is now\r\nmainly a sagebrush- cheatgrass type .,None,NA,None,NA,NA,58:00:00,9,12,1966,09,12,12,6,1966,12,06
6001,16642,Vegetation/Soil Manipulation,Soil Disturbance,Soil Disturbance: Plowing,10474,398614,92812,2,1966-09-12,1966-12-06,9/12/1966,12/6/1966,actual,actual,85,Implemented,None,2,Acres,300,0,NA,NA,NA,NA,NA,NA,NA,NA,NA,Plowing done with towner plow and seeding with Oregon press drills.,NA,Polygon,Confirmed,Digitized by LTDL data entry personnel using a confirmed map,10/19/2012,290.2003579,290.0925538,NA,BLM,"Loss of vegetation, Rangeland health",Brushland plowing followed by seeding of crested what on a site which is now\r\nmainly a sagebrush- cheatgrass type .,None,NA,None,NA,NA,58:17:00,9,12,1966,09,12,12,6,1966,12,06
10901,29513,Vegetation/Soil Manipulation,Soil Disturbance,Soil Disturbance: Plowing,18939,398617,92814,2,1967-05-15,1967-11-02,5/15/1967,11/2/1967,actual,actual,171,Implemented,None,2,Acres,1100,0,NA,NA,NA,NA,NA,NA,NA,NA,NA,Plowing was done with a Towner plow and seeding with Press Seeders.,NA,Polygon,Confirmed,Digitized by LTDL data entry personnel using a confirmed map,10/24/2012,1121.132908,997.8276594,NA,BLM,"Provide cover for wildlife, Rangeland health",NA,None,NA,None,NA,NA,39:10:00,5,15,1967,05,15,11,2,1967,11,02
10901,29514,Seeding,Drill Seeding,Ground Seeding: Drill,18940,398618,92814,2,1967-05-15,1967-11-02,5/15/1967,11/2/1967,actual,actual,171,Implemented,None,2,Acres,1100,-1,Confirmed seed list,NA,Seeds,Confirmed on Paper,Unknown,Species Specific,NA,NA,NA,"The plowing and drilling of 1100 acres of sagebrush and cheatgrass, seeded to Crested Wheatgrass applied at the rate of 5lbs. per acre. Plowing was done with a Towner plow and seeding with Press Seeders. Also seeded four-wing saltbush(400lbs.) Bitterbrush(400lbs) and Sainfoin (945lbs.) in cooperation with the state game commission.",NA,Polygon,Confirmed,Digitized by LTDL data entry personnel using a confirmed map,10/24/2012,1121.132908,997.8276594,NA,BLM,"Provide cover for wildlife, Rangeland health",NA,None,NA,None,NA,NA,39:10:00,5,15,1967,05,15,11,2,1967,11,02
10903,29516,Seeding,Drill Seeding,Ground Seeding: Drill,18942,398619,92815,2,1972-06-01,1972-07-01,6/1/1972,7/1/1972,actual,actual,30,Implemented,None,2,Acres,1080,-1,Confirmed seed list,NA,Seeds,Confirmed on Paper,Unknown,Species Specific,NA,"This seeding is needed to fulfill the governments obligation under a powder river adjucation agreement; to stabilize the soil, and to provide forage for both livestock and big game. In addition to the 5#/ac of crested wheatgrass, annual rye at the rate of 10#/ac will be planted. The game commission intendeds to broadcast 1#/ac of nomad alfalfa on this seeding also.",NA,NA,NA,Polygon,Confirmed,Digitized by LTDL data entry personnel using a confirmed map,11/16/2012,1037.50744,985.8314773,NA,BLM and Cooperators,"Provide forage for livestock, Watershed degradation, Erosion","This seeding is needed to fulfill the governments obligation under a powder river adjucation agreement&* to stabilize the soil, and to provide forage for both livestock and big game. In addition to the 5#/ac of crested wheatgrass, annual rye at the rate of 10#/ac will be planted. The game commission intendeds to broadcast 1#/ac of nomad alfalfa on this seeding also.",None,NA,None,NA,NA,49:19:00,6,1,1972,06,01,7,1,1972,07,01
10903,29517,Vegetation/Soil Manipulation,Soil Disturbance,Soil Disturbance: Plowing,18943,398620,92815,2,1972-06-01,1972-07-01,6/1/1972,7/1/1972,actual,actual,30,Implemented,None,2,Acres,1080,0,NA,NA,NA,NA,NA,NA,NA,NA,NA,NA,NA,Polygon,Confirmed,Digitized by LTDL data entry personnel using a confirmed map,11/16/2012,1037.50744,985.8314773,NA,BLM and Cooperators,"Provide forage for livestock, Watershed degradation, Erosion","This seeding is needed to fulfill the governments obligation under a powder river adjucation agreement&* to stabilize the soil, and to provide forage for both livestock and big game. In addition to the 5#/ac of crested wheatgrass, annual rye at the rate of 10#/ac will be planted. The game commission intendeds to broadcast 1#/ac of nomad alfalfa on this seeding also.",None,NA,None,NA,NA,49:19:00,6,1,1972,06,01,7,1,1972,07,01
9790,26562,Vegetation/Soil Manipulation,Vegetation Disturbance,Vegetation Disturbance: Mowing,16978,399272,93103,3,2009-06-15,2009-06-15,00/00/2009,00/00/2009,estimated month and day,estimated month and day,0,Implemented,None,2,Acres,194,0,NA,NA,NA,NA,NA,NA,NA,Approximately 194 acres of wheat field will be converted to native shrub-steppe habitat for the benefit of wildlife habitat especial y sharp-tailed and sage grouse.,"Work will entail site reparation (mowing, harrowing, spraying glyphosate/Ammonia sulfate/siltac spreader-sticker) then seeding with a rangeland drill.",NA,NA,Polygon,Confirmed,Digitized by LTDL data entry personnel using a confirmed map,5/13/2014,191.6474073,173.7870145,NA,Contractor,"Habitat for sage grouse, Habitat For Sharptail Grouse","Approximately 194 acres of wheat field will be converted to native shrub-steppe habitat for the benefit of wildlife habitat especial y sharp-tailed and sage grouse. The wheat field has been routinely cultivated under a BLM ease for 10 years, thus this\r\nproject does not amount to any new ground disturbance. Site preparation and seeding methods will be developed in coordination with Swanson Lakes Wildlife Management Area, and their staff will assist in implementation the project. Work will entail site reparation (mowing, harrowing, spraying glyphosate/ammonia sulfate/siltac spreader-sticker) then seeding with a rangeland drill. Follow-up weed control will be accomplished using mowing and spraying glyphosate. Native plant species will be used.",None,NA,None,NA,NA,31:25:00,00,00,2009,06,15,00,00,2009,06,15
9790,26563,Herbicide/Weeds/Chemical,Herbicide,Herbicide Application,16979,399273,93103,3,2009-06-15,2009-06-15,00/00/2009,00/00/2009,estimated month and day,estimated month and day,0,Implemented,None,2,Acres,194,0,NA,NA,NA,NA,NA,NA,NA,Approximately 194 acres of wheat field will be converted to native shrub-steppe habitat for the benefit of wildlife habitat especial y sharp-tailed and sage grouse.,"Work will entail site reparation (mowing, harrowing, spraying glyphosate/Ammonia sulfate/siltac spreader-sticker) then seeding with a rangeland drill.",NA,NA,Polygon,Confirmed,Digitized by LTDL data entry personnel using a confirmed map,5/13/2014,191.6474073,173.7870145,NA,NA,"Habitat for sage grouse, Habitat For Sharptail Grouse","Approximately 194 acres of wheat field will be converted to native shrub-steppe habitat for the benefit of wildlife habitat especial y sharp-tailed and sage grouse. The wheat field has been routinely cultivated under a BLM ease for 10 years, thus this\r\nproject does not amount to any new ground disturbance. Site preparation and seeding methods will be developed in coordination with Swanson Lakes Wildlife Management Area, and their staff will assist in implementation the project. Work will entail site reparation (mowing, harrowing, spraying glyphosate/ammonia sulfate/siltac spreader-sticker) then seeding with a rangeland drill. Follow-up weed control will be accomplished using mowing and spraying glyphosate. Native plant species will be used.",None,NA,None,NA,Ammonia Sulfate was also sprayed with the glyphosate on the field.,41:33:00,00,00,2009,06,15,00,00,2009,06,15
9790,26564,Seeding,Drill Seeding,Ground Seeding: Drill,16980,399274,93103,3,2009-06-15,2009-06-15,00/00/2009,00/00/2009,estimated month and day,estimated month and day,0,Implemented,None,2,Acres,234,-1,Confirmed seed list,NA,Seeds,Confirmed on Paper,Unknown,Species Specific,NA,Approximately 194 acres of wheat field will be converted to native shrub-steppe habitat for the benefit of wildlife habitat especial y sharp-tailed and sage grouse.,"Work will entail site reparation (mowing,\r\nharrowing, spraying glyphosate/ammonia sulfate/siltac spreader-stic er) then seeding with a\r\nrangeland drill.",NA,NA,Polygon,Confirmed,Digitized by LTDL data entry personnel using a confirmed map,5/13/2014,191.6474073,173.7870145,NA,Contractor,"Habitat for sage grouse, Habitat For Sharptail Grouse","Approximately 194 acres of wheat field will be converted to native shrub-steppe habitat for the benefit of wildlife habitat especial y sharp-tailed and sage grouse. The wheat field has been routinely cultivated under a BLM ease for 10 years, thus this\r\nproject does not amount to any new ground disturbance. Site preparation and seeding methods will be developed in coordination with Swanson Lakes Wildlife Management Area, and their staff will assist in implementation the project. Work will entail site reparation (mowing, harrowing, spraying glyphosate/ammonia sulfate/siltac spreader-sticker) then seeding with a rangeland drill. Follow-up weed control will be accomplished using mowing and spraying glyphosate. Native plant species will be used.",None,NA,None,NA,"acres treated is from seed list, but conflicts with project acreage.",41:53:00,00,00,2009,06,15,00,00,2009,06,15
9790,26565,Seeding,Ground Seeding,Ground Seeding: Hand Broadcast,16977,399293,93110,4,2009-06-15,2009-06-15,00/00/2009,00/00/2009,estimated month and day,estimated month and day,0,Implemented,None,2,Acres,38.75,-1,Confirmed seed list,NA,Seeds,Confirmed on Paper,Unknown,Species Specific,"The seed mix did not indicate whether bulk or PLS rates were used, therefore, unknown has been listed and all seed mix information has been entered into the Bulk category.",NA,NA,Great Basin wildrye hand broadcast in low areas. Sagebrush lightly broadcasted ins trips.,NA,Polygon,Confirmed,Digitized by LTDL data entry personnel using a confirmed map,5/13/2014,38.76774523,37.02461711,NA,Contractor,"Habitat for sage grouse, Habitat For Sharptail Grouse","Approximately 194 acres of wheat field will be converted to native shrub-steppe habitat for the benefit of wildlife habitat especial y sharp-tailed and sage grouse. The wheat field has been routinely cultivated under a BLM ease for 10 years, thus this\r\nproject does not amount to any new ground disturbance. Site preparation and seeding methods will be developed in coordination with Swanson Lakes Wildlife Management Area, and their staff will assist in implementation the project. Work will entail site reparation (mowing, harrowing, spraying glyphosate/ammonia sulfate/siltac spreader-sticker) then seeding with a rangeland drill. Follow-up weed control will be accomplished using mowing and spraying glyphosate. Native plant species will be used.",None,NA,None,NA,NA,28:34:00,00,00,2009,06,15,00,00,2009,06,15
9790,26562,Vegetation/Soil Manipulation,Vegetation Disturbance,Vegetation Disturbance: Mowing,16978,399294,93110,4,2009-06-15,2009-06-15,00/00/2009,00/00/2009,estimated month and day,estimated month and day,0,Implemented,None,2,Acres,194,0,NA,NA,NA,NA,NA,NA,NA,Approximately 194 acres of wheat field will be converted to native shrub-steppe habitat for the benefit of wildlife habitat especial y sharp-tailed and sage grouse.,"Work will entail site reparation (mowing, harrowing, spraying glyphosate/Ammonia sulfate/siltac spreader-sticker) then seeding with a rangeland drill.",NA,NA,Polygon,Confirmed,Digitized by LTDL data entry personnel using a confirmed map,5/13/2014,191.6474073,173.7870145,NA,Contractor,"Habitat for sage grouse, Habitat For Sharptail Grouse","Approximately 194 acres of wheat field will be converted to native shrub-steppe habitat for the benefit of wildlife habitat especial y sharp-tailed and sage grouse. The wheat field has been routinely cultivated under a BLM ease for 10 years, thus this\r\nproject does not amount to any new ground disturbance. Site preparation and seeding methods will be developed in coordination with Swanson Lakes Wildlife Management Area, and their staff will assist in implementation the project. Work will entail site reparation (mowing, harrowing, spraying glyphosate/ammonia sulfate/siltac spreader-sticker) then seeding with a rangeland drill. Follow-up weed control will be accomplished using mowing and spraying glyphosate. Native plant species will be used.",None,NA,None,NA,NA,31:25:00,00,00,2009,06,15,00,00,2009,06,15
9790,26563,Herbicide/Weeds/Chemical,Herbicide,Herbicide Application,16979,399295,93110,4,2009-06-15,2009-06-15,00/00/2009,00/00/2009,estimated month and day,estimated month and day,0,Implemented,None,2,Acres,194,0,NA,NA,NA,NA,NA,NA,NA,Approximately 194 acres of wheat field will be converted to native shrub-steppe habitat for the benefit of wildlife habitat especial y sharp-tailed and sage grouse.,"Work will entail site reparation (mowing, harrowing, spraying glyphosate/Ammonia sulfate/siltac spreader-sticker) then seeding with a rangeland drill.",NA,NA,Polygon,Confirmed,Digitized by LTDL data entry personnel using a confirmed map,5/13/2014,191.6474073,173.7870145,NA,NA,"Habitat for sage grouse, Habitat For Sharptail Grouse","Approximately 194 acres of wheat field will be converted to native shrub-steppe habitat for the benefit of wildlife habitat especial y sharp-tailed and sage grouse. The wheat field has been routinely cultivated under a BLM ease for 10 years, thus this\r\nproject does not amount to any new ground disturbance. Site preparation and seeding methods will be developed in coordination with Swanson Lakes Wildlife Management Area, and their staff will assist in implementation the project. Work will entail site reparation (mowing, harrowing, spraying glyphosate/ammonia sulfate/siltac spreader-sticker) then seeding with a rangeland drill. Follow-up weed control will be accomplished using mowing and spraying glyphosate. Native plant species will be used.",None,NA,None,NA,Ammonia Sulfate was also sprayed with the glyphosate on the field.,41:33:00,00,00,2009,06,15,00,00,2009,06,15
9790,26564,Seeding,Drill Seeding,Ground Seeding: Drill,16980,399296,93110,4,2009-06-15,2009-06-15,00/00/2009,00/00/2009,estimated month and day,estimated month and day,0,Implemented,None,2,Acres,234,-1,Confirmed seed list,NA,Seeds,Confirmed on Paper,Unknown,Species Specific,NA,Approximately 194 acres of wheat field will be converted to native shrub-steppe habitat for the benefit of wildlife habitat especial y sharp-tailed and sage grouse.,"Work will entail site reparation (mowing,\r\nharrowing, spraying glyphosate/ammonia sulfate/siltac spreader-stic er) then seeding with a\r\nrangeland drill.",NA,NA,Polygon,Confirmed,Digitized by LTDL data entry personnel using a confirmed map,5/13/2014,191.6474073,173.7870145,NA,Contractor,"Habitat for sage grouse, Habitat For Sharptail Grouse","Approximately 194 acres of wheat field will be converted to native shrub-steppe habitat for the benefit of wildlife habitat especial y sharp-tailed and sage grouse. The wheat field has been routinely cultivated under a BLM ease for 10 years, thus this\r\nproject does not amount to any new ground disturbance. Site preparation and seeding methods will be developed in coordination with Swanson Lakes Wildlife Management Area, and their staff will assist in implementation the project. Work will entail site reparation (mowing, harrowing, spraying glyphosate/ammonia sulfate/siltac spreader-sticker) then seeding with a rangeland drill. Follow-up weed control will be accomplished using mowing and spraying glyphosate. Native plant species will be used.",None,NA,None,NA,"acres treated is from seed list, but conflicts with project acreage.",41:53:00,00,00,2009,06,15,00,00,2009,06,15
11863,32046,Biological Control,Grazing,Grazing Management: Livestock Trample,20610,401928,93274,2,1983-10-15,1984-01-15,10/00/1983,1/00/1984,estimated day,estimated day,92,Implemented,Unknown,1,Acres,3220,0,NA,NA,NA,NA,NA,NA,NA,"- - - - - EFRP - - - - -\r\n\r\n...livestock trampling will be used on the remaining 3,460 acres...",#NAME?,- - - - - JDR - - - - -\r\n\r\n[See section IV],NA,Polygon,Confirmed,"Digitized by BLM field office personnel, method unknown",NA,3218.872633,3096.258006,NA,BLM and Cooperators,None,...in order to cover the seed.,None,NA,None,NA,NA,12:57:00,10,00,1983,10,15,1,00,1984,01,15
11863,32044,Seeding,Aerial Seeding,Aerial Seeding,20612,401929,93274,2,1983-10-15,1984-01-15,10/00/1983,1/00/1984,estimated day,estimated day,92,Implemented,Unknown,1,Acres,9098,-1,Planned seed list,Aerial Mix,Seeds,Plan,Unknown,Species Specific,"The seed mix did not indicate whether bulk or PLS rates were used, therefore, unknown has been listed and all seed mix information has been entered into the Bulk category.","- - - - - EFRP - - - - -\r\n\r\nIt is also proposed to aerially apply seed on 6,920 acres of BLM land.","- - - - - EFRP - - - - -\r\n\r\nSeed mix composition consists of 4 lbs./acre of. crested wheatgrass, 3 lbs./acre of pubescent wheatgrass, and 3 lbs./acre of tall wheatgrass.  Chaining will be done on 3,461 acres and livestock trampling will be used on the remaining 3,460 acres in order to cover the seed.\r\n\r\nSeed application, both drilling and aerial application should commence on October 5, 1983 and be completed December 31, 1983 or whenever freezing affects the success of the project.\r\n\r\n- - - - - Aerial Seeding Specs - - - - -\r\n\r\n9,475 acres\r\n$33,162.50\r\n\r\nThe project sites are located approximately 60 miles southwest of Salt Lake City, Tooele County, Utah, along the eastern slope of the Cedar Mountains.\r\n\r\nApproximate start: 21 SEP 1983",- - - - - JDRs 4342 and 4343 - - - - -\r\n\r\n[See section IV and V.  This treatment had to have been done based on completion of follow-up treatments.],NA,Polygon,Confirmed,"Digitized by BLM field office personnel, method unknown",NA,4150.284325,4022.036822,NA,Contractor,"Aesthetics, Dust Pollution, Erosion, Habitat for wildlife, Loss of vegetation","The proposed treatments would protect the more critical areas of the burn from losses of soil particulates by water and wind erosion, soil fertility, water recharge rate, water discharge by overland flow, air quality, by decreasing particulate matter in the air due to wind erosion, vegetative cover, forage values to wildlife and livestock, productive capacity, wildlife habitat, aesthetics, and wilderness values.",None,NA,None,NA,NA,44:45:00,10,00,1983,10,15,1,00,1984,01,15
20580,51169,Seeding,Aerial Seeding,Aerial Seeding,32555,402320,93282,2,2010-10-01,2012-09-30,10/1/2010,9/30/2012,actual,actual,730,Implemented,Very Successful,1,Acres,9808,-1,Unknown seed list,NA,Seeds,Unknown Seed List Origin,Unknown,Not Available,NA,Aerial\r\nSeed,NA,"Treatments conducted FYs 2010-2012: Aerial seed and chaining 5,854 acres and Aerial seed 3,954 acres.",NA,Polygon,Confirmed,Digitized by LTDL data entry personnel using a confirmed map,9/25/2019,9818.84,9687.51,NA,Unknown,"Erosion, Vegetal cover, Loss of desirable species, Loss of perennials",Emergency Stabilization.,NA,NA,NA,NA,NA,40:08:00,10,1,2010,10,01,9,30,2012,09,30
20580,51170,Vegetation/Soil Manipulation,Soil Disturbance,Soil Disturbance: Chaining,32556,402321,93282,2,2010-10-01,2012-09-30,10/1/2010,9/30/2012,actual,actual,730,Implemented,Very Successful,1,Acres,5854,0,NA,NA,NA,NA,NA,NA,NA,Establishment of seeded species,NA,"Treatments conducted FYs 2010-2012: Chaining 5,854 acres",NA,Polygon,Confirmed,Digitized by LTDL data entry personnel using a confirmed map,9/25/2019,5878.79,5773.08,NA,Unknown,Establishment of seeded species,Establishment of seeded species,NA,NA,NA,NA,NA,41:37:00,10,1,2010,10,01,9,30,2012,09,30
3511,9868,Vegetation/Soil Manipulation,Soil Disturbance,Soil Disturbance: Plowing,6095,290422,93573,2,1987-06-15,1988-06-15,00/00/1987,00/00/1988,estimated month and day,estimated month and day,366,Implemented,None,2,Acres,1200,0,NA,NA,NA,NA,NA,NA,NA,NA,NA,NA,NA,Polygon,Confirmed,"Digitized by BLM field office personnel, method unknown",NA,1831.835374,1811.170814,NA,Contractor,"Provide Forage for Livestock, Provide Forage for Wildlife","The purpose for the action of land treatment for sagebrush removal in Dove Creek Allotment is to open the vegetatively closed community to livestock grazing and enhance wildlife habitat. Under present conditions, no opportunity for allotment permittees to graze livestock exists. Wyoming sagebrush (Artemesia tridentata var. wyomensis) makes up ninety-nine percent (99%) of the biomass with squirreltail grass (Sitanion hystrix), Indian ricegrass (Orozopsis hymenoides), stickseed (Cryptantha spp.), halogeton (Halogeton glomeratus) and cheatgrass (Bromus tectorum) making up the remaining one percent (1%). The treatment area is a part of the Dove Creek Allotment which needs an increase in available forage, particularly spring range, to support livestock use. Pronghorn antelope, sage grouse and mule deer habitat would be enhanced by broadening plant species diversity. The two objectives would be achieved by a land treatment.",None,NA,None,NA,NA,49:33:00,00,00,1987,06,15,00,00,1988,06,15
3511,9869,Seeding,Drill Seeding,Ground Seeding: Drill,6096,290423,93573,2,1987-06-15,1988-06-15,00/00/1987,00/00/1988,estimated month and day,estimated month and day,366,Implemented,None,1,Acres,1500,-1,Confirmed seed list,NA,Seeds,Confirmed on Paper,Unknown,Unknown,NA,"These selected species will broaden habitat potential for pronghorn antelope, mule deer and sage grouse while allowing grazing opportunity for livestock.","Following land treatment, the area would be seeded from a list of selected\r\nspecies: Nordan crested wheatgrass (Agropyron cristatum), pubescent wheatgrass\r\n(Agropyron desertorum), Indian ricegrass (Aryzops1 s hymenoides), _budsage\r\n(Artemis1a sp1nosa), alfalfa (Medicago sativa) and four-wing saltbush\r\n(Atriplex cancescens), prostrate kochia (Kochia prostrata) and small burnett\r\n(Sanguisorba minor).",NA,NA,Polygon,Confirmed,"Digitized by BLM field office personnel, method unknown",NA,1831.835374,1811.170814,NA,BLM and Cooperators,"Provide Forage for Livestock, Provide Forage for Wildlife","The purpose for the action of land treatment for sagebrush removal in Dove Creek Allotment is to open the vegetatively closed community to livestock grazing and enhance wildlife habitat. Under present conditions, no opportunity for allotment permittees to graze livestock exists. Wyoming sagebrush (Artemesia tridentata var. wyomensis) makes up ninety-nine percent (99%) of the biomass with squirreltail grass (Sitanion hystrix), Indian ricegrass (Orozopsis hymenoides), stickseed (Cryptantha spp.), halogeton (Halogeton glomeratus) and cheatgrass (Bromus tectorum) making up the remaining one percent (1%). The treatment area is a part of the Dove Creek Allotment which needs an increase in available forage, particularly spring range, to support livestock use. Pronghorn antelope, sage grouse and mule deer habitat would be enhanced by broadening plant species diversity. The two objectives would be achieved by a land treatment.",None,NA,None,NA,NA,49:33:00,00,00,1987,06,15,00,00,1988,06,15
142,362,Vegetation/Soil Manipulation,Soil Disturbance,Soil Disturbance: Plowing,259,290056,93753,2,1952-06-23,1952-11-01,6/23/1952,11/1/1952,actual,actual,131,Implemented,Unknown,2,Acres,1992.3,0,No seed list,NA,NA,NA,NA,NA,NA,Brush removal,To plow before seeding,"Wheatland plows, resulting in 60 to 95% kill varying with rock conditions. Due to the rocky nature of this site, a second plowing was tried resulting in frequent equipment breakage, but no apparent increase in brush kill.",Unknown,Polygon,Confirmed,"Digitized by BLM field office personnel, method unknown",NA,2420.9838,2278.192024,NA,Unknown,"Erosion, Noxious Weeds",A halogeton control project by reseeding denuded range lands to grass.,Other (See Trt Notes),"Due to the rocky nature of this site, a second plowing was tried resulting in frequent equipment breakage, but no apparent increase in brush kill.",Dry,Very dry during entire summer period.,NA,58:02:00,6,23,1952,06,23,11,1,1952,11,01
142,361,Seeding,Ground Seeding,Ground Seeding: Broadcast,260,290057,93753,2,1952-06-23,1952-11-01,6/23/1952,11/1/1952,actual,actual,131,Implemented,Successful,2,Acres,1992.3,-1,Confirmed seed list,broadcast mix,Seeds,Confirmed on Paper,Unknown,Unknown,"The seed mix did not indicate whether bulk or PLS rates were used, therefore, unknown has been listed and all seed mix information has been entered into the Bulk category.",A halogeton control project by reseeding denuded range lands to grass.,NA,Seeded by broadcast through fertilizer spreaders with chain and harrow drag. \r\n1992 acres of denuded range was plowed and drilled to crested wheatgrass under halogeton program.,"10/26/1953: Approximately 1 AGCR plant per square feet. Twice as much Ager as halogeton. Sweet clover is sufficient quality. Seeding has halogeton - Lepidium aspect. However as indicated above, herbaceous plants and seeded species are of equal densities. Grass plants are establishing themselves in halogeton communities. Gully and sheet erosion healing, 4 dual purpose gully plug-reservoirs constructed fall 1953 will aide in minimizing gully erosion. No livestock, not ready for use. \r\n4/7/1960: Success- except on lower elevations having saline soil. Many young brush invading some spots. Considerable halogeton on areas not producing grass.\r\nSomewhat over-grazed.\r\nSoil stabilized and on the fertile soil there is abundant grass where formerly there was sagebrush.\r\nPart of the project should be sprayed in a few years.\r\n10/5/1963: Good seeding. The north end seeding is the best. The south having more halogeton. Halogeton and sagebrush is present throughout the seeding. The higher ground is rocky.",Polygon,Confirmed,"Digitized by BLM field office personnel, method unknown",NA,2420.9838,2278.192024,NA,Unknown,"Erosion, Noxious Weeds",A halogeton control project by reseeding denuded range lands to grass.,None,NA,Dry,"Very dry during entire summer period. Subsequent precipitation November 12, 1952.",NA,59:35:00,6,23,1952,06,23,11,1,1952,11,01
5743,15836,Vegetation/Soil Manipulation,Soil Disturbance,Soil Disturbance: Discing,9979,290592,93807,2,1948-09-07,1949-06-15,9/7/1948,00/00/1949,actual,estimated month and day,281,Implemented,None,1,Acres,1140,0,NA,NA,NA,NA,NA,NA,NA,NA,NA,Seedings were drilled after discing.,NA,Polygon,Confirmed,"Digitized by BLM field office personnel, method unknown",NA,1581.422636,1271.455893,NA,NA,None,NA,None,NA,None,NA,NA,14:57:00,9,7,1948,09,07,00,00,1949,06,15
5743,15834,Seeding,Drill Seeding,Ground Seeding: Drill,9981,290593,93807,2,1949-03-25,1949-06-15,3/25/1949,00/00/1949,actual,estimated month and day,82,Implemented,None,1,Acres,90,-1,Confirmed seed list,Rye mix,Seeds,Confirmed on Paper,Unknown,Unknown,"The seed mix did not indicate whether bulk or PLS rates were used, therefore, unknown has been listed and all seed mix information has been entered into the Bulk category.",The area was infested with halogeton glomeratus. This area was chosen to see what affect seedings would make on eliminating halogeton.,NA,Ninety acres were spring seeded to domestic rye.,NA,Polygon,Confirmed,"Digitized by BLM field office personnel, method unknown",NA,76.86801125,76.70727153,NA,NA,Noxious Weeds,The area was infested with halogeton glomeratus. This area was chosen to see what affect seedings would make on eliminating halogeton.,None,NA,None,NA,NA,23:50:00,3,25,1949,03,25,00,00,1949,06,15
6084,16865,Herbicide/Weeds/Chemical,Herbicide,Herbicide Application: Brush/Tree Control,10608,290628,93811,2,1967-04-19,1967-11-20,4/19/1967,11/20/1967,actual,actual,215,Implemented,None,1,Acres,860,0,NA,NA,NA,NA,NA,NA,NA,To spray with herbicide to control sagebrush.,NA,"The project consisted of spraying 860 acres of sagebrush with 2 4,D low volatile ester to reduce competition.",NA,Polygon,Confirmed,"Digitized by BLM field office personnel, method unknown",NA,888.8370787,887.7554258,NA,NA,None,To spray with herbicide to control sagebrush.,None,NA,None,NA,NA,45:16:00,4,19,1967,04,19,11,20,1967,11,20
6084,16866,Seeding,Drill Seeding,Ground Seeding: Drill,10609,290629,93811,2,1967-04-19,1967-11-20,4/19/1967,11/20/1967,actual,actual,215,Implemented,None,1,Acres,860,-1,Confirmed seed list,NA,Seeds,Confirmed on Paper,Unknown,Species Specific,"The seed mix did not indicate whether bulk or PLS rates were used, therefore, unknown has been listed and all seed mix information has been entered into the Bulk category.",NA,NA,The project consisted of drilling the area with Crested Wheatgrass at a rate of 6 lb. to the acre.,NA,Polygon,Confirmed,"Digitized by BLM field office personnel, method unknown",NA,888.8370787,887.7554258,NA,NA,None,To spray with herbicide to control sagebrush.,None,NA,None,NA,NA,36:05:00,4,19,1967,04,19,11,20,1967,11,20
6227,17203,Seeding,Aerial Seeding,Aerial Seeding: Fixed Wing,10834,290654,93822,2,1992-06-15,1992-06-15,00/00/1992,00/00/1992,estimated month and day,estimated month and day,0,Implemented,None,1,Acres,40,-1,Planned seed list,NA,Seeds,Plan,Unknown,Species Specific,"The seed mix did not indicate whether bulk or PLS rates were used, therefore, unknown has been listed and all seed mix information has been entered into the Bulk category.",NA,"Ground disturbance would be limited to the location of the camps, the travel routes used by the work crews, and dragging\r\nand piling slash. The disturbance would be minimal and the areas would be reclaimed and seeded by hand with a seed\r\nmixture that would included black sage {Artemisia nova ) , antelope bitter brush (Purshia tridentata), alfalfa (Medicago\r\nsativa) and crested wheatgrass (Agropyron cristatum). This would include camp areas.",NA,NA,Polygon,Confirmed,"Digitized by BLM field office personnel, method unknown",NA,1046.022469,1045.597458,NA,NA,Provide Forage for Livestock,"In order to maintain the 341 AUMs and improve the habitat for the mule deer, it is necessary to remove a portion of the\r\noverstory of P-J to reduce competition on the shrubs and grasses.",None,NA,None,NA,NA,31:41:00,00,00,1992,06,15,00,00,1992,06,15
6227,17204,Vegetation/Soil Manipulation,Vegetation Disturbance,Tree/Brush Control: Pinyon Juniper Removal - Hand Cutting,10835,290655,93822,2,1992-06-15,1992-06-15,00/00/1992,00/00/1992,estimated month and day,estimated month and day,0,Implemented,None,1,Acres,40,0,NA,NA,NA,NA,NA,NA,NA,"In order to maintain the 341 AUMs and improve the habitat for the mule deer, it is necessary to remove a portion of the\r\noverstory of P-J to reduce competition on the shrubs and grasses.","The proposed action is to use the ""Flame-in-Goes&& crews from the State prison facility to selectively remove juniper trees\r\nfrom the old chaining in Sections 31, 32, 33, 34 of T.15 N., R.16 W. and the native area south of the chaining located in\r\nSections 03,09,10 of T.14 N., R.16 W. of the SLBM (Please see attached map). This would be accomplished by the use of hand\r\ntools and chain saws. Slash would be gathered and piled in a way that it would benefit the non-game species of the area.\r\nTreatment in the native stand areas would be designed to maximize &&edge effect&& for wildlife by removing junipers in\r\nsmall, two acre blocks distributed throughout the stands. As many as 20 two acre units would be thinned of juniper trees\r\nfor a total of 40 acres.",NA,NA,Polygon,Confirmed,"Digitized by BLM field office personnel, method unknown",NA,1046.022469,1045.597458,NA,BLM and Cooperators,Provide Forage for Livestock,"In order to maintain the 341 AUMs and improve the habitat for the mule deer, it is necessary to remove a portion of the\r\noverstory of P-J to reduce competition on the shrubs and grasses.",None,NA,None,NA,NA,31:42:00,00,00,1992,06,15,00,00,1992,06,15
8744,23860,Seeding,Ground Seeding,Ground Seeding: Broadcast,15222,290882,93848,2,1953-06-15,1953-11-30,6/15/1953,11/30/1953,actual,actual,168,Implemented,None,1,Acres,1100,-1,Confirmed seed list,seed mix,Seeds,Confirmed on Paper,Unknown,Unknown,"The seed mix did not indicate whether bulk or PLS rates were used, therefore, unknown has been listed and all seed mix information has been entered into the Bulk category.",A cooperative range revegetation for protection from halogeton infestation and to increase forage production.,NA,Broadcast and dragged with flexible harrows.,NA,Polygon,Confirmed,"Digitized by BLM field office personnel, method unknown",NA,1906.70578,650.836308,NA,NA,"Noxious Weeds, Provide forage for livestock",A cooperative range revegetation for protection from halogeton infestation and to increase forage production.,None,NA,None,About 1 3/4 inches precipitation during reseeding and 30 days after.,NA,21:52:00,6,15,1953,06,15,11,30,1953,11,30
8744,23861,Vegetation/Soil Manipulation,Soil Disturbance,Soil Disturbance: Plowing,15223,290883,93848,2,1953-06-15,1953-11-30,6/15/1953,11/30/1953,actual,actual,168,Implemented,None,1,Acres,1100,0,NA,NA,NA,NA,NA,NA,NA,Brush removal,NA,"D-6 cat. And wheatland plows, 90% kill.",NA,Polygon,Confirmed,"Digitized by BLM field office personnel, method unknown",NA,1906.70578,650.836308,NA,NA,None,Brush removal,None,NA,None,NA,NA,21:52:00,6,15,1953,06,15,11,30,1953,11,30
21249,54159,Vegetation/Soil Manipulation,Soil Disturbance,Soil Disturbance: Discing,34058,293968,94050,3,1992-01-01,1992-01-01,1/1/1992,1/1/1992,actual,actual,0,Implemented,Unknown,1,Acres,2164,0,NA,NA,NA,NA,NA,NA,NA,Unknown,Unknown,GIS is implementation data.,Unknown,Polygon,Confirmed,"Digitized by BLM field office personnel, method unknown",None,2164.2,2163.85,NA,Unknown,"Establishment of seeded species, Habitat productivity, Habitat quality, Seedbed preparation, Vegetal cover, Loss of desirable species",NA,Unknown,NA,Unknown,NA,ESR/Rehab - No fire information for the area.,27:23:00,1,1,1992,01,01,1,1,1992,01,01
21249,54160,Seeding,Drill Seeding,Ground Seeding: Drill,34059,293969,94050,3,1992-01-01,1992-01-01,1/1/1992,1/1/1992,actual,actual,0,Implemented,Unknown,2,Acres,2164,-1,No seed list,NA,Unknown,No Seed List,Unknown,Unknown,NA,Unknown,Unknown,GIS is implementation data.,Unknown,Polygon,Confirmed,"Digitized by BLM field office personnel, method unknown",None,2164.2,2163.85,NA,Unknown,"Establishment of seeded species, Habitat productivity, Habitat quality, Seedbed preparation, Vegetal cover, Loss of desirable species",NA,Unknown,NA,Unknown,NA,NA,32:54:00,1,1,1992,01,01,1,1,1992,01,01
5273,14600,Vegetation/Soil Manipulation,Timber,Timber: Timber Salvage,9174,401116,94544,2,1989-09-06,1992-10-06,9/6/1989,10/6/1992,actual,actual,1126,Implemented,Unknown,2,Mbf,1236,0,NA,NA,NA,NA,NA,NA,NA,"- - - - - EA - - - - -\r\n\r\nThe proposed action is to selectively harvest Douglas fir trees from an area...\r\n\r\nThe purpose of the proposed action is to: (1) reduce the amount of dwarf mistletoe in the stand by selectively harvesting those trees that are currently dead and dying, or at least moderately infested with the parasite. In addition, some non-infected but overmature trees will be removed. (2) Salvage any trees that have been infected by the Douglas fir bark beetle. (3) Thin that part of the stand (Unit III) that consists of trees predominately in the 6 - 10"" DBR class so that the residual stems will have sufficient growing space to continue the most rapid growth as possible. Only those trees showing the most desirable characteristics will be left for further growth.\r\n\r\n- - - - - Contract - - - - -\r\n\r\nMod 4: Extension of time.\r\nMod 3: Additional 150 Mbf Douglas-fir\r\nMod 2: Additional 715 Mbf Douglas-fir\r\nMod 1: Additional 171 Mbf Douglas-fir\r\nDouglas-fir (green): 130 Mbf\r\nDouglas-fir (dead): 70 Mbf","- - - - - Contract - - - - -\r\n\r\nTimber reserved from cutting: All timber except trees marked at breast height and at the base with orange, yellow or blue paint.\r\n\r\n1. Prior to the , commencement of operations, the Purchaser shall obtain from the Authorized ' Officer written approval of a written operations and logging plan commensurate with the terms and conditions of the contract which shall include measures needed to assure protection of the environment and watershed. All logging shall be done in accordance with the plan. Tractor or wheeled type equipment will not be permitted to operate in or through drainage courses.\r\n\r\n2. Before beginning operations on the contract area for the first time, or after a shutdown of ten (10) or more days, the Purchaser shall notify the Authorized Officer in writing of the date he plans to begin operations. He shall notify the Authorized Officer in writing if he intends to cease operations for any period of ten (10) days or more.\r\n\r\n3. All trees shall be cut so that the resultant stump height on the uphill side shall not exceed twelve (12) inches.\r\n\r\n4. All snags, culls and marginal trees designated for cutting shall be felled concurrently with all other trees designated for cutting in the harvest area shown on Exhibit A-I.\r\n\r\n5. All yarding shall be done with crawler type equipment, rubber tired skidder, or with horses.\r\n\r\n6. No cutting, yarding or loading is permitted outside the harvest area shown in Exhibit A-I.\r\n\r\n7. All landings shall be placed at the approximate locations shown on Exhibit A-I unless otherwise authorized by the Authorized Officer prior to any logging activity.\r\n\r\n8. All reproduction, where possible, shall be protected.\r\n\r\n9. Dozer blades will be removed for yarding unless the operator can demonstrate to the satisfaction of the Authorized Officer that he can operate such equipment without damage to the reserved trees.\r\n\r\n10. Tractor trails shall not exceed grades of 35% and shall be limited to designated locations authorized in advance by the Authorized Officer.\r\n\r\n11. Only those trees marked may be cut and removed.\r\n\r\n12. Cutting of any and all timber is restricted to between the dates June 1 and October 31. These dates may be adjusted by the Authorized Officer due to weather conditions of each season.","- - - - - Inspection - - - - - \r\n\r\n6/12/91:\r\nJohn Christensen, A.M., and I visited the sale Tuesday morning 6/12.  Mr. Krammer and a 2 man crew are working - progress is slow but adequate - weather has finally turned good for logging - Dennis said they will be pulling out of the sale area July 15 (may need to come back in the Fall).\r\nWe talked to Dennis about logging slash and log decks being moved out of the draw where there is adequate room.  This will be taken care of.",NA,Polygon,Confirmed,"Digitized by BLM field office personnel, method unknown",NA,270.3924502,253.6681925,NA,Contractor,"Forest health, Other (See Trt Notes)","The proposed action will enable us to manage this stand according to sound concepts of silviculture and forest management.\r\n\r\nThe proposed action would allow salvage and utilization of wood fiber being destroyed by Dwarf Mistletoe and Douglas fir Bark Beetle. It will also allow us to thin that part of the stand (Unit III) that is overstocked, but not yet mature so that the residual stems will have sufficient growing space to continue the most rapid growth as possible. In addition, the character of this previously &&high graded&& stand will be improved by the selective cutting. Several months of employment and wood fiber would be contributed to the local economy. The residual stand would be more healthy , vigorous and less susceptible to insects and disease. The long- term productivity of the stand would be increased.",None,NA,None,NA,NA,39:16:00,9,6,1989,09,06,10,6,1992,10,06
5273,14601,Vegetation/Soil Manipulation,Slash Treatment,Slash Treatment: Slash disposal,9175,401117,94544,2,1989-09-06,1992-10-06,9/6/1989,10/6/1992,actual,actual,1126,Implemented,Unknown,1,Acres,230,0,NA,NA,NA,NA,NA,NA,NA,"- - - - - Contract - - - - -\r\n\r\nIn addition to the requirement of Section 15 of this Timber Sale Contract, the Purchaser shall lop and scatter all slash over the entire cutting area concurrently with normal felling operations except those areas designated for clearcut (landings) road rights-of way and certain selective cut areas designated by the Authorizes Officer where slash shall be piled by machinery with appropriate brush piling blades.","- - - - - Contract - - - - -\r\n\r\nAll top and side branches must be cut free of the central stem so that the stem is reduced to the extent that it is within (24) twenty-four inches of the ground at all points.\r\n\r\nIn addition to the requirement of Section 15 of the contract, the Purchaser shall pile all slash situated within 100 feet of the perimeter of all landings. However, slash material shall not be piled on fill slopes. Slash shall be piled by small tractor with brush blade and hand piling with chain saw.",NA,NA,Polygon,Confirmed,"Digitized by BLM field office personnel, method unknown",NA,270.3924502,253.6681925,NA,Contractor,"Forest health, Other (See Trt Notes)","The proposed action will enable us to manage this stand according to sound concepts of silviculture and forest management.\r\n\r\nThe proposed action would allow salvage and utilization of wood fiber being destroyed by Dwarf Mistletoe and Douglas fir Bark Beetle. It will also allow us to thin that part of the stand (Unit III) that is overstocked, but not yet mature so that the residual stems will have sufficient growing space to continue the most rapid growth as possible. In addition, the character of this previously &&high graded&& stand will be improved by the selective cutting. Several months of employment and wood fiber would be contributed to the local economy. The residual stand would be more healthy , vigorous and less susceptible to insects and disease. The long- term productivity of the stand would be increased.",None,NA,None,NA,NA,39:16:00,9,6,1989,09,06,10,6,1992,10,06
8902,24254,Vegetation/Soil Manipulation,Soil Disturbance,Soil Disturbance: Plowing,15483,401430,94579,2,1987-06-15,1987-06-15,00/00/1987,00/00/1987,estimated month and day,estimated month and day,0,Implemented,None,1,Acres,400,0,NA,NA,NA,NA,NA,NA,NA,NA,NA,Permittee plowing and seeding approximately 400 acres of native range.,NA,Polygon,Confirmed,"Digitized by BLM field office personnel, method unknown",NA,337.8055537,329.5130542,NA,NA,None,NA,None,NA,None,NA,NA,17:49:00,00,00,1987,06,15,00,00,1987,06,15
8902,24255,Seeding,Seeding,Seeding,15484,401431,94579,2,1987-06-15,1987-06-15,00/00/1987,00/00/1987,estimated month and day,estimated month and day,0,Implemented,None,1,Acres,400,-1,Unknown seed list,NA,NA,Unknown Seed List Origin,Unknown,Unknown,"The seed mix did not indicate whether bulk or PLS rates were used, therefore, unknown has been listed and all seed mix information has been entered into the Bulk category.",NA,Permittee plowing and seeding approximately 400 acres of native range. BLM provided funding for seed.,NA,NA,Polygon,Confirmed,"Digitized by BLM field office personnel, method unknown",NA,337.8055537,329.5130542,NA,NA,None,NA,None,NA,None,NA,NA,17:49:00,00,00,1987,06,15,00,00,1987,06,15
11243,30484,Vegetation/Soil Manipulation,Soil Disturbance,Soil Disturbance: Plowing,19587,401860,94609,2,1954-09-12,1954-10-05,9/12/1954,10/5/1954,actual,actual,23,Implemented,Successful,2,Acres,1233,0,NA,NA,NA,NA,NA,NA,NA,#NAME?,NA,#NAME?,"- - - - - Inspection - - - - -\r\n\r\nCondition or success of project: Good.\r\n\r\nSuccess due to soil fertility and adequate precipitation.  Project six years old.  No trace of alfalfa.\r\n\r\nSignificant brush invasion.  In a few years will probably need a spray job.\r\n\r\nCarrying capacity approximately 2-3 acres/AUM.  Slight gully erosion on roads and trails.\r\n\r\nCattle now well distributed.  They congregate at gates, etc.  Would salting in the unused areas help?",Polygon,Confirmed,Digitized by LTDL data entry personnel using a confirmed map,10/3/2012,1451.423155,1427.950789,NA,Contractor,None,NA,None,NA,None,NA,NA,29:37:00,9,12,1954,09,12,10,5,1954,10,05
11243,30485,Seeding,Ground Seeding,Ground Seeding: Broadcast,19588,401861,94609,2,1954-09-12,1954-10-05,9/12/1954,10/5/1954,actual,actual,23,Implemented,Successful,2,Acres,1233,-1,Confirmed seed list,Mix 1,Seeds,Confirmed on Paper,Unknown,Species Specific,"The seed mix did not indicate whether bulk or PLS rates were used, therefore, unknown has been listed and all seed mix information has been entered into the Bulk category.",#NAME?,NA,#NAME?,"- - - - - Inspection - - - - -\r\n\r\nCondition or success of project: Good.\r\n\r\nSuccess due to soil fertility and adequate precipitation.  Project six years old.  No trace of alfalfa.\r\n\r\nSignificant brush invasion.  In a few years will probably need a spray job.\r\n\r\nCarrying capacity approximately 2-3 acres/AUM.  Slight gully erosion on roads and trails.\r\n\r\nCattle now well distributed.  They congregate at gates, etc.  Would salting in the unused areas help?",Polygon,Confirmed,Digitized by LTDL data entry personnel using a confirmed map,10/3/2012,1451.423155,1427.950789,NA,Contractor,Noxious Weeds,Reseeding of a depleted range to adapted species of grass to prevent and control the invasion of the site of halogeton and to increase forage production within the unit.,None,NA,None,NA,NA,29:37:00,9,12,1954,09,12,10,5,1954,10,05
1795,4998,Seeding,Aerial Seeding,Aerial Seeding,3241,403039,94685,3,2006-06-15,2007-06-15,00/00/2006,00/00/2007,estimated month and day,estimated month and day,365,Implemented,Fully Successful,1,Acres,7387,-1,Planned seed list,Aerial Sage,Seeds,Plan,Unknown,Species Specific,NA,"...aerial seeding approximately 7,387 acres of burned vegetation with Basin big sagebrush.",Implementation of aerial seeding would be monitored through contract administration. The Contract Officer and his/her representative (COTR) would ensure seed is purchased and meets BLM Standards. Inspections would be documented by the COTR in an inspection diary.,"Seed was purchased for BAR revegetation treatments on 8/28.\r\n\r\nThe seed lot that was purchased on 8/28 was sent to a certified seed laboratory for testing to meet BLM Standards (i.e., no Idaho noxious weeds and minimum 0.765 PLS).\r\n\r\n- - - - - 2007 MonFund - - - - -\r\n\r\nThe aerial seeding was monitored during the 2007.\r\n\r\n- - - - - 2008 MonFund - - - - -\r\n\r\nThe aerial seeding was monitored during the 2007 and 2008 field seasons.\r\n\r\nMonitoring in 2008 consisted of 2 transects in chained and seeded areas, and 3 transects in drill-seeded areas and 3 transects in reference areas that were burned but not seeded (see Fig. 1). Each transect was 20 x 300 ft., thereby covering a total area of 6,000 ft. Big sagebrush (Artemisia tridentata) plants were counted within transects. Yarrow, flax and penstemon were not monitored in 2008.","Monitoring conducted in the chained area showed that this area had the highest diversity of perennial grass species.  This area had very little crested wheatgrass present, however there was little present prior to the fire.  Monitoring showed that the aerial seeding objective was achieved at the excellent level. \r\n\r\nThe transects that were conducted in the acres of the seeding, found the existing burned vegetation recovering, but found very little of the seeded species. However, it may be just too soon to tell how well this seeding will take. More monitoring will be done in 2008 and provide a better overall picture on results.\r\n\r\nThere were sage brush, white yarrow, Lewis flax, and Wasatch penstemon seedlings found through out the burn, although it is almost impossible to tell if they are natural or from the aerial seeding. This area will be monitored next year to assess the effectiveness of the aerial seeding.\r\n\r\nSagebrush seeding monitoring was done by reading sagebrush density belt transects at each of the eight previously established transect sites. A three hundred foot baseline tape was stretched at the site, and three transects were read at random points along the baseline. Each belt transect was three hundred feet long and 16 feet wide. One sagebrush plant was found in the burned, drill-seeded site in 2008. No other sagebrush plants were counted in reference, drill- or aerial-seeded sites (Table 1). The dominant and almost exclusive vegetation is crested wheatgrass. Clearly these aerial and drill-seeding methods are not effective and should be reviewed before further implementation at other sites.\r\n\r\nLessons learned:\r\nThe practice of chaining dead juniper trees was particularly devastating on soil structure and revegetation. Fig. 2 (below) shows an unchained area allowed to naturally recover. While damage from the burn is still apparent, reasonable revegetation compared with surrounding reference sites occurred. Chained areas (Figs. 3-6), although seeded with native vegetation, show lower levels of both native and exotic revegetation and often present large patches of bare ground (Figs. 3 and 4). In areas with gentle slopes, water runoff combined with disturbances from cattle have caused large gullies through the loose soil (Figs. 5 and 6).",Polygon,Confirmed,"Digitized by BLM field office personnel, method unknown",NA,6977.554482,6773.481812,NA,Contractor,"Loss of vegetation, Establishment of seeded species, Habitat quality, Loss of desirable species, Loss of sagebrush, Vegetal cover","There was loss of approximately 7,387 acres of Basin big sagebrush habitat.",None,NA,None,NA,NA,54:34:00,00,00,2006,06,15,00,00,2007,06,15
1795,4991,Seeding,Ground Seeding,Ground Seeding: ATV Broadcast,3244,403041,94685,3,2006-06-15,2007-06-15,00/00/2006,00/00/2007,estimated month and day,estimated month and day,365,Implemented,See Comments,1,Acres,550,-1,Planned seed list,ATV Mix,Seeds,Plan,Unknown,Species Specific,"ES Funding:\r\nBluebunch Wheatgrass, Great Basin Wildrye, Thickspike Wheatgrass, and Sandbergs Bluegrass\r\n\r\nBAR Funding:\r\nWestern Yarrow, Lewis Flax, and Wasatch Penstemon",...550 acres of the Curlew Allotment would be...seeded with a soil stabilizing seed mix followed by a chaining treatment.\r\n\r\n...purchasing a diverse and stabilizing seed mix for approximately 550 acres (See Part 7-Maps). The seed purchased would be incorporated into the [broadcast] seed mix Burnt ES Plan.,"...conduct the seeding treatment using BLM personnel, OHV\u2019s, and seed spreaders.","Although, the seed for the aerial ES treatment has been purchased, not all the seed needed for drill seeding was purchased. Therefore, there is a need for $25,000 worth of seed on the Burnt fire. On September 22, the PFO noticed the seed needed for the drill seeding treatment was not purchased. This was because of an erroneous IDEAS (Funding Obligation Program) entry and therefore the funding was not obligated and available to spend during the seed buy. Noticing this oversight the PFO purchase $12,000 worth of seed, which was the amount that was expected to be left over after all the contracts were awarded for the project needs of FY06.\r\n\r\nApproximately 550 acres of Juniper burned under high intensity resulting in significant loss of vegetative cover. The primary concern/issue of the burn is loss of approximately 2,650 acres of soil stabilizing vegetation and an increased risk for soil erosion. Several BLM personal and equipment will OHV seed the areas designated for aerial seeding. The chaining was done by BLM personnel after the OHV seeding was complete. Seed was purchased on 8/28 and 9/22. The seed lot was sent to a certified seed laboratory for testing to meet BLM Standards (i.e., no Idaho noxious weeds and minimum 0.765 PLS).\r\n\r\nseeding was accomplished by using ATV broadcast seeders. The seeding was conducted prior to the chaining. After seeding was completed approximately 550 acres was chained using an Ely chain. Ninety plus percent of the juniper within the area were laid over by the chain. The chain also scarified the soil surface incorporating the seed into the soil. Both treatments were completed timely.","Inspection by the PFO staff found this OHV seeding project had been successfully completed to BLM specifications and completed in a timely manner; also see monitoring section below. The Burnt ES Plan identified that 550 acres of the Curlew Allotment would be aerially seeded with a soil stabilizing seed mix followed by a chaining treatment. The ES Plan also identified that the aerial seeding treatment would be contracted. However, considering the time it would have taken to solicit, award, and have aerial seeding services delivered under a contract the PFO before winter freeze-up. The Pocatello Field Office used BLM personnel, OHV\u2019s, and seed spreaders to conduct the seeding treatment. The costs of the treatment were incorporated into the ground drilling S2 codes.",Polygon,Confirmed,"Digitized by BLM field office personnel, method unknown",NA,448.69,175.11,NA,BLM,"Establishment of seeded species, Habitat quality, Loss of desirable species, Loss of vegetation, Vegetal cover, Loss of native species, Loss of native vegetation","...considering the time it takes to solicit, award, and have aerial seeding services delivered under a contract the Pocatello Field Office would be unable to seed the project area before winter freeze-up. Aerial seeding must be conducted before winter freeze-up in order for subsequent chaining treatment to be effective. Chaining is needed to increase germination and establishment of seeding and it would not be effective when the soil is frozen and/or snow covered.\r\n\r\nApproximately 550 acres burned at high intensity and is in need of a diverse and stabilizing seed mix to help restore the watershed condition.",None,NA,None,NA,Both ES and BAR funded.,20:44:00,00,00,2006,06,15,00,00,2007,06,15
1795,4998,Seeding,Aerial Seeding,Aerial Seeding,3241,405578,94926,4,2006-06-15,2007-06-15,00/00/2006,00/00/2007,estimated month and day,estimated month and day,365,Implemented,Fully Successful,1,Acres,7387,-1,Planned seed list,Aerial Sage,Seeds,Plan,Unknown,Species Specific,NA,"...aerial seeding approximately 7,387 acres of burned vegetation with Basin big sagebrush.",Implementation of aerial seeding would be monitored through contract administration. The Contract Officer and his/her representative (COTR) would ensure seed is purchased and meets BLM Standards. Inspections would be documented by the COTR in an inspection diary.,"Seed was purchased for BAR revegetation treatments on 8/28.\r\n\r\nThe seed lot that was purchased on 8/28 was sent to a certified seed laboratory for testing to meet BLM Standards (i.e., no Idaho noxious weeds and minimum 0.765 PLS).\r\n\r\n- - - - - 2007 MonFund - - - - -\r\n\r\nThe aerial seeding was monitored during the 2007.\r\n\r\n- - - - - 2008 MonFund - - - - -\r\n\r\nThe aerial seeding was monitored during the 2007 and 2008 field seasons.\r\n\r\nMonitoring in 2008 consisted of 2 transects in chained and seeded areas, and 3 transects in drill-seeded areas and 3 transects in reference areas that were burned but not seeded (see Fig. 1). Each transect was 20 x 300 ft., thereby covering a total area of 6,000 ft. Big sagebrush (Artemisia tridentata) plants were counted within transects. Yarrow, flax and penstemon were not monitored in 2008.","Monitoring conducted in the chained area showed that this area had the highest diversity of perennial grass species.  This area had very little crested wheatgrass present, however there was little present prior to the fire.  Monitoring showed that the aerial seeding objective was achieved at the excellent level. \r\n\r\nThe transects that were conducted in the acres of the seeding, found the existing burned vegetation recovering, but found very little of the seeded species. However, it may be just too soon to tell how well this seeding will take. More monitoring will be done in 2008 and provide a better overall picture on results.\r\n\r\nThere were sage brush, white yarrow, Lewis flax, and Wasatch penstemon seedlings found through out the burn, although it is almost impossible to tell if they are natural or from the aerial seeding. This area will be monitored next year to assess the effectiveness of the aerial seeding.\r\n\r\nSagebrush seeding monitoring was done by reading sagebrush density belt transects at each of the eight previously established transect sites. A three hundred foot baseline tape was stretched at the site, and three transects were read at random points along the baseline. Each belt transect was three hundred feet long and 16 feet wide. One sagebrush plant was found in the burned, drill-seeded site in 2008. No other sagebrush plants were counted in reference, drill- or aerial-seeded sites (Table 1). The dominant and almost exclusive vegetation is crested wheatgrass. Clearly these aerial and drill-seeding methods are not effective and should be reviewed before further implementation at other sites.\r\n\r\nLessons learned:\r\nThe practice of chaining dead juniper trees was particularly devastating on soil structure and revegetation. Fig. 2 (below) shows an unchained area allowed to naturally recover. While damage from the burn is still apparent, reasonable revegetation compared with surrounding reference sites occurred. Chained areas (Figs. 3-6), although seeded with native vegetation, show lower levels of both native and exotic revegetation and often present large patches of bare ground (Figs. 3 and 4). In areas with gentle slopes, water runoff combined with disturbances from cattle have caused large gullies through the loose soil (Figs. 5 and 6).",Polygon,Confirmed,"Digitized by BLM field office personnel, method unknown",NA,6977.554482,6773.481812,NA,Contractor,"Loss of vegetation, Establishment of seeded species, Habitat quality, Loss of desirable species, Loss of sagebrush, Vegetal cover","There was loss of approximately 7,387 acres of Basin big sagebrush habitat.",None,NA,None,NA,NA,54:34:00,00,00,2006,06,15,00,00,2007,06,15
1795,4991,Seeding,Ground Seeding,Ground Seeding: ATV Broadcast,3244,405581,94926,4,2006-06-15,2007-06-15,00/00/2006,00/00/2007,estimated month and day,estimated month and day,365,Implemented,See Comments,1,Acres,550,-1,Planned seed list,ATV Mix,Seeds,Plan,Unknown,Species Specific,"ES Funding:\r\nBluebunch Wheatgrass, Great Basin Wildrye, Thickspike Wheatgrass, and Sandbergs Bluegrass\r\n\r\nBAR Funding:\r\nWestern Yarrow, Lewis Flax, and Wasatch Penstemon",...550 acres of the Curlew Allotment would be...seeded with a soil stabilizing seed mix followed by a chaining treatment.\r\n\r\n...purchasing a diverse and stabilizing seed mix for approximately 550 acres (See Part 7-Maps). The seed purchased would be incorporated into the [broadcast] seed mix Burnt ES Plan.,"...conduct the seeding treatment using BLM personnel, OHV\u2019s, and seed spreaders.","Although, the seed for the aerial ES treatment has been purchased, not all the seed needed for drill seeding was purchased. Therefore, there is a need for $25,000 worth of seed on the Burnt fire. On September 22, the PFO noticed the seed needed for the drill seeding treatment was not purchased. This was because of an erroneous IDEAS (Funding Obligation Program) entry and therefore the funding was not obligated and available to spend during the seed buy. Noticing this oversight the PFO purchase $12,000 worth of seed, which was the amount that was expected to be left over after all the contracts were awarded for the project needs of FY06.\r\n\r\nApproximately 550 acres of Juniper burned under high intensity resulting in significant loss of vegetative cover. The primary concern/issue of the burn is loss of approximately 2,650 acres of soil stabilizing vegetation and an increased risk for soil erosion. Several BLM personal and equipment will OHV seed the areas designated for aerial seeding. The chaining was done by BLM personnel after the OHV seeding was complete. Seed was purchased on 8/28 and 9/22. The seed lot was sent to a certified seed laboratory for testing to meet BLM Standards (i.e., no Idaho noxious weeds and minimum 0.765 PLS).\r\n\r\nseeding was accomplished by using ATV broadcast seeders. The seeding was conducted prior to the chaining. After seeding was completed approximately 550 acres was chained using an Ely chain. Ninety plus percent of the juniper within the area were laid over by the chain. The chain also scarified the soil surface incorporating the seed into the soil. Both treatments were completed timely.","Inspection by the PFO staff found this OHV seeding project had been successfully completed to BLM specifications and completed in a timely manner; also see monitoring section below. The Burnt ES Plan identified that 550 acres of the Curlew Allotment would be aerially seeded with a soil stabilizing seed mix followed by a chaining treatment. The ES Plan also identified that the aerial seeding treatment would be contracted. However, considering the time it would have taken to solicit, award, and have aerial seeding services delivered under a contract the PFO before winter freeze-up. The Pocatello Field Office used BLM personnel, OHV\u2019s, and seed spreaders to conduct the seeding treatment. The costs of the treatment were incorporated into the ground drilling S2 codes.",Polygon,Confirmed,"Digitized by BLM field office personnel, method unknown",NA,448.69,175.11,NA,BLM,"Establishment of seeded species, Habitat quality, Loss of desirable species, Loss of vegetation, Vegetal cover, Loss of native species, Loss of native vegetation","...considering the time it takes to solicit, award, and have aerial seeding services delivered under a contract the Pocatello Field Office would be unable to seed the project area before winter freeze-up. Aerial seeding must be conducted before winter freeze-up in order for subsequent chaining treatment to be effective. Chaining is needed to increase germination and establishment of seeding and it would not be effective when the soil is frozen and/or snow covered.\r\n\r\nApproximately 550 acres burned at high intensity and is in need of a diverse and stabilizing seed mix to help restore the watershed condition.",None,NA,None,NA,Both ES and BAR funded.,20:44:00,00,00,2006,06,15,00,00,2007,06,15
3039,8495,Vegetation/Soil Manipulation,Soil Disturbance,Soil Disturbance: Plowing,5321,400844,95950,2,1963-08-01,1963-12-07,8/1/1963,12/7/1963,actual,actual,128,Implemented,None,2,Acres,500,0,NA,NA,NA,NA,NA,NA,NA,The purpose is to eradicate the undesirable plants and to establish a good ground cover to increase the available forage and to help prevent soil erosion.,NA,This area was plowed and seeded to intermediate wheatgrass and Ladak alfalfa. Some of the land was plowed twice to get a good brush kill.,It is estimated that a 97% brush kill was obtained .,Polygon,Confirmed,Digitized by LTDL data entry personnel using a confirmed map,12/18/2013,550.8139481,527.3376328,NA,BLM and Cooperators,"Overgrazing, Provide Forage for Livestock, Livestock in Treated Area",The purpose is to eradicate the undesirable plants and to establish a good ground cover to increase the available forage and to help prevent soil erosion.,None,NA,None,NA,NA,52:24:00,8,1,1963,08,01,12,7,1963,12,07
3039,8496,Seeding,Drill Seeding,Ground Seeding: Drill,5322,400845,95950,2,1963-08-01,1963-12-07,8/1/1963,12/7/1963,actual,actual,128,Implemented,None,2,Acres,500,-1,Confirmed seed list,NA,Seeds,Confirmed on Paper,Unknown,Species Specific,NA,NA,NA,This area was plowed and seeded to intermediate wheatgrass and Ladak alfalfa.,NA,Polygon,Confirmed,Digitized by LTDL data entry personnel using a confirmed map,12/18/2013,550.8139481,527.3376328,NA,BLM and Cooperators,"Overgrazing, Provide Forage for Livestock, Livestock in Treated Area",The purpose is to eradicate the undesirable plants and to establish a good ground cover to increase the available forage and to help prevent soil erosion.,None,NA,None,NA,NA,52:24:00,8,1,1963,08,01,12,7,1963,12,07
5144,14314,Vegetation/Soil Manipulation,Soil Disturbance,Soil Disturbance: Plowing,8972,401086,95959,2,1964-06-20,1964-12-09,6/20/1964,12/9/1964,actual,actual,172,Implemented,None,2,Acres,3007,0,NA,NA,NA,NA,NA,NA,NA,NA,NA,The area was plowed using both Brushland and Wheatland plows . Part of the land was plowed twice to get a sufficient brush kill.,Approximately 85 to 90% brush kill was obtained.,Polygon,Confirmed,"Digitized by BLM field office personnel, method unknown",NA,3211.63936,2987.540226,NA,BLM,Unknown,NA,None,NA,None,NA,NA,16:44:00,6,20,1964,06,20,12,9,1964,12,09
5144,14315,Seeding,Drill Seeding,Ground Seeding: Drill,8973,401087,95959,2,1964-06-20,1964-12-09,6/20/1964,12/9/1964,actual,actual,172,Implemented,None,2,Acres,3007,-1,Confirmed seed list,NA,Seeds,Confirmed on Paper,Unknown,Species Specific,NA,NA,NA,"The created wheatgrass seed was drilled at approximately 8 lbs. per acre using regular grain drills. The seed contained 93% purity, germination was 88%. The seed costs were $1 .57 per acre .",NA,Polygon,Confirmed,"Digitized by BLM field office personnel, method unknown",NA,3211.63936,2987.540226,NA,NA,Unknown,NA,None,NA,None,NA,NA,16:44:00,6,20,1964,06,20,12,9,1964,12,09
6682,18383,Vegetation/Soil Manipulation,Soil Disturbance,Soil Disturbance: Plowing,11613,401202,95965,2,1960-07-11,1961-12-23,7/11/1960,12/23/1961,actual,actual,530,Implemented,None,2,Acres,2250,0,NA,NA,NA,NA,NA,NA,NA,The purpose is to eradicate the sagebrush and establish a good cover on this area.,NA,The land was first plowed using Massey Harris and Brushland Plows.,"Generally a good brush kill was obtained, estimated at 90%.",Polygon,Confirmed,Digitized by LTDL data entry personnel using a confirmed map,12/10/2013,2464.512316,2250.562622,NA,BLM and Cooperators,Provide Forage for Livestock,The purpose is to eradicate the sagebrush and establish a good cover on this area.,None,NA,None,NA,NA,16:23:00,7,11,1960,07,11,12,23,1961,12,23
6682,18384,Seeding,Drill Seeding,Ground Seeding: Drill,11614,401203,95965,2,1960-07-11,1961-12-23,7/11/1960,12/23/1961,actual,actual,530,Implemented,None,2,Acres,2250,-1,Confirmed seed list,NA,Seeds,Confirmed on Paper,Unknown,Species Specific,"Yellow sweet clover was in the planned seed mix, but there is no evidence it was included in the final seed mix.",The purpose is to eradicate the sagebrush and establish a good cover on this area.,NA,Crested wheatgrass was seeded at approximately 7 lbs. per acre.,NA,Polygon,Confirmed,Digitized by LTDL data entry personnel using a confirmed map,12/10/2013,2464.512316,2250.562622,NA,BLM and Cooperators,Provide Forage for Livestock,The purpose is to eradicate the sagebrush and establish a good cover on this area.,None,NA,None,NA,NA,16:23:00,7,11,1960,07,11,12,23,1961,12,23
6737,18569,Vegetation/Soil Manipulation,Soil Disturbance,Soil Disturbance: Plowing,11715,401204,95966,2,1967-07-18,1968-05-09,7/18/1967,5/9/1968,actual,actual,296,Implemented,None,2,Acres,1627,0,NA,NA,NA,NA,NA,NA,NA,"The purpose is to eradicate the undesirable plants and to\r\nestablish a good cover of grass for watershed protection, to prevent soil\r\nerosion and to increase forage for livestock and game using the area.",The area will be plowed during the summer and seeded to crested wheat during\r\nthe late fall,1000 acres  was completed under contract and was plowed with Allis Chalmers heavy duty off set disc\r\nplow. Most of this area was plowed twice. 627 acres was completed by force account\r\ncrews. This area was also plowed twice.,NA,Polygon,Confirmed,"Digitized by BLM field office personnel, method unknown",NA,1902.406152,1834.744516,NA,BLM and Cooperators,"Provide Forage for Livestock, Provide Forage for Wildlife","The purpose is to eradicate the undesirable plants and to establish a good cover of grass for watershed protection, to prevent soil erosion and to increase forage for livestock and game using the area.",None,NA,None,NA,NA,49:19:00,7,18,1967,07,18,5,9,1968,05,09
6737,18570,Seeding,Ground Seeding,Ground Seeding: Broadcast,11716,401205,95966,2,1967-07-18,1968-05-09,7/18/1967,5/9/1968,actual,actual,296,Implemented,None,2,Acres,1627,-1,Confirmed seed list,NA,Seeds,Confirmed on Paper,Unknown,Species Specific,NA,"The purpose is to eradicate the undesirable plants and to\r\nestablish a good cover of grass for watershed protection, to prevent soil\r\nerosion and to increase forage for livestock and game using the area.",The area will be plowed during the summer and seeded to crested wheat during\r\nthe late fall,The land was seeded with grain drills with the seed tubes and discs removed. Rubber tries were drug behind the grain drills to cover the seed. The crested wheatgrass was seeded at approximately 6# per acre.,NA,Polygon,Confirmed,"Digitized by BLM field office personnel, method unknown",NA,1902.406152,1834.744516,NA,BLM and Cooperators,"Provide Forage for Livestock, Provide Forage for Wildlife","The purpose is to eradicate the undesirable plants and to establish a good cover of grass for watershed protection, to prevent soil erosion and to increase forage for livestock and game using the area.",None,NA,None,NA,NA,49:19:00,7,18,1967,07,18,5,9,1968,05,09
11579,31396,Vegetation/Soil Manipulation,Vegetation Disturbance,Vegetation Disturbance: Mowing,20155,401920,96004,2,2003-10-15,2004-05-15,10/00/2003,5/00/2004,estimated day,estimated day,213,Implemented,None,2,Acres,531,0,NA,NA,NA,NA,NA,NA,NA,The BLM SLFO would reduce the potential of extreme fire danger by reducing big sagebrush and diversifying the existing plant community while improving wildlife habitat.,"The treatment would occur in each of the three polygons (see map, Appendix A) within\r\nthe Big Creek, Stuart, and Woodruff Pastures equaling 20 - 40% of the total 2,313 acre\r\nanalysis area which would equal approximately 530 acres.\r\nThe mechanical treatments would be implemented in 2003. Maintenance activities may\r\nbe necessary 2 - 25 years after the project is completed, such as seeding or crunching to\r\nmeet the objectives stated in the need for the proposed action. A fence would be installed\r\nprior to the 2004 grazing season.\r\nA tractor/dozer would pull a brush cruncher (pasture aerator) which would crush, tear,\r\nand chop older stagnate age classes of sagebrush allowing younger, supple age classes to\r\nspring back with little or no harm; therefore, reducing the risk of large wildland fire\r\ngrowth by breaking up the continuity of the current fuel arrangement. The brush\r\ncruncher is a useful tool, which leaves minimal ground disturbance, leaving the surface\r\ncover intact while creating divots for good soil to seed contact.\r\nTreated areas would be seeded by attaching a drop seeder to the back of the aerator with a\r\ngrass/forb/browse seed mixture (see Seed Species List, Appendix D), which could\r\nsupport wildlife species year-round in the area.\r\nDuring the treatment, the aerator would create a mosaic pattern by following the natural\r\ncontours of the landscape during the fall season or as weather permits. The mosaic\r\npatterns would range in size generally less than 200 yards wide with a maximum of 40%\r\nof the area treated. A support vehicle for the contractor would need to access the site\r\neach day and one BLM truck would access the site each day for inspection. The road\r\nsystem around the site is adequate to meet these needs without driving off-road.",The pasture aerator treatment at the Big Three was implemented in October and November of 2003 and April and May of2004. A contractor with a tractor and pasture aerator crunched and seeded 531 acres of sagebrush-steppe in a mosaic pattern within the Big Three project areas during this period.,We achieved all of the objectives of the Big Three project.,Polygon,Confirmed,"Digitized by BLM field office personnel, method unknown",NA,530.8465253,530.7550054,NA,Contractor,"Fire Hazard, Watershed Degradation, Erosion","The purpose and need of the proposed fuels treatment is to manage watersheds and\r\nreduce fuels (sagebrush) to lessen the potential damage or severity/intensity of wildland\r\nfire.\r\nThe lack of an ecological disturbance in the area has perpetuated the growth of sagebrush\r\nencroachment resulting in homogenous dense stands that dominate the landscape. A\r\nfuels treatment is needed to introduce spacing, age-class and size-class diversity in the\r\nsagebrush component, and increase vegetation diversity that would reduce the potential\r\nfor high-intensity, large wildland fires (see map, Appendix A).",None,NA,None,NA,NA,12:46:00,10,00,2003,10,15,5,00,2004,05,15
11579,31397,Seeding,Ground Seeding,Ground Seeding: Broadcast,20156,401921,96004,2,2003-10-15,2004-05-15,10/00/2003,5/00/2004,estimated day,estimated day,213,Implemented,None,2,Acres,531,-1,Confirmed seed list,NA,Seeds,Confirmed on Paper,Unknown,Species Specific,"This is a general seed list, the actual seed list is unknown.",The purpose and need of the proposed fuels treatment is to manage watersheds and\r\nreduce fuels (sagebrush) to lessen the potential damage or severity/intensity of wildland\r\nfire.,"Treated areas would be seeded by attaching a drop seeder to the back of the aerator with a\r\ngrass/forb/browse seed mixture (see Seed Species List, Appendix D), which could\r\nsupport wildlife species year-round in the area.",The pasture aerator treatment at the Big Three was implemented in October and November of 2003 and April and May of2004. A contractor with a tractor and pasture aerator crunched and seeded 531 acres of sagebrush-steppe in a mosaic pattern within the Big Three project areas during this period.,We achieved all of the objectives of the Big Three project.,Polygon,Confirmed,"Digitized by BLM field office personnel, method unknown",NA,530.8465253,530.7550054,NA,Contractor,"Fire Hazard, Watershed Degradation, Erosion","The purpose and need of the proposed fuels treatment is to manage watersheds and\r\nreduce fuels (sagebrush) to lessen the potential damage or severity/intensity of wildland\r\nfire.\r\nThe lack of an ecological disturbance in the area has perpetuated the growth of sagebrush\r\nencroachment resulting in homogenous dense stands that dominate the landscape. A\r\nfuels treatment is needed to introduce spacing, age-class and size-class diversity in the\r\nsagebrush component, and increase vegetation diversity that would reduce the potential\r\nfor high-intensity, large wildland fires (see map, Appendix A).",None,NA,None,NA,NA,25:53:00,10,00,2003,10,15,5,00,2004,05,15
13086,35248,Vegetation/Soil Manipulation,Soil Disturbance,Soil Disturbance: Plowing,22745,404770,96061,3,1962-07-06,1963-12-20,7/6/1962,12/20/1963,actual,actual,532,Implemented,None,2,Acres,2381,0,NA,NA,NA,NA,NA,NA,NA,NA,NA,This area was plowed and seeded to crested wheatgrass. Part of the land was\r\nseeded during the fall of 1962. The reminder was plowed and seeded during 1963.,NA,Polygon,Confirmed,Digitized by LTDL data entry personnel using a confirmed map,12/18/2013,2451.947307,2448.437468,NA,NA,Provide Forage for Livestock,The purpose is to eradicate the sagebrush and\r\nincrease the carrying capacity of the range.,None,NA,None,NA,NA,30:27:00,7,6,1962,07,06,12,20,1963,12,20
13086,35250,Seeding,Drill Seeding,Ground Seeding: Drill,22746,404771,96061,3,1962-07-06,1963-12-20,7/6/1962,12/20/1963,actual,actual,532,Implemented,None,2,Acres,2381,-1,Confirmed seed list,NA,Seeds,Confirmed on Paper,Unknown,Species Specific,NA,NA,NA,"The Woodruff Cattle Association drilled the seed as their contribution toward the project. The area is entirely enclosed by fence and will be protected from grazing until the grass is well established. The seeding rate was approximately 7 lbs.\r\nper acre. The crested wheat seed contained 95% pure seed, the germination test indicated 90%.",NA,Polygon,Confirmed,Digitized by LTDL data entry personnel using a confirmed map,12/18/2013,2451.947307,2448.437468,NA,BLM and Cooperators,Provide Forage for Livestock,The purpose is to eradicate the sagebrush and\r\nincrease the carrying capacity of the range.,None,NA,None,NA,NA,30:27:00,7,6,1962,07,06,12,20,1963,12,20
13086,35249,Vegetation/Soil Manipulation,Soil Disturbance,Soil Disturbance: Chaining,22748,404772,96061,3,1962-07-06,1963-12-20,7/6/1962,12/20/1963,actual,actual,532,Implemented,None,0,Acres,2381,0,NA,NA,NA,NA,NA,NA,NA,NA,NA,Some of the land had scattered juniper on it. These were removed using a ship anchor chain and the trees were bunched and burned.,NA,Polygon,Confirmed,Digitized by LTDL data entry personnel using a confirmed map,12/18/2013,2451.947307,2448.437468,NA,NA,Provide Forage for Livestock,The purpose is to eradicate the sagebrush and\r\nincrease the carrying capacity of the range.,None,NA,None,NA,NA,57:54:00,7,6,1962,07,06,12,20,1963,12,20
11579,31396,Vegetation/Soil Manipulation,Vegetation Disturbance,Vegetation Disturbance: Mowing,20155,406336,96068,4,2003-10-15,2004-05-15,10/00/2003,5/00/2004,estimated day,estimated day,213,Implemented,None,2,Acres,531,0,NA,NA,NA,NA,NA,NA,NA,The BLM SLFO would reduce the potential of extreme fire danger by reducing big sagebrush and diversifying the existing plant community while improving wildlife habitat.,"The treatment would occur in each of the three polygons (see map, Appendix A) within\r\nthe Big Creek, Stuart, and Woodruff Pastures equaling 20 - 40% of the total 2,313 acre\r\nanalysis area which would equal approximately 530 acres.\r\nThe mechanical treatments would be implemented in 2003. Maintenance activities may\r\nbe necessary 2 - 25 years after the project is completed, such as seeding or crunching to\r\nmeet the objectives stated in the need for the proposed action. A fence would be installed\r\nprior to the 2004 grazing season.\r\nA tractor/dozer would pull a brush cruncher (pasture aerator) which would crush, tear,\r\nand chop older stagnate age classes of sagebrush allowing younger, supple age classes to\r\nspring back with little or no harm; therefore, reducing the risk of large wildland fire\r\ngrowth by breaking up the continuity of the current fuel arrangement. The brush\r\ncruncher is a useful tool, which leaves minimal ground disturbance, leaving the surface\r\ncover intact while creating divots for good soil to seed contact.\r\nTreated areas would be seeded by attaching a drop seeder to the back of the aerator with a\r\ngrass/forb/browse seed mixture (see Seed Species List, Appendix D), which could\r\nsupport wildlife species year-round in the area.\r\nDuring the treatment, the aerator would create a mosaic pattern by following the natural\r\ncontours of the landscape during the fall season or as weather permits. The mosaic\r\npatterns would range in size generally less than 200 yards wide with a maximum of 40%\r\nof the area treated. A support vehicle for the contractor would need to access the site\r\neach day and one BLM truck would access the site each day for inspection. The road\r\nsystem around the site is adequate to meet these needs without driving off-road.",The pasture aerator treatment at the Big Three was implemented in October and November of 2003 and April and May of2004. A contractor with a tractor and pasture aerator crunched and seeded 531 acres of sagebrush-steppe in a mosaic pattern within the Big Three project areas during this period.,We achieved all of the objectives of the Big Three project.,Polygon,Confirmed,"Digitized by BLM field office personnel, method unknown",NA,530.8465253,530.7550054,NA,Contractor,"Fire Hazard, Watershed Degradation, Erosion","The purpose and need of the proposed fuels treatment is to manage watersheds and\r\nreduce fuels (sagebrush) to lessen the potential damage or severity/intensity of wildland\r\nfire.\r\nThe lack of an ecological disturbance in the area has perpetuated the growth of sagebrush\r\nencroachment resulting in homogenous dense stands that dominate the landscape. A\r\nfuels treatment is needed to introduce spacing, age-class and size-class diversity in the\r\nsagebrush component, and increase vegetation diversity that would reduce the potential\r\nfor high-intensity, large wildland fires (see map, Appendix A).",None,NA,None,NA,NA,12:46:00,10,00,2003,10,15,5,00,2004,05,15
11579,31397,Seeding,Ground Seeding,Ground Seeding: Broadcast,20156,406337,96068,4,2003-10-15,2004-05-15,10/00/2003,5/00/2004,estimated day,estimated day,213,Implemented,None,2,Acres,531,-1,Confirmed seed list,NA,Seeds,Confirmed on Paper,Unknown,Species Specific,"This is a general seed list, the actual seed list is unknown.",The purpose and need of the proposed fuels treatment is to manage watersheds and\r\nreduce fuels (sagebrush) to lessen the potential damage or severity/intensity of wildland\r\nfire.,"Treated areas would be seeded by attaching a drop seeder to the back of the aerator with a\r\ngrass/forb/browse seed mixture (see Seed Species List, Appendix D), which could\r\nsupport wildlife species year-round in the area.",The pasture aerator treatment at the Big Three was implemented in October and November of 2003 and April and May of2004. A contractor with a tractor and pasture aerator crunched and seeded 531 acres of sagebrush-steppe in a mosaic pattern within the Big Three project areas during this period.,We achieved all of the objectives of the Big Three project.,Polygon,Confirmed,"Digitized by BLM field office personnel, method unknown",NA,530.8465253,530.7550054,NA,Contractor,"Fire Hazard, Watershed Degradation, Erosion","The purpose and need of the proposed fuels treatment is to manage watersheds and\r\nreduce fuels (sagebrush) to lessen the potential damage or severity/intensity of wildland\r\nfire.\r\nThe lack of an ecological disturbance in the area has perpetuated the growth of sagebrush\r\nencroachment resulting in homogenous dense stands that dominate the landscape. A\r\nfuels treatment is needed to introduce spacing, age-class and size-class diversity in the\r\nsagebrush component, and increase vegetation diversity that would reduce the potential\r\nfor high-intensity, large wildland fires (see map, Appendix A).",None,NA,None,NA,NA,25:53:00,10,00,2003,10,15,5,00,2004,05,15
2255,6152,Vegetation/Soil Manipulation,Soil Disturbance,Soil Disturbance: Chaining,3945,400726,96153,2,1964-08-20,1965-05-02,8/20/1964,5/2/1965,actual,actual,255,Implemented,None,2,None,NA,0,NA,NA,NA,NA,NA,NA,NA,NA,NA,The trees were pulled down with a 47# ship anchor chain by\r\ncontract.,NA,Polygon,Confirmed,Digitized by LTDL data entry personnel using a confirmed map,3/13/2013,1270.124189,1267.124072,NA,NA,None,NA,None,NA,None,NA,NA,49:29:00,8,20,1964,08,20,5,2,1965,05,02
2255,6153,Seeding,Aerial Seeding,Aerial Seeding,3946,400727,96153,2,1964-08-20,1965-05-02,8/20/1964,5/2/1965,actual,actual,255,Implemented,None,1,None,NA,-1,Not Determined,NA,NA,NA,NA,NA,NA,NA,NA,"The trees were pulled down with a 47# ship anchor chain by\r\ncontract. Six pounds of crested wheat grass per acre was aerial broadcast,\r\nthen back-chaining started. However, only 400 acres were completed before\r\nexcessive snow prevented completion. : During the spring of 1965, 1/2 pound of\r\nfour-wing saltbush and grey rabbitbrush was hand planted in selected areas.",NA,Polygon,Confirmed,Digitized by LTDL data entry personnel using a confirmed map,3/13/2013,1270.124189,1267.124072,NA,NA,None,NA,None,NA,None,NA,NA,49:29:00,8,20,1964,08,20,5,2,1965,05,02
2535,6998,Vegetation/Soil Manipulation,Soil Disturbance,Soil Disturbance: Chaining,4460,400746,96154,2,1966-07-07,1966-12-05,7/7/1966,12/5/1966,actual,actual,151,Implemented,None,2,Acres,600,0,NA,NA,NA,NA,NA,NA,NA,To increase forage production and decrease soil erosion.,The juniper stand will be chained 2 ways with a large chain drug between two tractors.,Two D-8 tractors pulled a chain which weighed 90# and 47#/link to remove pinon-juniper trees which were the dominant vegetation.,NA,Polygon,Confirmed,"Digitized by BLM field office personnel, method unknown",NA,549.6013115,547.5820594,NA,NA,None,To increase forage production and decrease soil erosion,None,NA,None,NA,NA,54:58:00,7,7,1966,07,07,12,5,1966,12,05
2535,6999,Seeding,Seeding,Seeding,4461,400747,96154,2,1966-07-07,1966-12-05,7/7/1966,12/5/1966,actual,actual,151,Implemented,None,2,Acres,600,-1,Not Determined,NA,NA,NA,NA,NA,NA,NA,NA,"Five pounds of Russian wild rye, 5 pounds of crested wheatgrass, 1/2 pound of Nomad alfalfa, and 1/2 pound of yellow sweet clover were aerial seeded. The area was back-chained to cover the seed. One pound of 4-wing saltbrush was hand planted to improve big game forage.",NA,Polygon,Confirmed,"Digitized by BLM field office personnel, method unknown",NA,549.6013115,547.5820594,NA,NA,None,To increase forage production and decrease soil erosion,None,NA,None,NA,NA,54:58:00,7,7,1966,07,07,12,5,1966,12,05
2547,7023,Seeding,Seeding,Seeding,4477,400748,96155,2,1965-03-05,1966-01-11,3/5/1965,1/11/1966,actual,actual,312,Implemented,None,2,None,NA,-1,Confirmed seed list,NA,NA,Confirmed on Paper,NA,NA,NA,NA,NA,"This was a pinyon-juniper project with little understory of\r\ndesirable vegetation. The trees were pulled with two D-7 tractors, 10 pounds crested\r\nwheat grass and 2 pounds nomad alfalfa aerial seeded, then the trees pulled again to\r\ncover the seed. One pound of 4-winged salt bush was then hand seeded in the most\r\ndesirable locations.",NA,Polygon,Confirmed,Digitized by LTDL data entry personnel using a confirmed map,3/17/2013,2308.600535,2255.983276,NA,NA,None,NA,None,NA,None,NA,NA,18:22:00,3,5,1965,03,05,1,11,1966,01,11
2547,7024,Vegetation/Soil Manipulation,Soil Disturbance,Soil Disturbance: Chaining,4478,400749,96155,2,1965-03-05,1966-01-11,3/5/1965,1/11/1966,actual,actual,312,Implemented,None,2,None,NA,0,NA,NA,NA,NA,NA,NA,NA,NA,NA,"It is understood and agreed that for conservation purposes\r\nand during the time that the Coal Mine Basin seeding is being treated,\r\nthe reseeded areas within the Shindy Allotment will be deferred from\r\nlivestock grazing until such time as it becomes properly rehabilitated\r\nand can be grazed by livestock without damage.\r\nTo accomplish this purpose, it is understood that livestock\r\nwill not be allowed on the reseeded area for not less than three growing\r\nseasons after seeding operations have been completed. Rex Gardner will\r\nbuild a temporary fence and take whatever measures are necessary to keep\r\nthe livestock off the seeded area.\r\nIt is further understood that grazing will commence the fall of\r\nthe third growing season , if by examination it is determined that the\r\nplants are properly rooted and capable of withstanding livestock grazing.\r\nIf it is determined that the area needs additional deferment, then\r\ngrazing of livestock will be delayed until the plants are capable of\r\nwithstanding grazing by livestock.\r\nAfter rehabilitation, grazing to be allowed, methods of grazing,\r\nnumber of stock, and season of use for the area will be determined by\r\nagreement .between Rex Gardner and The Bureau of Land Management. If agreement\r\ncannot be reached final decision will be made by the District Manager.",NA,Polygon,Confirmed,Digitized by LTDL data entry personnel using a confirmed map,3/17/2013,2308.600535,2255.983276,NA,NA,None,NA,None,NA,None,NA,NA,18:22:00,3,5,1965,03,05,1,11,1966,01,11
2674,7406,Vegetation/Soil Manipulation,Soil Disturbance,Soil Disturbance: Contour Plowing,4693,400762,96156,2,1966-08-12,1966-12-12,8/12/1966,12/12/1966,actual,actual,122,Implemented,None,2,Acres,191,0,NA,NA,NA,NA,NA,NA,NA,NA,NA,"The area treated was in poor condition. Most forage was annuals. A D-7 tractor pulled a model-B furrower. 2 1/2# Crested wheat, 2 1/2# Russian Wild Rye grass, and 1# of yellow sweet clover were seeded. The contour furrows are 6' apart.",NA,Polygon,Confirmed,Digitized by LTDL data entry personnel using a confirmed map,4/1/2013,431.7847318,430.8079412,NA,NA,None,NA,None,NA,None,NA,NA,33:48:00,8,12,1966,08,12,12,12,1966,12,12
2674,7407,Seeding,Seeding,Seeding,4694,400763,96156,2,1966-08-12,1966-12-12,8/12/1966,12/12/1966,actual,actual,122,Implemented,None,2,Acres,191,-1,Not Determined,NA,NA,NA,NA,NA,NA,NA,NA,"The area treated was in poor condition. Most forage was annuals. A D-7 tractor pulled a model-B furrower. 2 1/2# Crested wheat, 2 1/2# Russian Wild Rye grass, and 1# of yellow sweet clover were seeded. The contour furrows are 6' apart.",NA,Polygon,Confirmed,Digitized by LTDL data entry personnel using a confirmed map,4/1/2013,431.7847318,430.8079412,NA,NA,None,NA,None,NA,None,NA,NA,33:48:00,8,12,1966,08,12,12,12,1966,12,12
4680,13029,Vegetation/Soil Manipulation,Soil Disturbance,Soil Disturbance: Chaining,8175,401032,96165,2,1963-12-04,1964-04-24,12/4/1963,4/24/1964,actual,actual,142,Implemented,None,2,Acres,2190,0,NA,NA,NA,NA,NA,NA,NA,Seedbed preparation,NA,Chaining Pinon-Juniper trees @$5.60 per acre.,NA,Polygon,Confirmed,Digitized by LTDL data entry personnel using a confirmed map,5/9/2016,2245.03801,2175.992266,NA,NA,"Establishment of seeded species, Habitat productivity, Forage for livestock, Invasion by pinyon-juniper",Improve forage conditions by eliminating pinion juniper trees and seeding the area.,None,NA,None,NA,NA,13:00:00,12,4,1963,12,04,4,24,1964,04,24
4680,13030,Seeding,Aerial Seeding,Aerial Seeding,8176,401033,96165,2,1963-12-04,1964-04-24,12/4/1963,4/24/1964,actual,actual,142,Implemented,None,2,Acres,2190,-1,Confirmed seed list,Seed List,Seeds,Confirmed on Paper,Unknown,Species Specific,NA,NA,NA,Aerial broadcast by helicopter.,"Late spring moisture (1964) conditions were very good, a very good germination resulted.  Early summer rains were frequent and this helped young seedlings growing were.  \r\n\r\nConsidered a successful project on 6-64.",Polygon,Confirmed,Digitized by LTDL data entry personnel using a confirmed map,5/9/2016,2245.03801,2175.992266,NA,NA,"Establishment of seeded species, Habitat productivity, Forage for livestock, Invasion by pinyon-juniper",Improve forage conditions by eliminating pinion juniper trees and seeding the area.,None,NA,None,NA,NA,20:14:00,12,4,1963,12,04,4,24,1964,04,24
5861,16215,Vegetation/Soil Manipulation,Soil Disturbance,Soil Disturbance: Plowing,10197,401162,96169,2,1965-06-28,1965-11-03,6/28/1965,11/3/1965,actual,actual,128,Implemented,None,2,Acres,515,0,NA,NA,NA,NA,NA,NA,NA,Seedbed preparation,NA,"Plowed with Wheatland Disc plow.  Due to heavy greasewood, some had to be plowed twice.",Brush kill was about 85%.,Polygon,Confirmed,Digitized by LTDL data entry personnel using a confirmed map,5/17/2016,549.7069922,549.6607512,NA,NA,"Brush control, Establishment of seeded species, Forage for livestock, Forage for wildlife, Habitat productivity, Sagebrush",Plow brush and reseed to grass and Browse to increase forage for livestock and wildlife.,None,NA,None,NA,NA,24:33:00,6,28,1965,06,28,11,3,1965,11,03
5861,16216,Seeding,Drill Seeding,Ground Seeding: Drill,10198,401163,96169,2,1965-06-28,1965-11-03,6/28/1965,11/3/1965,actual,actual,128,Implemented,None,2,Acres,515,-1,Confirmed seed list,Seed List,Seeds,Confirmed on Paper,Unknown,Species Specific,NA,Reseed to grass and Browse to increase forage for livestock and wildlife.,NA,Seeded at a rate of 7.5 lbs. per acre.  Late fall moisture should provide good early growth in the spring of 1966.,"A job inspection report was completed in 1972.  ""The success of this seeding is good.  There is a high density of crested wheatgrass.  However it shows heavy past use.  There are at present some seed heads showing.&&",Polygon,Confirmed,Digitized by LTDL data entry personnel using a confirmed map,5/17/2016,549.7069922,549.6607512,NA,NA,"Brush control, Establishment of seeded species, Forage for livestock, Forage for wildlife, Habitat productivity, Sagebrush",Plow brush and reseed to grass and Browse to increase forage for livestock and wildlife.,None,NA,None,NA,NA,20:15:00,6,28,1965,06,28,11,3,1965,11,03
5890,54301,Vegetation/Soil Manipulation,Soil Disturbance,Soil Disturbance: Chaining,10244,401166,96170,2,1968-11-01,1968-11-01,11/1/1968,11/1/1968,actual,actual,0,Implemented,Unknown,1,Acres,1410,0,Unknown seed list,NA,NA,NA,NA,NA,NA,Back chain aerial seeding.,"Double chaining of pinon-juniper - Because of broken topography, chaining will be limited to ridge tops and park areas.",Back chained using seed Dribblers on the tractor.,Unknown,Polygon,Confirmed,Digitized by LTDL data entry personnel using a planned map,6/30/2020,1359.67,1345.04,Unknown,Contractor,"Encroaching vegetation, Invasion by pinyon-juniper, Pinon-juniper, Brush control",Control undesirable plants and prepare a seedbed for\r\nreplanting with suitable grasses or other plants.,Unknown,Unknown,Other (See Trt Notes),"Double chaining of pinon-juniper - Because of broken topography, chaining will be limited to ridge tops and park areas.",Unknown,38:56:00,11,1,1968,11,01,11,1,1968,11,01
5890,54302,Seeding,Ground Seeding,Ground Seeding: Dribble,10245,401167,96170,2,1968-11-01,1968-11-01,11/1/1968,11/1/1968,actual,actual,0,Implemented,Unknown,1,Acres,1410,-1,Confirmed seed list,NA,Seeds,Confirmed on Paper,Unknown,Species Specific,Unknown,Establish 2 grass browse mixtures.,Browse seed dribblers are t o be installed on the Contractors equipment and 1\r\nbrowse seed dispensed continuously during the second chaining,Seed Dribblers on tractors applying 1 lb. fourwing seed and .25 lb Bitterbrush seed/ac.,Unknown,Polygon,Confirmed,Digitized by LTDL data entry personnel using a planned map,6/30/2020,1359.67,1345.04,Unknown,Contractor,"Establishment of seeded species, Forage for wildlife, Forage for livestock, Forage quality",To provide needed watershed protection and provide winter forage for deer. The area is important winter range associated with herd unit 26,Unknown,Unknown,Unknown,Unknown,Unknown,55:16:00,11,1,1968,11,01,11,1,1968,11,01
6846,18851,Soil Stabilization,Soil Stabilization,Soil Stabilization (other than seeding/planting): Ripping / Contour furrows,11904,401216,96171,2,1972-03-15,1972-03-15,3/00/1972,3/00/1972,estimated day,estimated day,0,Implemented,None,2,Acres,1030,0,NA,NA,NA,NA,NA,NA,NA,Soil stabilization,NA,Watershed Tillage-furrowing was used on the completed JDR,NA,Polygon,Confirmed,Digitized by LTDL data entry personnel using a confirmed map,6/2/2016,1459.053323,1456.509716,NA,NA,"Erosion, Habitat productivity, Watershed degradation","Contour furrowing and seeding to a mixture of western wheatgrass and crested wheatgrass.  Furrows will stop over surface flow, allow percolation with resultant increase in vegetative production.",None,NA,None,NA,NA,37:26:00,3,00,1972,03,15,3,00,1972,03,15
6846,18852,Seeding,Ground Seeding,Ground Seeding: Broadcast,11905,401217,96171,2,1972-03-15,1972-03-15,3/00/1972,3/00/1972,estimated day,estimated day,0,Implemented,None,2,Acres,1030,-1,Confirmed seed list,Seed List,Seeds,Confirmed on Paper,Unknown,Overall,"There was only a general rate listed for all species combined indicated here, specific rates for each species were not possible.","Seeding to a mixture of western wheatgrass and crested wheatgrass.  Furrows will stop over surface flow, allow percolation with resultant increase in vegetative production.",NA,"Broadcast seeding, AGCR at 6 pounds per acre",NA,Polygon,Confirmed,Digitized by LTDL data entry personnel using a confirmed map,6/2/2016,1459.053323,1456.509716,NA,NA,"Erosion, Habitat productivity, Watershed degradation","Contour furrowing and seeding to a mixture of western wheatgrass and crested wheatgrass.  Furrows will stop over surface flow, allow percolation with resultant increase in vegetative production.",None,NA,None,NA,NA,42:29:00,3,00,1972,03,15,3,00,1972,03,15
6847,18853,Vegetation/Soil Manipulation,Soil Disturbance,Soil Disturbance: Contour Furrowing,11906,401218,96172,2,1970-10-15,1970-10-15,10/00/1970,10/00/1970,estimated day,estimated day,0,Implemented,None,2,Acres,1600,0,NA,NA,NA,NA,NA,NA,NA,Watershed conservation,NA,Contour Furrowing,"A job inspection report was completed in 1972.  ""There is only a small amount of Crested Wheat in the furrows.  The furrows are holding water well and none seems to be washed out.&&",Polygon,Confirmed,Digitized by LTDL data entry personnel using a confirmed map,6/2/2016,2850.095436,2849.936447,NA,Contractor,"Watershed degradation, Watershed health",Watershed Conservation,None,NA,None,NA,NA,04:02:00,10,00,1970,10,15,10,00,1970,10,15
6847,18854,Seeding,Ground Seeding,Ground Seeding: Broadcast,11907,401219,96172,2,1970-10-15,1970-10-15,10/00/1970,10/00/1970,estimated day,estimated day,0,Implemented,None,2,Acres,1600,-1,Confirmed seed list,Seed List,Seeds,Confirmed on Paper,Unknown,Species Specific,NA,Watershed conservation,NA,Ground broadcast seeding Crested Wheatgrass at 4 pounds per acre,"A job inspection report was completed in 1972.  ""There is only a small amount of Crested Wheat in the furrows.  The furrows are holding water well and none seems to be washed out.&&",Polygon,Confirmed,Digitized by LTDL data entry personnel using a confirmed map,6/2/2016,2850.095436,2849.936447,NA,Contractor,"Watershed degradation, Watershed health",Watershed Conservation,None,NA,None,NA,NA,11:22:00,10,00,1970,10,15,10,00,1970,10,15
6871,18920,Vegetation/Soil Manipulation,Soil Disturbance,Soil Disturbance: Plowing,11956,401222,96173,2,1964-10-05,1965-05-07,10/5/1964,5/7/1965,actual,actual,214,Implemented,None,2,Acres,815,0,NA,NA,NA,NA,NA,NA,NA,Seedbed preparation,NA,Plowed one way disc plows,90% brush kill,Polygon,Confirmed,Digitized by LTDL data entry personnel using a confirmed map,5/17/2016,971.7544504,955.3514206,NA,NA,"Erosion, Forage quality, Habitat productivity, Sagebrush",Improve range forage and reduce erosion,None,NA,None,NA,NA,07:33:00,10,5,1964,10,05,5,7,1965,05,07
6871,18921,Seeding,Drill Seeding,Ground Seeding: Drill,11957,401223,96173,2,1964-10-05,1965-05-07,10/5/1964,5/7/1965,actual,actual,214,Implemented,None,2,Acres,85,-1,Confirmed seed list,Seed List,Seeds,Confirmed on Paper,Unknown,Species Specific,NA,Improve range forage and reduce erosion,NA,Area seeded in the spring-very good spring rains lasted until late spring-seed germinated and became permanently established.,"1972-""Seeded with crested wheatgrass, quite a lot of sagebrush has come back to their seeding.  However, density is still good on the crested wheat.&&",Polygon,Confirmed,Digitized by LTDL data entry personnel using a confirmed map,5/17/2016,971.7544504,955.3514206,NA,NA,"Erosion, Forage quality, Habitat productivity, Sagebrush",Improve range forage and reduce erosion,None,NA,None,NA,NA,12:05:00,10,5,1964,10,05,5,7,1965,05,07
9405,25556,Vegetation/Soil Manipulation,Soil Disturbance,Soil Disturbance: Chaining,16315,401534,96177,2,1964-07-18,1965-10-16,7/18/1964,10/16/1965,actual,actual,455,Implemented,NA,2,NA,0,0,NA,NA,NA,NA,NA,NA,NA,NA,NA,"This project was chained with a ship anchor chain, aerial\r\nseeded with 10# crested wheat grass per acre, then back chained. The Utah State\r\nFish & Game furnished four-winged salt brush, bitterbrush, black sagebrush and grey\r\nrabbit brush costing $2500. The Vernal Rod & Gun Club and the local Boy Scouts hand\r\nplanted this seed at the rate of one pound per acre.",NA,Polygon,Confirmed,Digitized by LTDL data entry personnel using a confirmed map,3/17/2013,1763.583113,1701.299171,NA,NA,None,Eradicate a low forage producing stand of vegetation (pinyon - juniper) and replace it with introduced species that will produce more abundant forage.,None,NA,None,NA,NA,43:07:00,7,18,1964,07,18,10,16,1965,10,16
9405,25557,Seeding,Aerial Seeding,Aerial Seeding,16316,401535,96177,2,1964-07-18,1965-10-16,7/18/1964,10/16/1965,actual,actual,455,Implemented,None,2,None,NA,-1,Confirmed seed list,NA,NA,Confirmed on Paper,NA,NA,NA,NA,NA,"This project was chained with a ship anchor chain, aerial\r\nseeded with 10# crested wheat grass per acre, then back chained. The Utah State\r\nFish & Game furnished four-winged salt brush, bitterbrush, black sagebrush and grey\r\nrabbit brush costing $2500. The Vernal Rod & Gun Club and the local Boy Scouts hand\r\nplanted this seed at the rate of one pound per acre.",NA,Polygon,Confirmed,Digitized by LTDL data entry personnel using a confirmed map,3/17/2013,1763.583113,1701.299171,NA,NA,None,Eradicate a low forage producing stand of vegetation (pinyon - juniper) and replace it with introduced speecies that will produce more abundant forage.,None,NA,None,NA,NA,31:11:00,7,18,1964,07,18,10,16,1965,10,16
9458,25721,Seeding,Drill Seeding,Ground Seeding: Drill,16410,401536,96178,2,1965-07-30,1966-01-11,7/30/1965,1/11/1966,actual,actual,165,Implemented,None,2,Acres,320,-1,Confirmed seed list,NA,NA,Confirmed on Paper,NA,NA,NA,NA,NA,"A D-4 tractor pulling a disk plow, plowed the area, it was drilled with 6# crested wheat grass per acre.",NA,Polygon,Confirmed,Digitized by LTDL data entry personnel using a confirmed map,4/4/2013,299.6672094,299.5878628,NA,NA,None,NA,None,NA,None,NA,NA,48:58:00,7,30,1965,07,30,1,11,1966,01,11
9458,25722,Vegetation/Soil Manipulation,Soil Disturbance,Soil Disturbance: Plowing,16411,401537,96178,2,1965-07-30,1966-01-11,7/30/1965,1/11/1966,actual,actual,165,Implemented,None,2,Acres,320,0,NA,NA,NA,NA,NA,NA,NA,NA,NA,"A D-4 tractor pulling a disk plow, plowed the area, it was drilled with 6# crested wheat grass per acre.",NA,Polygon,Confirmed,Digitized by LTDL data entry personnel using a confirmed map,4/4/2013,299.6672094,299.5878628,NA,NA,None,NA,None,NA,None,NA,NA,49:10:00,7,30,1965,07,30,1,11,1966,01,11
11503,31189,Vegetation/Soil Manipulation,Soil Disturbance,Soil Disturbance: Chaining,20025,401888,96180,2,1964-10-07,1966-04-01,10/7/1964,4/1/1966,actual,actual,541,Implemented,None,2,None,NA,0,NA,NA,NA,NA,NA,NA,NA,NA,NA,This project was to create new forage habitat for deer winter\r\nuse--Pinyon-juniper trees with little understory was the dominate vegetation. The\r\ntrees were chained with ship anchor chain.,NA,Polygon,Confirmed,Digitized by LTDL data entry personnel using a confirmed map,3/19/2013,4327.473016,3764.777578,NA,NA,None,to create new forage habitat for deer winter use,None,NA,None,NA,NA,22:10:00,10,7,1964,10,07,4,1,1966,04,01
11503,31190,Seeding,Seeding,Seeding,20026,401889,96180,2,1964-10-07,1966-04-01,10/7/1964,4/1/1966,actual,actual,541,Implemented,None,2,None,NA,-1,Planned seed list,NA,NA,Plan,NA,NA,NA,NA,NA,"The trees were chained with ship anchor chain, then aerial seeded at the rate of l4.5 lbs.\r\nper acre with wheat grasses, wild rye, brome grass, blue grass, alfalfa, 4-winged\r\nsaltbrush, rubber rabbit brush, bitterbrush and sagebrush. The area was then backchained\r\nwith the same anchor chain , the browse hand seeded. One-half of the project\r\ncompleted in FY 1965, the remainder in FY 1966.",NA,Polygon,Confirmed,Digitized by LTDL data entry personnel using a confirmed map,3/19/2013,4327.473016,3764.777578,NA,NA,None,to create new forage habitat for deer winter use,None,NA,None,NA,NA,22:10:00,10,7,1964,10,07,4,1,1966,04,01
5354,14824,Vegetation/Soil Manipulation,Soil Disturbance,Soil Disturbance: Plowing,9315,349918,96609,2,1953-05-14,1953-11-06,5/14/1953,11/6/1953,actual,actual,176,Implemented,None,1,Acres,1492,0,NA,NA,NA,NA,NA,NA,NA,Brush removal,NA,Seedbed prepared by wheatland plows with some double plowing.,NA,Polygon,Confirmed,"Digitized by BLM field office personnel, method unknown",NA,1699.473039,1697.182156,NA,Contractor,None,Brush removal,None,NA,None,NA,NA,32:53:00,5,14,1953,05,14,11,6,1953,11,06
5354,14823,Seeding,Ground Seeding,Ground Seeding: Broadcast,9316,349919,96609,2,1953-05-14,1953-11-06,5/14/1953,11/6/1953,actual,actual,176,Implemented,None,1,Acres,1492,-1,Confirmed seed list,seed mix,Seeds,Confirmed on Paper,Unknown,Unknown,"The seed mix did not indicate whether bulk or PLS rates were used, therefore, unknown has been listed and all seed mix information has been entered into the Bulk category.","A Halogeton control project by artificial range reseeding to control the spread of halogeton, stabilize the soil against wind erosion, and increase forage production.",NA,Broadcast with fertilizer spreaders and drag harrowed.,NA,Polygon,Confirmed,"Digitized by BLM field office personnel, method unknown",NA,1699.473039,1697.182156,NA,Contractor,"Erosion, Noxious Weeds, Provide forage for livestock","A Halogeton control project by artificial range reseeding to control the spread of halogeton, stabilize the soil against wind erosion, and increase forage production.",None,NA,None,Small amount of moisture at time of seeding with light snowfall immediately following completion.,NA,32:44:00,5,14,1953,05,14,11,6,1953,11,06
10409,28209,Vegetation/Soil Manipulation,Vegetation Disturbance,Vegetation Disturbance: Mowing,18102,350908,96754,2,2009-06-15,2010-06-15,00/00/2009,00/00/2010,estimated month and day,estimated month and day,365,Implemented,None,1,Acres,1336,0,NA,NA,NA,NA,NA,NA,NA,"The short-term objective for the project area would be to reduce the shrub canopy to\r\nless than 20 percent. The mid-term objective would be to increase the percent canopy cover of\r\ndesired grasses and forbs, to at least twice that of the control plot percentages within five years of\r\ntreatment. The long-term, landscape-scale objective would be to maintain a sagebrush, grass and\r\nforb community so that there are ample amounts of all the sagebrush cover classes in a mosaic\r\nacross the landscape as identified for sage grouse and other sagebrush obligates (Connelly et al.\r\n2000).","The proposed action is to rotomow 40 percent (\xb1 10 percent) of the identified 1,336 acres of\r\ncrested wheatgrass seeding with moderately dense (23 percent cover) Wyoming sagebrush\r\n(Artemisia tridentata ssp. wyomingensis) habitat that is considered to be in poor health and in a\r\nless than desirable ecological condition (Figure 2). The shrub canopy will be mowed by the\r\nabove stated percent leaving untouched shrub patches or strips that will act as sources for\r\nsagebrush seed dispersion while maintaining sufficient habitat for wildlife species. Mow height\r\nwill be preset at eight inches prior to project initiation. The preset mow height will allow for\r\nmany sagebrush seedlings present in the project area to be unaffected by the proposed\r\nimplementation. All hydrologic features identified will be buffered by at least 50 feet and\r\navoided so as to reduce any increased sediment loading and/or bank erosion.",NA,NA,Polygon,Confirmed,"Digitized by BLM field office personnel, method unknown",NA,963.5310618,962.4302454,NA,NA,"Fire hazard, Habitat for sage grouse, Provide cover for wildlife, Provide forage for wildlife, Rangeland health","The purpose of the proposed action is to restore sagebrush-steppe habitat in the lowlands of the\r\nSheep Mountain and Alder Creek allotments in Custer County (Figure 1) to a suitable condition\r\nas sage grouse breeding habitat. The proposed action is needed to improve a native plant\r\ncommunity and provide a diversity of plant species and structure needed to meet BLM&$s public\r\nland management obligations and mandates. These mandates include restoring rangeland health,\r\nimplementing BLM&$s National Sage-Grouse Habitat Conservation Strategy, the Upper Snake\r\nSage Grouse Local Working Group Plan, the National Fire Plan, and meeting resource objectives\r\nstated in the Big Lost Management Framework Plan (BLMFP) (December 1983). The proposed\r\naction is needed in the Sheep Mountain project area in order to increase native plant and animal\r\ndiversity and reduce the potential for large wildfires that could threaten surrounding private\r\nproperty.",None,NA,None,NA,NA,04:10:00,00,00,2009,06,15,00,00,2010,06,15
10409,28210,Seeding,Drill Seeding,Ground Seeding: Drill,18103,350909,96754,2,2009-06-15,2010-06-15,00/00/2009,00/00/2010,estimated month and day,estimated month and day,365,Implemented,None,1,Acres,1336,-1,Planned seed list,NA,Seeds,Plan,Unknown,Species Specific,NA,"The short-term objective for the project area would be to reduce the shrub canopy to\r\nless than 20 percent. The mid-term objective would be to increase the percent canopy cover of\r\ndesired grasses and forbs, to at least twice that of the control plot percentages within five years of\r\ntreatment. The long-term, landscape-scale objective would be to maintain a sagebrush, grass and\r\nforb community so that there are ample amounts of all the sagebrush cover classes in a mosaic\r\nacross the landscape as identified for sage grouse and other sagebrush obligates (Connelly et al.\r\n2000).",The treated areas\r\nwould then be drill-seeded with a mix of native grasses and forbs at a rate of 8.5 lbs./ac. during\r\nthe fall/winter one year following the initial rotomow treatment. A starch based water retention\r\ngranule will be added to the seed mix at a rate of 3 lbs./ac. to aid in germination and growth\r\nthrough the first growing season.,NA,NA,Polygon,Confirmed,"Digitized by BLM field office personnel, method unknown",NA,963.5310618,962.4302454,NA,NA,"Fire hazard, Habitat for sage grouse, Provide cover for wildlife, Provide forage for wildlife, Rangeland health","The purpose of the proposed action is to restore sagebrush-steppe habitat in the lowlands of the\r\nSheep Mountain and Alder Creek allotments in Custer County (Figure 1) to a suitable condition\r\nas sage grouse breeding habitat. The proposed action is needed to improve a native plant\r\ncommunity and provide a diversity of plant species and structure needed to meet BLM&$s public\r\nland management obligations and mandates. These mandates include restoring rangeland health,\r\nimplementing BLM&$s National Sage-Grouse Habitat Conservation Strategy, the Upper Snake\r\nSage Grouse Local Working Group Plan, the National Fire Plan, and meeting resource objectives\r\nstated in the Big Lost Management Framework Plan (BLMFP) (December 1983). The proposed\r\naction is needed in the Sheep Mountain project area in order to increase native plant and animal\r\ndiversity and reduce the potential for large wildfires that could threaten surrounding private\r\nproperty.",None,NA,None,NA,NA,53:12:00,00,00,2009,06,15,00,00,2010,06,15
11563,31361,Seeding,Drill Seeding,Ground Seeding: Drill,20134,351070,96758,2,1962-10-12,1962-11-17,10/12/1962,11/17/1962,actual,actual,36,Implemented,Successful,2,Acres,2200,-1,Confirmed seed list,Tex Creek,Seeds,Confirmed on Paper,Unknown,Overall,"There was only a general rate listed for all species combined indicated here, specific rates for each species were not possible.",Improve depleted range by brush control to be followed by reseeding where native grasses are too sparse to satisfactorily restore the range.,"...2,200 acres of sprayed area with poorest stand of native grasses is to be seeded to desert and Siberian wheatgrass .",NA,"The success of the seeding on this area appears good, however, the brush control appears to have been a failure.  Grazing capacity has increased noticeably already with the consequence of reduced erosion and less grazing pressure on areas not now producing to capacity. The 1960 Survey shows this area as producing 21.7 A/AUM, the present estimated carrying capacity is 5 A/AUM.",Polygon,Confirmed,Digitized by LTDL data entry personnel using a confirmed map,7/25/2014,2118.705918,2050.838129,NA,BLM,Rangeland health,NA,Unknown,NA,Unknown,NA,NA,28:08:00,10,12,1962,10,12,11,17,1962,11,17
11563,31362,Herbicide/Weeds/Chemical,Herbicide,Herbicide Application,20135,351071,96758,2,1962-10-12,1962-11-17,10/12/1962,11/17/1962,actual,actual,36,Implemented,Not Successful,2,Acres,6000,0,NA,NA,NA,NA,NA,NA,NA,Improve depleted range by brush control to be followed by reseeding where native grasses are too sparse to satisfactorily restore the range.,Six thousand acres were chemically sprayed to increase vegetative growth on Federal range;\u2026,NA,"The success of the seeding on this area appears good, however, the brush control appears to have been a failure.  Grazing capacity has increased noticeably already with the consequence of reduced erosion and less grazing pressure on areas not now producing to capacity. The 1960 Survey shows this area as producing 21.7 A/AUM, the present estimated carrying capacity is 5 A/AUM.",Polygon,Confirmed,"Digitized by BLM field office personnel, method unknown",7/25/2014,6699.681112,6363.508297,NA,Contractor,Rangeland health,NA,Unknown,NA,Unknown,NA,NA,06:24:00,10,12,1962,10,12,11,17,1962,11,17
12435,33533,Seeding,Drill Seeding,Ground Seeding: Drill,21584,351174,96762,2,1956-07-26,1956-10-11,7/26/1956,10/11/1956,actual,actual,77,Implemented,None,2,Acres,1530,-1,Confirmed seed list,NA,Seeds,Confirmed on Paper,Unknown,Species Specific,"The seed mix did not indicate whether bulk or PLS rates were used, therefore, unknown has been listed and all seed mix information has been entered into the Bulk category.",NA,Used grain drills covered by chain drag behind each disc,"1530 acres of Federal range plowed and reseeded to crested wheatgrass. This will provide a cover of desirable vegetation which in turn will reduce erosion, increase water retention and increase the carrying capacity from 22 acres per AUM to 3 to 5 acres per AUM.",NA,Polygon,Confirmed,Digitized by LTDL data entry personnel using a confirmed map,3/15/2012,1713.491849,1709.316615,NA,NA,None,NA,None,NA,None,Dry at the time of reseeding. There have been several good rain storms since reseeding was completed.,NA,49:33:00,7,26,1956,07,26,10,11,1956,10,11
12435,33532,Vegetation/Soil Manipulation,Soil Disturbance,Soil Disturbance: Plowing,21586,351175,96762,2,1956-07-26,1956-10-11,7/26/1956,10/11/1956,actual,actual,77,Implemented,None,2,Acres,1080,0,NA,NA,NA,NA,NA,NA,NA,Warm Springs Plowing #3:\r\nRemove species and prepare seedbed.,NA,Plowing of 1080 acres of Federal range to remove sagebrush and other undesirable species preparatory to reseeding crested wheatgrass.,NA,Polygon,Confirmed,Digitized by LTDL data entry personnel using a confirmed map,3/15/2012,1313.532101,1309.406182,NA,NA,"Erosion, Provide forage for livestock, Rangeland health, Overgrazing","Provide a cover of desirable vegetation which in turn will reduce erosion, increase water retention and increase the carrying capacity from 22 acres per AUM to 3 to 5 acres per AUM",None,NA,None,NA,NA,59:47:00,7,26,1956,07,26,10,11,1956,10,11
7300,19960,Vegetation/Soil Manipulation,Soil Disturbance,Soil Disturbance: Plowing,12630,401278,96846,2,1959-09-21,1959-10-29,9/21/1959,10/29/1959,actual,actual,38,Implemented,None,2,Acres,509,0,NA,NA,NA,NA,NA,NA,NA,NA,NA,"509 acres of sagebrush grass land on both sides of highway #22, about 2 miles from Howe, Idaho have been plowed.",NA,Polygon,Confirmed,Digitized by LTDL data entry personnel using a confirmed map,3/19/2012,625.6220022,610.176325,NA,NA,Erosion,NA,None,NA,None,NA,NA,37:21:00,9,21,1959,09,21,10,29,1959,10,29
7300,19961,Seeding,Seeding,Seeding,12631,401279,96846,2,1959-09-21,1959-10-29,9/21/1959,10/29/1959,actual,actual,38,Implemented,None,2,Acres,509,-1,Confirmed seed list,NA,Seeds,Confirmed on Paper,Unknown,Unknown,"The seed mix did not indicate whether bulk or PLS rates were used, therefore, unknown has been listed and all seed mix information has been entered into the Bulk category.",NA,NA,"509 acres of sagebrush grass land on both sides of highway #22, about 2 miles from Howe, Idaho have been plowed and seeded to crested wheatgrass and is known as Mays Seeding.",NA,Polygon,Confirmed,Digitized by LTDL data entry personnel using a confirmed map,3/19/2012,625.6220022,610.176325,NA,NA,None,NA,None,NA,None,NA,NA,37:21:00,9,21,1959,09,21,10,29,1959,10,29
7505,20462,Vegetation/Soil Manipulation,Soil Disturbance,Soil Disturbance: Plowing,12951,401302,96851,2,1957-07-23,1957-11-04,7/23/1957,11/4/1957,actual,actual,104,Implemented,None,2,Acres,922,0,NA,NA,NA,NA,NA,NA,NA,Increase percolation of water into the ground and replace sagebrush with a higher type of forage. Halogeton was ground in the area during the plowing and this project will also aid in stopping the appearance of weeds.,NA,922 acres plowed,NA,Polygon,Confirmed,Digitized by LTDL data entry personnel using a confirmed map,3/16/2012,1071.974496,1049.464876,NA,NA,"Erosion, Provide forage for livestock, Noxious Weeds","Prevent erosion, aiding in absorption of water by the soil, retention in the soil and replace undesirable forage species with desirable vegetation.",None,NA,None,NA,NA,33:52:00,7,23,1957,07,23,11,4,1957,11,04
7505,20463,Seeding,Greenstrip,Greenstrip: Drill Seeding,12952,401303,96851,2,1957-07-23,1957-11-04,7/23/1957,11/4/1957,actual,actual,104,Implemented,None,2,Acres,922,-1,Confirmed seed list,Drill Mix,Seeds,Confirmed on Paper,Unknown,Species Specific,"The seed mix did not indicate whether bulk or PLS rates were used, therefore, unknown has been listed and all seed mix information has been entered into the Bulk category.",Increase percolation of water into the ground and replace sagebrush with a higher type of forage. Halogeton was ground in the area during the plowing and this project will also aid in stopping the appearance of weeds.,NA,922 acres plowed and drilled to crested wheatgrass at a approx. 5 lbs./acres.,NA,Polygon,Confirmed,Digitized by LTDL data entry personnel using a confirmed map,3/16/2012,1071.974496,1049.464876,NA,NA,"Erosion, Provide forage for livestock, Noxious Weeds","Prevent erosion, aiding in absorption of water by the soil, retention in the soil and replace undesirable forage species with desirable vegetation.",None,NA,None,NA,NA,33:58:00,7,23,1957,07,23,11,4,1957,11,04
1879,5173,Herbicide/Weeds/Chemical,Herbicide,Herbicide Application: Brush/Tree Control,3354,447147,96946,2,1965-04-12,1965-11-24,4/12/1965,11/24/1965,actual,actual,226,Implemented,None,1,Acres,1546,0,NA,NA,NA,NA,NA,NA,NA,NA,NA,"This project comprises the spraying of 1546 acres of sagebrush with water and 2,4-D (low volatile butyl ester) at a rate od 2 lb. acid equivalent per acre.",NA,Polygon,Confirmed,"Digitized by BLM field office personnel, method unknown",NA,1640.747029,1634.711964,NA,NA,None,NA,None,NA,None,NA,NA,00:21:00,4,12,1965,04,12,11,24,1965,11,24
1879,5174,Seeding,Drill Seeding,Ground Seeding: Drill,3355,447148,96946,2,1965-04-12,1965-11-24,4/12/1965,11/24/1965,actual,actual,226,Implemented,None,1,Acres,2007,-1,Confirmed seed list,NA,Seeds,Confirmed on Paper,Unknown,Unknown,"The seed mix did not indicate whether bulk or PLS rates were used, therefore, unknown has been listed and all seed mix information has been entered into the Bulk category.",NA,NA,This project comprises drilling 2007 acres to Crested and Siberian wheatgrass at a rate of 8 lb. per acre.,NA,Polygon,Confirmed,"Digitized by BLM field office personnel, method unknown",NA,2386.96139,2379.819451,NA,NA,None,NA,None,NA,None,NA,NA,58:38:00,4,12,1965,04,12,11,24,1965,11,24
10409,28209,Vegetation/Soil Manipulation,Vegetation Disturbance,Vegetation Disturbance: Mowing,18102,353758,97116,3,2009-06-15,2010-06-15,00/00/2009,00/00/2010,estimated month and day,estimated month and day,365,Implemented,None,1,Acres,1336,0,NA,NA,NA,NA,NA,NA,NA,"The short-term objective for the project area would be to reduce the shrub canopy to\r\nless than 20 percent. The mid-term objective would be to increase the percent canopy cover of\r\ndesired grasses and forbs, to at least twice that of the control plot percentages within five years of\r\ntreatment. The long-term, landscape-scale objective would be to maintain a sagebrush, grass and\r\nforb community so that there are ample amounts of all the sagebrush cover classes in a mosaic\r\nacross the landscape as identified for sage grouse and other sagebrush obligates (Connelly et al.\r\n2000).","The proposed action is to rotomow 40 percent (\xb1 10 percent) of the identified 1,336 acres of\r\ncrested wheatgrass seeding with moderately dense (23 percent cover) Wyoming sagebrush\r\n(Artemisia tridentata ssp. wyomingensis) habitat that is considered to be in poor health and in a\r\nless than desirable ecological condition (Figure 2). The shrub canopy will be mowed by the\r\nabove stated percent leaving untouched shrub patches or strips that will act as sources for\r\nsagebrush seed dispersion while maintaining sufficient habitat for wildlife species. Mow height\r\nwill be preset at eight inches prior to project initiation. The preset mow height will allow for\r\nmany sagebrush seedlings present in the project area to be unaffected by the proposed\r\nimplementation. All hydrologic features identified will be buffered by at least 50 feet and\r\navoided so as to reduce any increased sediment loading and/or bank erosion.",NA,NA,Polygon,Confirmed,"Digitized by BLM field office personnel, method unknown",NA,963.5310618,962.4302454,NA,NA,"Fire hazard, Habitat for sage grouse, Provide cover for wildlife, Provide forage for wildlife, Rangeland health","The purpose of the proposed action is to restore sagebrush-steppe habitat in the lowlands of the\r\nSheep Mountain and Alder Creek allotments in Custer County (Figure 1) to a suitable condition\r\nas sage grouse breeding habitat. The proposed action is needed to improve a native plant\r\ncommunity and provide a diversity of plant species and structure needed to meet BLM&$s public\r\nland management obligations and mandates. These mandates include restoring rangeland health,\r\nimplementing BLM&$s National Sage-Grouse Habitat Conservation Strategy, the Upper Snake\r\nSage Grouse Local Working Group Plan, the National Fire Plan, and meeting resource objectives\r\nstated in the Big Lost Management Framework Plan (BLMFP) (December 1983). The proposed\r\naction is needed in the Sheep Mountain project area in order to increase native plant and animal\r\ndiversity and reduce the potential for large wildfires that could threaten surrounding private\r\nproperty.",None,NA,None,NA,NA,04:10:00,00,00,2009,06,15,00,00,2010,06,15
10409,28210,Seeding,Drill Seeding,Ground Seeding: Drill,18103,353759,97116,3,2009-06-15,2010-06-15,00/00/2009,00/00/2010,estimated month and day,estimated month and day,365,Implemented,None,1,Acres,1336,-1,Planned seed list,NA,Seeds,Plan,Unknown,Species Specific,NA,"The short-term objective for the project area would be to reduce the shrub canopy to\r\nless than 20 percent. The mid-term objective would be to increase the percent canopy cover of\r\ndesired grasses and forbs, to at least twice that of the control plot percentages within five years of\r\ntreatment. The long-term, landscape-scale objective would be to maintain a sagebrush, grass and\r\nforb community so that there are ample amounts of all the sagebrush cover classes in a mosaic\r\nacross the landscape as identified for sage grouse and other sagebrush obligates (Connelly et al.\r\n2000).",The treated areas\r\nwould then be drill-seeded with a mix of native grasses and forbs at a rate of 8.5 lbs./ac. during\r\nthe fall/winter one year following the initial rotomow treatment. A starch based water retention\r\ngranule will be added to the seed mix at a rate of 3 lbs./ac. to aid in germination and growth\r\nthrough the first growing season.,NA,NA,Polygon,Confirmed,"Digitized by BLM field office personnel, method unknown",NA,963.5310618,962.4302454,NA,NA,"Fire hazard, Habitat for sage grouse, Provide cover for wildlife, Provide forage for wildlife, Rangeland health","The purpose of the proposed action is to restore sagebrush-steppe habitat in the lowlands of the\r\nSheep Mountain and Alder Creek allotments in Custer County (Figure 1) to a suitable condition\r\nas sage grouse breeding habitat. The proposed action is needed to improve a native plant\r\ncommunity and provide a diversity of plant species and structure needed to meet BLM&$s public\r\nland management obligations and mandates. These mandates include restoring rangeland health,\r\nimplementing BLM&$s National Sage-Grouse Habitat Conservation Strategy, the Upper Snake\r\nSage Grouse Local Working Group Plan, the National Fire Plan, and meeting resource objectives\r\nstated in the Big Lost Management Framework Plan (BLMFP) (December 1983). The proposed\r\naction is needed in the Sheep Mountain project area in order to increase native plant and animal\r\ndiversity and reduce the potential for large wildfires that could threaten surrounding private\r\nproperty.",None,NA,None,NA,NA,53:12:00,00,00,2009,06,15,00,00,2010,06,15
12121,32789,Herbicide/Weeds/Chemical,Herbicide,Noxious Weeds: Weed Control - Herbicide Application,21091,403160,97290,3,2005-06-15,2005-06-15,00/00/2005,00/00/2005,estimated month and day,estimated month and day,0,Implemented,None,1,Acres,2000,0,NA,NA,NA,NA,NA,NA,NA,"Increase native grass and sagebrush species, while decreasing the threat of large fire spread within #2 Well Unit 1 project area and surrounding allotments.",The 2000 acres proposed treatment will consist of removing the monoculture of cheatgrass with Roundup and drill seeding a native seed mixture.,"In the summer of 2005, a vegetation study was conducted as part of the #2 Well Unit project to provide post treatment information on the density of cheatgrass and perennial grasses.",NA,Polygon,Confirmed,"Digitized by BLM field office personnel, method unknown",NA,2080.391124,2061.812094,NA,NA,"Fire hazard, Invasion by Cheatgrass",NA,None,NA,None,NA,NA,58:11:00,00,00,2005,06,15,00,00,2005,06,15
12121,32790,Seeding,Drill Seeding,Ground Seeding: Drill,21092,403161,97290,3,2005-06-15,2005-06-15,00/00/2005,00/00/2005,estimated month and day,estimated month and day,0,Implemented,None,1,Acres,NA,-1,Unknown seed list,NA,Seeds,Unknown Seed List Origin,Unknown,Unknown,"The seed mix did not indicate whether bulk or PLS rates were used, therefore, unknown has been listed and all seed mix information has been entered into the Bulk category.","Increase native grass and sagebrush species, while decreasing the threat of large fire spread within #2 Well Unit 1 project area and surrounding allotments.",The 2000 acres proposed treatment will consist of removing the monoculture of cheatgrass with Roundup and drill seeding a native seed mixture.,"In the summer of 2005, a vegetation study was conducted as part of the #2 Well Unit project to provide post treatment information on the density of cheatgrass and perennial grasses.",NA,Polygon,Confirmed,"Digitized by BLM field office personnel, method unknown",NA,2080.391124,2061.812094,NA,NA,"Fire hazard, Invasion by Cheatgrass",NA,None,NA,None,NA,NA,58:17:00,00,00,2005,06,15,00,00,2005,06,15
374,1001,Vegetation/Soil Manipulation,Vegetation Disturbance,Tree/Brush Control: Mechanical,666,400522,98234,2,2006-06-15,2012-06-15,00/00/2006,00/00/2012,estimated month and day,estimated month and day,2192,Implemented,NA,1,Acres,2763.6,0,NA,NA,NA,NA,NA,NA,NA,"1) Increase age/height class diversity of aspen 10 years post-treatment.\r\n2) Obtain a sucker density of 20,000 stems per acre 2-3 years post treatment.  Density (# stems/acre) should die off steadily after three years.\r\n3)Obtain a sucker density of 1000 stems/acre > 10 feet in height 10 years post\r\ntreatment.\r\n4)Obtain total ground cover of 95% in 5 years post treatment.\r\n5)Increase herbaceous production by 100% in 5 years post treatment.\r\n6)Have no net loss of species diversity in 5 years post treatment.\r\n7)Target kill 100% of conifers in mixed stands.\r\n8)No net gain of roads in the project area resulting from project implementation.\r\n9)Improve habitat for elk, deer, and other wildlife species associated with aspen.",A five-step process will be used starting with:\r\n1)inventory; \r\n2) evaluation of treatment needed to achieve goal; \r\n3) implementation of treatment; \r\n4)monitoring of regeneration progress; and \r\n5) protection of young aspen as needed.,NA,NA,Polygon,Confirmed,"Digitized by BLM field office personnel, method unknown",7/10/2014,2765.706547,2651.34468,NA,BLM and Cooperators,Aspen regeneration,"Conifer trees use more water through transpiration than aspen and have sparse undergrowth with relatively few species (Bartos and Campbell 1998). Bartos and Campbell (1998) suggest this displacement could cause the annual forfeiture of 375,000 acre feet of water that would have been available for steam flow and annual loss of 750,000 tons of biomass production in the mountains of Utah. For every 1,000 acres of aspen dominated land that is converted to mixed conifer, some 250 to 500 acre feet of water is transpired into the atmosphere and not available for stream flow. Subsequently, an estimated 500 to 1,000 tons of biomass is not produced (Bartos and Campbell 1998).",None,NA,None,NA,NA,20:10:00,00,00,2006,06,15,00,00,2012,06,15
375,1002,Vegetation/Soil Manipulation,Slash Treatment,Slash Treatment: Slash scattering,667,400523,98234,2,2007-06-15,2012-06-15,00/00/2007,00/00/2012,estimated month and day,estimated month and day,1827,Implemented,NA,1,Acres,870,0,NA,NA,NA,NA,NA,NA,NA,"The objective of this project is to stimulate regeneration of aspen plant communities within the Maki Creek and Red Canyon areas described above. Increasing aspen stand vigor by reducing conifer dominance could improve habitat interspersion, ecological function, and improve habitat for aspen-dependent species.","The proposed action is to remove conifers from aspen stands through the use of chainsaws and motorized logging equipment in order to increase aspen stand vigor by reducing conifer encroachment in isolated, decadent, and mature to late seral aspen stands within the Maki Creek and Red Canyon areas. All merchantable material would be removed from the site, while the\r\nremaining slash would be scattered throughout the site at a depth of approximately 12 inches.  This would provide a fuel bed that would allow the area to be treated via broadcast burn when conditions allow. A prescribed burn would be a separate action and would have separate NEPA analysis and a burn plan prepared for it.",NA,NA,Polygon,Confirmed,"Digitized by BLM field office personnel, method unknown",7/10/2014,1333.32849,1286.250364,NA,BLM,Aspen regeneration,"The objective of this project is to stimulate regeneration of aspen plant communities within the Maki Creek and Red Canyon areas described above. Increasing aspen stand vigor by reducing conifer dominance could improve habitat interspersion, ecological function, and improve habitat for aspen-dependent species.",Unknown,NA,Unknown,NA,NA,48:19:00,00,00,2007,06,15,00,00,2012,06,15
3566,9993,Seeding,Drill Seeding,Ground Seeding: Drill,6186,400942,98670,2,2007-09-27,2007-11-02,9/27/2007,11/2/2007,actual,actual,36,Implemented,None,1,Acres,150,-1,Confirmed seed list,NA,Seeds,Confirmed on Paper,Unknown,Species Specific,NA,"The proposed action attempts to improve ecosystem function, diversity, and stability; wildlife habitat; water quality;\r\nand the overall quality of the human environment by implementing treatments designed to improve the ability of\r\nspecific range sites to capture and process precipitation in order to encourage undesirable persistent ecological states\r\nto progress towards more desirable ecological states.",Most of the area that is mechanically treated in Phase I will be drill seeded after the mechanical treatment (see Table\r\n4 for a list of the plant species that can be used ). Some treated areas may be broadcast seeded. Seeding may not be\r\ndone on some of the areas that are mechanically treated if there are enough cool season bunchgrasses in the\r\npretreatment plant community. Several studies have shown significant release or cool season bunchgrass species\r\nwhen blue grama sites were pitted and/or ripped without being seeded.,NA,NA,Polygon,Confirmed,"Digitized by BLM field office personnel, method unknown",NA,153.3818832,153.3820207,NA,Contractor,"Habitat for mule deer, Habitat for sage grouse","The proposed action attempts to improve ecosystem function, diversity, and stability&* wildlife habitat&* water quality&*\r\nand the overall quality of the human environment by implementing treatments designed to improve the ability of\r\nspecific range sites to capture and process precipitation in order to encourage undesirable persistent ecological states\r\nto progress towards more desirable ecological states.",None,NA,None,NA,NA,56:34:00,9,27,2007,09,27,11,2,2007,11,02
3566,9994,Vegetation/Soil Manipulation,Soil Disturbance,Soil Disturbance: Ripping,6187,400943,98670,2,2007-09-25,2007-11-02,9/25/2007,11/2/2007,actual,actual,38,Implemented,None,2,Acres,150,0,NA,NA,NA,NA,NA,NA,NA,"The proposed action attempts to improve ecosystem function, diversity, and stability; wildlife habitat; water quality;\r\nand the overall quality of the human environment by implementing treatments designed to improve the ability of\r\nspecific range sites to capture and process precipitation in order to encourage undesirable persistent ecological states\r\nto progress towards more desirable ecological states.","Mechanical methods that disturb the surface the least i.e. pitting/Lawson Aerator, and/or chiseling, would be used because of the present drought. Pining/aerator and/or chiseled furrows are not as dependent upon receiving a certain amount and duration of moisture to function properly. These treatments would create physical features that would be in place and be ready to function no matter how much precipitation the area receives and leaves quite a bit of the existing ground cover intact. as a result of Phase l. One or two pass disk plowing and/or contour furrowing would probably result in too much surface disturbance considering the present drought. Other treatments that require a certain amount, proper timing, and duration of precipitation for success such as disking and/or rototilling would also be too risky at this time considering the\r\ndrought and the uncertainty of its duration.",NA,NA,Polygon,Confirmed,"Digitized by BLM field office personnel, method unknown",NA,153.3818832,153.3820207,NA,Contractor,"Habitat for mule deer, Habitat for sage grouse","The proposed action attempts to improve ecosystem function, diversity, and stability&* wildlife habitat&* water quality&*\r\nand the overall quality of the human environment by implementing treatments designed to improve the ability of\r\nspecific range sites to capture and process precipitation in order to encourage undesirable persistent ecological states\r\nto progress towards more desirable ecological states.",None,NA,None,NA,NA,04:24:00,9,25,2007,09,25,11,2,2007,11,02
5455,15112,Vegetation/Soil Manipulation,Soil Disturbance,Soil Disturbance: Plowing,9488,401130,99212,2,1959-06-03,1959-09-16,6/3/1959,9/16/1959,actual,actual,105,Implemented,Unknown,2,Acres,500,0,NA,NA,NA,NA,NA,NA,NA,NA,NA,500 acres plowed with brushland plow pulled by a D-6 caterpillar,NA,Polygon,Confirmed,Digitized by LTDL data entry personnel using a confirmed map,6/29/2016,479.644242,479.6445777,NA,Unknown,"Brush control, Establishment of seeded species, Sagebrush","Remove sagebrush, establish seeded species",None,NA,None,NA,See Completion report for cost information,43:57:00,6,3,1959,06,03,9,16,1959,09,16
5455,15113,Seeding,Drill Seeding,Ground Seeding: Drill,9489,401131,99212,2,1959-06-03,1959-09-16,6/3/1959,9/16/1959,actual,actual,105,Implemented,Unknown,2,Acres,500,-1,Confirmed seed list,Honholz Seeding 2,Seeds,Confirmed on Paper,Unknown,Species Specific,NA,NA,NA,Drilled with rangeland drills at a depth of 1 inch. 8 pounds of Crested wheatgrass seed per acre were planted.,NA,Polygon,Confirmed,Digitized by LTDL data entry personnel using a confirmed map,6/29/2016,479.644242,479.6445777,NA,Unknown,"Brush control, Establishment of seeded species, Sagebrush","Remove sagebrush, establish seeded species",None,NA,None,NA,See Completion report for cost information,50:12:00,6,3,1959,06,03,9,16,1959,09,16
6957,19129,Vegetation/Soil Manipulation,Soil Disturbance,Soil Disturbance: Contour Furrowing,12096,401226,99219,2,1965-10-15,1966-05-25,10/15/1965,5/25/1966,actual,actual,222,Implemented,None,2,Acres,800,0,NA,NA,NA,NA,NA,NA,NA,Contour furrowing and seeding of Federal land for the purpose of retarding runoff and also increasing the forage production.,Contour furrowing 800 acres to control runoff and erosion.  Furrows will be 5 feet apart and from 6 to 8 inches deep.,"Work was conducted from Nov 1, 1965 thru Nov 30, 1965.  The winder shut down lasted until May 1, 1966 and completed on May 25, 1966.",NA,Polygon,Confirmed,Digitized by LTDL data entry personnel using a confirmed map,7/15/2014,698.8458804,698.5060142,NA,Contractor,"Erosion, Forage quality, Forage for livestock, Watershed degradation",Contour furrowing and seeding of Federal land for the purpose of retarding runoff and also increasing the forage production.,None,NA,None,NA,"Confirmed cost for entire project, not broken down per treatment or seed costs.",38:57:00,10,15,1965,10,15,5,25,1966,05,25
6957,19130,Seeding,Ground Seeding,Ground Seeding: Broadcast,12097,401227,99219,2,1965-10-15,1966-05-25,10/15/1965,5/25/1966,actual,actual,222,Implemented,None,2,Acres,800,-1,Confirmed seed list,Seed List,Seeds,Confirmed on Paper,Unknown,Species Specific,NA,Contour furrowing and seeding of Federal land for the purpose of retarding runoff and also increasing the forage production.,Crested wheatgrass and western wheatgrass will be broadcast behind contour furrowing machine.,"Work was conducted from Nov 1, 1965 thru Nov 30, 1965.  The winder shut down lasted until May 1, 1966 and completed on May 25, 1966.",NA,Polygon,Confirmed,Digitized by LTDL data entry personnel using a confirmed map,7/15/2014,698.8458804,698.5060142,NA,Contractor,"Erosion, Forage quality, Forage for livestock, Watershed degradation",Contour furrowing and seeding of Federal land for the purpose of retarding runoff and also increasing the forage production.,None,NA,None,NA,"Confirmed cost for entire project, not broken down per treatment or seed costs.",38:48:00,10,15,1965,10,15,5,25,1966,05,25
7289,19937,Vegetation/Soil Manipulation,Soil Disturbance,Soil Disturbance: Discing,12614,401276,99226,2,1944-10-18,1944-12-02,10/18/1944,12/2/1944,actual,actual,45,Implemented,None,2,Acres,500,0,NA,NA,NA,NA,NA,NA,NA,Range revegetation,NA,"Disking and reseeding at approximately 5 lbs. per acre heavy stands of sage brush, using Wheatland discs and caterpillar with seeder attachment to revegetate deleted areas with more desirable species of forage plants to increase carrying capacity and reduce erosion.",NA,Polygon,Confirmed,Digitized by LTDL data entry personnel using a confirmed map,4/27/2016,568.996139,568.5026678,NA,NA,"Brush control, Erosion, Carrying capacity, Forage quality",To revegetate deleted areas with more desirable species of forage plants to increase carrying capacity and reduce erosion.,None,NA,None,NA,Cost is for total project.,15:33:00,10,18,1944,10,18,12,2,1944,12,02
7289,19938,Seeding,Drill Seeding,Ground Seeding: Drill,12615,401277,99226,2,1944-10-18,1944-12-02,10/18/1944,12/2/1944,actual,actual,45,Implemented,None,2,Acres,500,-1,Planned seed list,Seed list,Seeds,Plan,Unknown,Species Specific,NA,Range revegetation,NA,"Disking and reseeding at approximately 5 lbs. per acre heavy stands of sage brush, using Wheatland discs and caterpillar with seeder attachment to revegetate deleted areas with more desirable species of forage plants to increase carrying capacity and reduce erosion.","A job inspection report was completed in 1977.  ""Area that was disced is in many places void of any protective ground cover at all.  Part of the area is totally bare ground.  The part with sagebrush has large bare spaces between plants.",Polygon,Confirmed,Digitized by LTDL data entry personnel using a confirmed map,4/27/2016,568.996139,568.5026678,NA,NA,"Brush control, Erosion, Carrying capacity, Forage quality",To revegetate deleted areas with more desirable species of forage plants to increase carrying capacity and reduce erosion.,None,NA,None,NA,NA,15:48:00,10,18,1944,10,18,12,2,1944,12,02
8204,22479,Vegetation/Soil Manipulation,Soil Disturbance,Soil Disturbance: Plowing,14311,401366,99242,2,1952-07-01,1954-09-30,7/1/1952,9/30/1954,actual,actual,821,Implemented,Unknown,2,Acres,1421.35,0,NA,NA,NA,NA,NA,NA,NA,NA,NA,Plowed treatment area,NA,Polygon,Confirmed,Digitized by LTDL data entry personnel using a confirmed map,6/17/2016,1281.950448,966.7023299,NA,Unknown,"Brush control, Establishment of seeded species",NA,None,NA,None,NA,Equipment used not specified\r\nTreatment costs not specified\r\nSee Final Project Report,14:46:00,7,1,1952,07,01,9,30,1954,09,30
8204,22480,Seeding,Seeding,Seeding,14312,401367,99242,2,1952-07-01,1954-09-30,7/1/1952,9/30/1954,actual,actual,821,Implemented,Unknown,2,Acres,1421.35,-1,Confirmed seed list,North Park Reseeding,Seeds,Confirmed on Paper,Unknown,Unknown,"The seed mix did not indicate whether bulk or PLS rates were used, therefore, unknown has been listed and all seed mix information has been entered into the Bulk category. \r\n\r\nNo seed application rate, quantity or cost information given on final report.",NA,NA,Reseeded to crested wheatgrass to provide protection from runoff through additional cover,NA,Polygon,Confirmed,Digitized by LTDL data entry personnel using a confirmed map,6/17/2016,1281.950448,966.7023299,NA,Unknown,"Establishment of seeded species, Vegetal cover",To provide protection from runoff through additional cover,None,NA,None,NA,Equipment used not specified\r\nTreatment costs not specified\r\nSee Final Project Report,14:25:00,7,1,1952,07,01,9,30,1954,09,30
10453,28350,Vegetation/Soil Manipulation,Soil Disturbance,Soil Disturbance: Plowing,18195,401744,99319,2,1958-09-17,1959-06-10,9/17/1958,6/10/1959,actual,actual,266,Implemented,None,2,Acres,300,0,NA,NA,NA,NA,NA,NA,NA,Seedbed preparation,NA,Area was plowed with bushland plow,NA,Polygon,Confirmed,Digitized by LTDL data entry personnel using a confirmed map,5/4/2016,338.2591298,262.5886686,NA,BLM and Cooperators,"Brush control, Sagebrush, Seedbed preparation",Seed sagebrush land to intermediate wheatgrass,None,NA,None,NA,Cost is for complete project-not individual treatments,00:27:00,9,17,1958,09,17,6,10,1959,06,10
10453,28351,Seeding,Drill Seeding,Ground Seeding: Drill,18196,401745,99319,2,1958-09-17,1959-06-10,9/17/1958,6/10/1959,actual,actual,266,Implemented,None,2,Acres,300,-1,Confirmed seed list,Seed List,Seeds,Confirmed on Paper,Unknown,Species Specific,NA,NA,NA,300 acres sagebrush land seeded to intermediate wheatgrass.,NA,Polygon,Confirmed,Digitized by LTDL data entry personnel using a confirmed map,5/4/2016,338.2591298,262.5886686,NA,BLM and Cooperators,"Brush control, Sagebrush, Seedbed preparation",Seed sagebrush land to intermediate wheatgrass,None,NA,None,NA,Cost is for complete project-not individual treatments,00:57:00,9,17,1958,09,17,6,10,1959,06,10
13590,23100,Vegetation/Soil Manipulation,Vegetation Disturbance,Vegetation Disturbance: Mastication,23520,402080,99356,2,2005-09-01,2005-11-15,9/1/2005,11/15/2005,actual,actual,75,Implemented,Unknown,2,Acres,710,0,NA,NA,NA,NA,NA,NA,NA,To reduce live sagebrush canopy cover on 200 acre to 500 acre portions of these parcels to approximately 10-15%,"The project will be accomplished by the contractor pulling a Brush Beater (Mower), or similar equipment from different manufacturers (hereafter called only a Brush Beater) to mow the vegetation within the designated areas and at specific locations. The pattern and shape of treatment areas will be provided to the contractor at the project site during the pre-bid inspection and at project start up. Leave islands will be identified in the field with the selected contractor and edges of the treatment will be identified. A cookie cutter approach to the treatment is called for creating areas 5 to 10 acres in size that have been treated with the Brush Beater.","Used Lawson aerator. 1st phase sagebrush manipulation 2823 Spring Creek Past--start 9-1-2005, end 9-23-2005. Second treatment: includes Spring Creek and Middle Field pastures. Combination of brushbeating and Lawson Aerator--start 9-1-2005, end 11-15-2005.",NA,Polygon,Confirmed,"Digitized by BLM field office personnel, method unknown",NA,2529.911291,2504.346232,NA,Unknown,"Habitat for sage grouse, Forage for livestock, Habitat for elk",Reducing sagebrush would enhance brood rearing habitat for the Greater sage-grouse by increasing the grass and forb components in the treatment areas,None,NA,None,NA,NA,27:52:00,9,1,2005,09,01,11,15,2005,11,15
13590,23102,Vegetation/Soil Manipulation,Vegetation Disturbance,Vegetation Disturbance: Mowing,23522,402081,99356,2,2005-09-01,2005-11-15,9/1/2005,11/15/2005,actual,actual,75,Implemented,Unknown,2,Acres,510,0,NA,NA,NA,NA,NA,NA,NA,To reduce live sagebrush canopy cover on 200 acre to 500 acre portions of these parcels to approximately 10-15%,"The project will be accomplished by the contractor pulling a Brush Beater (Mower), or similar equipment from different manufacturers (hereafter called only a Brush Beater) to mow the vegetation within the designated areas and at specific locations. The pattern and shape of treatment areas will be provided to the contractor at the project site during the pre-bid inspection and at project start up. Leave islands will be identified in the field with the selected contractor and edges of the treatment will be identified. A cookie cutter approach to the treatment is called for creating areas 5 to 10 acres in size that have been treated with the Brush Beater.",Includes Spring Creek and Middle Field pastures. Combination of brushbeating and Lawson Aerator,NA,Polygon,Confirmed,"Digitized by BLM field office personnel, method unknown",NA,2529.911291,2504.346232,NA,Unknown,"Habitat for sage grouse, Forage for livestock, Habitat for elk","Reducing sagebrush would enhance brood rearing habitat for the Greater sage-grouse by increasing the grass and forb components in the treatment areas. Reduce the current hazardous fuel profile within a sagebrush community. Continuous fuels increase the intensity and size of wildfires and lead to severe impacts to natural resources. Catastrophic fires are expensive to bring under control and put property, health, and safety at risk. The suppression of wildfire and grazing has resulted in the increase in sagebrush, resulting in less available forage for both wildlife and cattle. The result is increased concentrations of game and livestock causing greater impacts to the natural environment.",None,NA,None,NA,NA,27:52:00,9,1,2005,09,01,11,15,2005,11,15
15237,39021,Vegetation/Soil Manipulation,Timber,Timber: Timber Harvest,25140,402232,99361,2,2004-09-01,2004-11-29,9/1/2004,11/29/2004,actual,actual,89,Implemented,See Comments,1,Acres,30.5,0,NA,NA,NA,NA,NA,NA,NA,Reduce conifer understory and overstory,"Remove all conifers marked by BLM with blue paint while minimizing physical damage to the residual overstory\r\nand minimizing soil compaction and disturbance. This activity requires the removal of 760 trees with an average\r\ndiameter at breast height of 13.3. All five cutting units require commercial timber removal.\r\n\r\nIn cutting units 6B and 6C, as shown on the project area map, all trees designated for cutting will be directionally\r\nfelled away from the steamside management zone and machine operation will not be permitted within the wet area.",Timber harvest/thinning,NA,Polygon,Confirmed,"Digitized by BLM field office personnel, method unknown",1/1/1900 0:00,30.42265431,29.56911609,NA,Contractor,"Hazardous fuels accumulation, Hazardous fuels reduction, Forest health, Wildland Urban Interface",Reduce hazardous fuel loading,NA,NA,NA,NA,NA,47:46:00,9,1,2004,09,01,11,29,2004,11,29
15237,39022,Vegetation/Soil Manipulation,Slash Treatment,Slash Treatment: Slash piling,25141,402233,99361,2,2004-09-01,2004-11-29,9/1/2004,11/29/2004,actual,actual,89,Implemented,Unknown,1,Piles,123,0,NA,NA,NA,NA,NA,NA,NA,Slash disposal,"Machine piles shall be reasonably compact and free of soil to facilitate burning. Piles will be at\r\nleast 10 feet in height. Piles shall be of a size and location which will not impair road use or result in damage to\r\nresidual timber. Piles shall be located at least 50 feet from residual timber. Piles shall not be more than 10 feet\r\nlong. All objects which extend more than 4 feet in any direction from the windrow or pile profile will be cut off and\r\nreturned to the windrow or pile.\r\nHand Piling: All slash 9 inches diameter at breast height and less shall be piled. This includes any downed and dead material already on \r\nthe ground. All slash in deciduous stands shall be piled. This includes any downed and dead material already on\r\nthe ground. All piles shall be constructed by laying limbs, stems, cut boles, and other slash in the pile\r\ntriangular or domed in shape. Slash that causes large air spaces in piles shall be cut to eliminate air spaces. Each pile\r\nshall include an area of small sized slash (small branches less than 1/4 to 1/2 inch in diameter and/or small branches\r\nwith needles or leaves attached) to provide ""kindling"" for prompt ignition and to aid in combustion of larger slash.\r\nThese fuels shall be placed in the center of the pile. 1\r\nUnless approved by the COR, maximum pile size shall be 8 feet in diameter and 10 feet in height, and minimum pile\r\nsize shall be 5 feet in diameter by 7 feet in height.\r\nPiles shall not be closer than 10 feet to live trees or 25 feet to a unit boundary \r\nunless approved by the COR. Slash shall not be piled or placed on roads or trails,\r\nor drainage ditches, or... within channel bottoms or streams. Slash shall not be piled within 25 feet of the area directly\r\nunder a power line. Piles will not be covered.",Slash piling,NA,Polygon,Confirmed,"Digitized by BLM field office personnel, method unknown",1/1/1900 0:00,30.42265431,29.56911609,NA,Contractor,"Hazardous fuels accumulation, Hazardous fuels reduction, Forest health, Wildland Urban Interface",Reduce hazardous fuel loading,NA,NA,NA,NA,NA,47:46:00,9,1,2004,09,01,11,29,2004,11,29
15241,39030,Vegetation/Soil Manipulation,Timber,Timber: Timber Harvest,25146,402236,99362,2,2006-04-04,2007-10-26,4/4/2006,10/26/2007,actual,actual,570,Implemented,Unknown,1,Acres,180,0,NA,NA,NA,NA,NA,NA,NA,The primary objective of this project is to implement Wildland\r\nUrban Interface fuels reduction treatments and restore forest health conditions.,Reduce fuels mechanically [See Contract],Timber harvest [See Contract Diary],NA,Polygon,Confirmed,"Digitized by BLM field office personnel, method unknown",1/1/1900 0:00,184.6883497,174.649627,NA,Contractor,"Wildland Urban Interface, Hazardous fuels reduction, Hazardous fuels accumulation",Reduce hazardous fuel loading on BLM lands within designated Wildland-Urban Interface emphasis area.,NA,NA,NA,NA,NA,37:55:00,4,4,2006,04,04,10,26,2007,10,26
15241,39031,Vegetation/Soil Manipulation,Slash Treatment,Slash Treatment: Slash piling,25147,402237,99362,2,2006-04-04,2007-10-26,4/4/2006,10/26/2007,actual,actual,570,Implemented,NA,1,Acres,180,0,NA,NA,NA,NA,NA,NA,NA,Slash disposal,Slash piling,Slash piling,NA,Polygon,Confirmed,"Digitized by BLM field office personnel, method unknown",1/1/1900 0:00,184.6883497,174.649627,NA,Contractor,"Wildland Urban Interface, Hazardous fuels reduction, Hazardous fuels accumulation",Reduce hazardous fuel loading on BLM lands within designated Wildland-Urban Interface emphasis area.,NA,NA,NA,NA,NA,37:55:00,4,4,2006,04,04,10,26,2007,10,26
13594,23552,Seeding,Ground Seeding,Ground Seeding: Broadcast,23530,404776,99595,3,1946-05-10,1946-06-30,5/10/1946,6/30/1946,actual,actual,51,Implemented,Successful,2,Acres,170,-1,Confirmed seed list,Pasture Numeber 6 Reseeding,Seeds,Confirmed on Paper,Unknown,Unknown,"The seed mix did not indicate whether bulk or PLS rates were used, therefore, unknown has been listed and all seed mix information has been entered into the Bulk category.",Revegetate treatment area,Seed treatment area,Revegetated approximately 170 acres of range by broadcasting by cyclone seeder,NA,Polygon,Confirmed,Digitized by LTDL data entry personnel using a confirmed map,9/1/2016,1928.672689,666.2622247,NA,Unknown,"Vegetal cover, Sagebrush",Revegetate range,None,NA,None,NA,NA,41:28:00,5,10,1946,05,10,6,30,1946,06,30
13594,23553,Vegetation/Soil Manipulation,Soil Disturbance,Soil Disturbance: Discing,23531,404777,99595,3,1946-05-10,1946-06-30,5/10/1946,6/30/1946,actual,actual,51,Implemented,Unknown,2,Acres,170,0,NA,NA,NA,NA,NA,NA,NA,Remove sagebrush to revegetate treatment area,Plow treatment area,Disc plowed approximately 170 acres,NA,Polygon,Confirmed,Digitized by LTDL data entry personnel using a confirmed map,9/1/2016,1928.672689,666.2622247,NA,Unknown,"Vegetal cover, Sagebrush",Revegetate range,None,NA,None,NA,NA,41:29:00,5,10,1946,05,10,6,30,1946,06,30
13594,23554,Vegetation/Soil Manipulation,Soil Disturbance,Soil Disturbance: Rolling,23532,404778,99595,3,1946-05-10,1946-06-30,5/10/1946,6/30/1946,actual,actual,51,Implemented,Unknown,2,Acres,170,0,NA,NA,NA,NA,NA,NA,NA,Establish seeded species,Roll seeded treatment area,Rolled over seeded treatment area,NA,Polygon,Confirmed,Digitized by LTDL data entry personnel using a confirmed map,9/1/2016,1928.672689,666.2622247,NA,Unknown,"Vegetal cover, Sagebrush",Revegetate range,None,NA,None,NA,NA,41:29:00,5,10,1946,05,10,6,30,1946,06,30
471,1262,Vegetation/Soil Manipulation,Soil Disturbance,Soil Disturbance: Plowing,841,399093,99907,2,1959-07-21,1960-12-29,7/21/1959,12/29/1960,actual,actual,527,Implemented,Successful,2,Acres,205,0,NA,NA,NA,NA,NA,NA,NA,NA,NA,This project was disced with Rangeland plows in late summer of 1959\u2026,Good brush kill and good soil combined with proper management.,Polygon,Confirmed,"Digitized by BLM field office personnel, method unknown",7/23/2014,213.0767483,212.9964459,NA,BLM,"Overgrazing, Overuse",NA,Unknown,NA,Unknown,NA,NA,45:52:00,7,21,1959,07,21,12,29,1960,12,29
471,1263,Seeding,Drill Seeding,Ground Seeding: Drill,842,399094,99907,2,1959-07-21,1960-12-29,7/21/1959,12/29/1960,actual,actual,527,Implemented,Successful,2,Acres,205,-1,Confirmed seed list,Baker Creek,Seeds,Confirmed on Paper,Unknown,Overall,"There was only a general rate listed for all species combined indicated here, specific rates for each species were not possible.",NA,NA,"This project was disced with Rangeland plows in late summer of 1959 and drilled with Rangeland drills at rate of 9 lbs. of Crested Wheat seed per acre, in October 1959.","Good stand of crested wheat is present, runoff and erosion has been lessened. The 1958 Survey shows this area to have had a carrying capacity of 35.4 A/AUM, the present estimated carrying capacity is 4 A/AUM.",Polygon,Confirmed,"Digitized by BLM field office personnel, method unknown",7/24/2014,213.0767483,212.9964459,NA,BLM and Cooperators,"Overgrazing, Overuse",NA,Unknown,NA,Unknown,NA,NA,55:21:00,7,21,1959,07,21,12,29,1960,12,29
2256,6154,Vegetation/Soil Manipulation,Soil Disturbance,Soil Disturbance: Plowing,3947,399107,99912,2,1958-07-21,1958-09-30,7/21/1958,9/30/1958,actual,actual,71,Implemented,Successful,2,Acres,200,0,NA,NA,NA,NA,NA,NA,NA,"Proposed use is to reseed lower ranges with low carrying capacity, and establish stand of crested wheatgrass, which will increase forage and vegetative cover about 5 times present amount.",NA,Plowing was done by BLM crews using the Brush land Plows.,"Brush control was by plowing and a good kill was obtained, also, the crested wheat grass has become well established.",Polygon,Confirmed,"Digitized by BLM field office personnel, method unknown",7/23/2014,222.7904941,213.6719224,NA,BLM,"Overuse, Vegetal cover",NA,Unknown,NA,Unknown,NA,NA,46:24:00,7,21,1958,07,21,9,30,1958,09,30
2256,6155,Seeding,Drill Seeding,Ground Seeding: Drill,3948,399108,99912,2,1958-07-21,1958-09-30,7/21/1958,9/30/1958,actual,actual,71,Implemented,Successful,2,Acres,200,-1,Confirmed seed list,Cherry Springs,Seeds,Confirmed on Paper,Unknown,Overall,"There was only a general rate listed for all species combined indicated here, specific rates for each species were not possible.",NA,NA,Approximately 200 acres of low carrying capacity foothill range was plowed and drilled with Crested Wheatgrass seed at the rate of 6 lbs./acre.  BLM furnished seed and operators did drilling.,NA,Polygon,Confirmed,"Digitized by BLM field office personnel, method unknown",7/23/2014,222.7904941,213.6719224,NA,BLM,"Overuse, Vegetal cover",NA,Unknown,NA,Unknown,NA,NA,10:09:00,7,21,1958,07,21,9,30,1958,09,30
4603,12862,Vegetation/Soil Manipulation,Soil Disturbance,Soil Disturbance: Plowing,8056,399111,99913,2,1959-10-14,1961-07-28,10/14/1959,7/28/1961,actual,actual,653,Implemented,Successful,2,Acres,540,0,NA,NA,NA,NA,NA,NA,NA,NA,NA,"...did plowing with force account, using a Brush land plow.","Good sagebrush kill and excellent stand of crested wheatgrass.  Range cuts originally made will be partially resolved, erosion has been decreased to normal geologic action and pressure can be taken off higher ranges that previously received the heavy use for this area. Survey of 1958 gave carrying capacity use for this area as 63.6 A/AUM, present estimated carrying capacity is 2.5 A/AUM.",Polygon,Confirmed,"Digitized by BLM field office personnel, method unknown",7/24/2014,542.0080471,537.1255208,NA,BLM,"Overgrazing, Overuse",NA,Unknown,NA,Unknown,NA,NA,50:24:00,10,14,1959,10,14,7,28,1961,07,28
4603,12863,Seeding,Drill Seeding,Ground Seeding: Drill,8057,399112,99913,2,1959-10-14,1961-07-28,10/14/1959,7/28/1961,actual,actual,653,Implemented,Successful,2,Acres,540,-1,Confirmed seed list,Geertson Creek,Seeds,Confirmed on Paper,Unknown,Overall,"There was only a general rate listed for all species combined indicated here, specific rates for each species were not possible.",NA,NA,"Crested wheat seeding. Bureau furnished seed at 6# per acre and did plowing with force account, using a Brush land plow.  Brush land range drill was furnished by BLM and cooperators furnished labor. Drilling was completed late summer of 1960.  $6.54 per acre total cost of project.","Range cuts originally made will be partially resolved, erosion has been decreased to normal geologic action and pressure can be taken off higher ranges that previously received the heavy use for this area. Survey of 1958 gave carrying capacity use for\r\nthis area as 63.6 A/AUM, present estimated carrying capacity is 2.5 A/AUM.",Polygon,Confirmed,"Digitized by BLM field office personnel, method unknown",7/24/2014,542.0080471,537.1255208,NA,BLM,"Overgrazing, Overuse",NA,Unknown,NA,Unknown,NA,NA,34:48:00,10,14,1959,10,14,7,28,1961,07,28
6064,16822,Vegetation/Soil Manipulation,Soil Disturbance,Soil Disturbance: Plowing,10581,399115,99915,2,1958-08-08,1958-10-30,8/8/1958,10/30/1958,actual,actual,83,Implemented,Successful,2,Acres,460,0,NA,NA,NA,NA,NA,NA,NA,NA,NA,Approximately 460 acres of foothill range was plowed with brush land plows\u2026,"Forage production has increased considerably, allowing better utilization and soil erosion has been reduced. The 1958 Survey of this area showed a carrying capacity of 178 A/AUM, present carrying capacity is estimated at 3 A/AUM.",Polygon,Confirmed,"Digitized by BLM field office personnel, method unknown",7/23/2014,395.623519,373.9262042,NA,BLM,"Overuse, Overgrazing",NA,Unknown,NA,Unknown,NA,NA,40:09:00,8,8,1958,08,08,10,30,1958,10,30
6064,16823,Seeding,Drill Seeding,Ground Seeding: Drill,10582,399116,99915,2,1958-08-08,1958-10-30,8/8/1958,10/30/1958,actual,actual,83,Implemented,Successful,2,Acres,460,-1,Confirmed seed list,Jensen Reseeding,Seeds,Confirmed on Paper,Unknown,Overall,"There was only a general rate listed for all species combined indicated here, specific rates for each species were not possible.",NA,NA,Approximately 460  acres of foothill range was plowed with brush land plows and drilled at the rate of 6 lbs./acre of crested wheatgrass. Prior to seeding this area had carrying capacity ranging from 15 to 20 SA/AUM with low value forage plants. Reseeding will restore area to maximum productivity and provide better soil cover. It will aid in rehabilitation of outside range by relieving grazing pressure in early spring.,"Forage production has increased considerably, allowing better utilization and soil erosion has been reduced. The 1958 Survey of this area showed a carrying capacity of 178 A/AUM, present carrying capacity is estimated at 3 A/AUM.",Polygon,Confirmed,"Digitized by BLM field office personnel, method unknown",7/23/2014,395.623519,373.9262042,NA,BLM and Cooperators,"Overgrazing, Overuse",NA,Unknown,NA,Unknown,NA,NA,38:42:00,8,8,1958,08,08,10,30,1958,10,30
7621,20810,Vegetation/Soil Manipulation,Soil Disturbance,Soil Disturbance: Plowing,13207,401308,99943,2,1969-06-15,1969-06-15,00/00/1969,00/00/1969,estimated month and day,estimated month and day,0,Implemented,Unknown,2,Acres,295,0,NA,NA,NA,NA,NA,NA,NA,NA,NA,NA,NA,Polygon,Confirmed,Digitized by LTDL data entry personnel using a confirmed map,11/19/2014,352.6044445,352.6084116,NA,BLM and Cooperators,"Watershed health, Vegetal cover, Loss of vegetation",Seedbed preparation to eliminate the native grass in a crested wheatgrass pasture to develop a full crested wheatgrass spring pasture according to the allotment management plan.,Unknown,NA,Unknown,NA,NA,53:59:00,00,00,1969,06,15,00,00,1969,06,15
7621,20811,Seeding,Drill Seeding,Ground Seeding: Drill,13208,401309,99943,2,1969-06-15,1969-06-15,00/00/1969,00/00/1969,estimated month and day,estimated month and day,0,Implemented,Unknown,2,Acres,295,-1,Confirmed seed list,Mitchell Seed Mix,Seeds,Confirmed on Paper,Unknown,Overall,"There was only a general rate listed for all species combined indicated here, specific rates for each species were not possible.",NA,NA,NA,NA,Polygon,Confirmed,Digitized by LTDL data entry personnel using a confirmed map,11/19/2014,352.6044445,352.6084116,NA,BLM and Cooperators,"Loss of vegetation, Vegetal cover, Watershed health",Seedbed preparation to eliminate the native grass in a crested wheatgrass pasture to develop a full crested wheatgrass spring pasture according to the allotment management plan.,Unknown,NA,Unknown,NA,NA,55:33:00,00,00,1969,06,15,00,00,1969,06,15
11447,31046,Vegetation/Soil Manipulation,Soil Disturbance,Soil Disturbance: Plowing,19944,401878,99946,2,1967-09-15,1967-11-15,9/00/1967,11/00/1967,estimated day,estimated day,61,Implemented,Unknown,2,Acres,92,0,NA,NA,NA,NA,NA,NA,NA,NA,NA,Land was chisel plowed 2 times then disked and harrowed once.,NA,Polygon,Confirmed,Digitized by LTDL data entry personnel using a confirmed map,11/4/2014,83.89652736,78.23795891,NA,BLM and Cooperators,"Loss of vegetation, Rangeland health, Unknown, Vegetal cover",Seed crested wheatgrass to block-up an existing area.,Unknown,NA,Unknown,NA,NA,56:07:00,9,00,1967,09,15,11,00,1967,11,15
11447,31047,Seeding,Ground Seeding,Ground Seeding,19945,401879,99946,2,1967-09-15,1967-11-15,9/00/1967,11/00/1967,estimated day,estimated day,61,Implemented,Unknown,2,Acres,92,-1,Confirmed seed list,Tabki Seed Mix,Seeds,Confirmed on Paper,Unknown,Overall,"There was only a general rate listed for all species combined indicated here, specific rates for each species were not possible.",NA,NA,"Seeding of crested wheatgrass at a rate of 6lb. per acre to obtain a rate of 5lb of pure live seed.  Seed test on created wheatgrass, seed purity 93.54%; germination 92.",NA,Polygon,Confirmed,Digitized by LTDL data entry personnel using a confirmed map,11/4/2014,83.89652736,78.23795891,NA,BLM and Cooperators,"Loss of vegetation, Rangeland health, Unknown, Vegetal cover",Seed crested wheatgrass to block-up an existing area.,Unknown,NA,Unknown,NA,NA,59:38:00,9,00,1967,09,15,11,00,1967,11,15
14831,37856,Vegetation/Soil Manipulation,Soil Disturbance,Soil Disturbance,24770,402188,99961,2,1987-02-01,1987-05-31,2/1/1987,5/31/1987,actual,actual,119,Implemented,Unsuccessful,1,Acres,99,0,NA,NA,NA,NA,NA,NA,NA,Prepare seed bed,Chisel plow treatment area two times prior to seeding and one time at same time as seeding. Chisel plow treatment area using 165 horsepower tractor pulling 24 feet of twisted spikes.,Seedbed preparation,NA,Polygon,Confirmed,Digitized by LTDL data entry personnel using a confirmed map,1/23/2017,140.6143016,139.4712704,NA,Unknown,Habitat for wildlife,Wildlife - Maintain habitat,NA,NA,NA,NA,NA,34:28:00,2,1,1987,02,01,5,31,1987,05,31
14831,37857,Seeding,Drill Seeding,Ground Seeding: Drill,24771,402189,99961,2,1987-02-01,1987-05-31,2/1/1987,5/31/1987,actual,actual,119,Implemented,Unknown,1,AUMs,100,-1,Confirmed seed list,Demars Seeding,Seeds,Confirmed on Paper,Unknown,Species Specific,"The seed mix did not indicate whether bulk or PLS rates were used, therefore, unknown has been listed and all seed mix information has been entered into the Bulk category.",Maintain wildlife habitat,"Seed treatment area with 4 pounds per acre western wheatgrass, 4 pounds per acre Green Needlegrass and 1.2 pounds per acre Rambler Alfalfa","Drill seeded 99 acres; Green Needlegrass, Slender Wheatgrass, Ladak 65 Alfalfa, Western Wheatgrass and Rambler Alfalfa (Rhizome).",NA,Polygon,Confirmed,Digitized by LTDL data entry personnel using a confirmed map,1/23/2017,140.6143016,139.4712704,NA,See Cooperators List,Habitat for wildlife,Wildlife - Maintain habitat,NA,NA,NA,NA,NA,34:28:00,2,1,1987,02,01,5,31,1987,05,31
15120,38801,Vegetation/Soil Manipulation,Soil Disturbance,Soil Disturbance: Contour Furrowing,24992,402216,99965,2,1971-01-01,1971-05-31,1/1/1971,5/31/1971,actual,actual,150,Implemented,Successful,1,Acres,702,0,No seed list,NA,NA,NA,NA,NA,NA,NA,NA,NA,NA,Polygon,Confirmed,Digitized by LTDL data entry personnel using a confirmed map,1/1/1900 0:00,795.3894856,780.2512113,NA,BLM,"Establishment of seeded species, Forage quality, Loss of desirable species, Rangeland health, Unknown","To contour furrow area where the top soil has been lost and erosion pavement and cactus are present.  The project area will be ripped  to a depth of 12 to 15"" and furrowed depth will be 6-8"".",NA,NA,NA,NA,NA,00:39:00,1,1,1971,01,01,5,31,1971,05,31
15120,38802,Seeding,Drill Seeding,Ground Seeding: Drill,24993,402217,99965,2,1971-01-01,1971-05-31,1/1/1971,5/31/1971,actual,actual,150,Implemented,Successful,1,Acres,702,-1,Confirmed seed list,7 Mile,Seeds,Confirmed on Paper,Unknown,Overall,"There was only a general rate listed for all species combined indicated here, specific rates for each species were not possible.",NA,NA,NA,NA,Polygon,Confirmed,Digitized by LTDL data entry personnel using a confirmed map,1/1/1900 0:00,795.3894856,780.2512113,NA,BLM,"Establishment of seeded species, Forage quality, Loss of desirable species, Rangeland health, Unknown","To contour furrow area where the top soil has been lost and erosion pavement and cactus are present.  The project area will be ripped  to a depth of 12 to 15"" and furrowed depth will be 6-8"".",NA,NA,NA,NA,NA,01:39:00,1,1,1971,01,01,5,31,1971,05,31
711,1913,Vegetation/Soil Manipulation,Soil Disturbance,Soil Disturbance: Contour Furrowing,1250,400542,100053,2,1959-08-19,1960-06-10,8/19/1959,6/10/1960,actual,actual,296,Implemented,None,2,Acres,638,0,NA,NA,NA,NA,NA,NA,NA,NA,Contour furrow 5' apart with the model B contour furrowing machine.,NA,NA,Polygon,Confirmed,Digitized by LTDL data entry personnel using a confirmed map,8/4/2014,1238.752069,1238.752424,NA,BLM,Unknown,NA,None,NA,None,NA,NA,12:11:00,8,19,1959,08,19,6,10,1960,06,10
711,1914,Seeding,Ground Seeding,Ground Seeding: Broadcast,1251,400543,100053,2,1959-08-19,1960-06-10,8/19/1959,6/10/1960,actual,actual,296,Implemented,None,2,Acres,638,-1,Confirmed seed list,NA,Seeds,Confirmed on Paper,Unknown,Species Specific,NA,NA,"Furrows shall be seeded to a mixture of Russian wild rye, intermediate wheatgrass, western wheatgrass and tall wheatgrass a rate of 6# per acre.","638 acres contour furrowed and seeded to a mixture of 140# western wheat, 880#\r\ntall wheatgrass, 140# intermediate wheat, 2390# Russian wild rye, also approximately\r\n400# Ladak alfalfa and 1200# yellow inoculated sweet clover, seeded at approximately\r\n8#/acre.","Area contoured and seeded in fall of 1959, produced a r oar stand of seeded species.\r\nArea came into a thick stand of knotweed.",Polygon,Confirmed,Digitized by LTDL data entry personnel using a confirmed map,8/4/2014,1238.752069,1238.752424,NA,BLM,Unknown,NA,None,NA,None,NA,NA,12:11:00,8,19,1959,08,19,6,10,1960,06,10
8961,24423,Vegetation/Soil Manipulation,Vegetation Disturbance,Tree/Brush Control: Mechanical,15591,401466,100056,2,2009-06-15,2011-06-15,00/00/2009,00/00/2011,estimated month and day,estimated month and day,730,Implemented,Unknown,1,Acres,110,0,NA,NA,NA,NA,NA,NA,NA,NA,"Implement the use of Integrated Pest Management (IPM). IPM applies multiple methods\r\nwhere practicable. These methods would be applied within various salt cedar and\r\nRussian olive infested habitats. Majority of the weed treatments would be applied on\r\npublic lands and would include small acreages of private lands adjacent to public lands.\r\nTreatments would be applied throughout the year, during optimal period of treatments.\r\nThis alternative would combine all of the treatment options available. Primary treatment\r\nmethodologies would include (1) cutting salt cedar and Russian olive trees and shrubs to\r\na height of approximately 16"" inches above ground and immediately applying herbicide\r\nto the cut stumps; (2) use of targeted low volume basal application of herbicide to small\r\ndiameter trees/shrubs, (3) mechanical removal of dense stands, and ( 4) use of biological\r\ncontrol vectors when they become available in the future.\r\n\r\nIPM methods would include educating staff, cooperators, and the public in prevention,\r\nearly detection and rapid response to all noxious and select invasive plant species. Also,\r\ncontinued inventory of public lands for noxious and invasive plants, control of noxious\r\nand invasive plants by various methods that include cultural, physical, biological, and\r\nchemical controls or other land practices, and monitor treatment areas.\r\n\r\nThe following actions would be employed solely or in combination at infested sites:\r\nPre-treatment where needed:\r\n1. Prescribed fire would be utilized to clear the area of decadent vegetation and to\r\nimprove the efficacy of the applied treatments.\r\n2. Mechanical removal of undergrowth would be utilized to facilitate access for\r\nremoval operations.\r\n\r\nTreatment options include:\r\n1. Mechanical felling of target species, to include: hand removal, chainsaw, tractor\r\nimplement, brush hawg.\r\n2. Pesticide application for Russian olive and salt cedar, including the following\r\nactive ingredients: Triclopyr, (e.g. Garland 3A\xae, Remedy\xae, Tahoe 3A\xae),\r\nGlyphosate (e.g. Rodeo\xae, Aquamaster\xae, Roundup PRO\xae). Follow up\r\ntreatments to prevent reinfestation of other noxious species would include the\r\nfollowing active ingredients Triclopyr (e.g. Habitat\xae, Garland 3A\xae, Remedy\xae,\r\nTahoe 3A\xae), Glyphosate (e.g. Rodeo\xae, Aquamaster\xae, Roundup PRO\xae) and\r\n2,4-D (e.g. Weedar 64\xae).\r\n3. Combination of treatments 1 and 2, where the vegetation is removed\r\nmechanically and the exposed stumps are chemically treated to prevent resprouts.\r\n4. Girdling and chemically treated to prevent re-sprouts of larger trees with follow\r\nup mechanical removal.\r\n\r\nDisposal options include:\r\n1. Pile and burn on site.\r\n2. Haul away to an approved landfill.\r\n3. Chipped and scattered on site.\r\n4. Left in place to act as a protective barrier for post treatment seedlings.\r\n5. Large material could be bucked and used in recreation sites for fire wood.\r\n6. On site incineration.\r\n\r\nPost Treatment Management options include:\r\n1. Seed bed preparation, including: discing, harrowing, and hand preparation.\r\n2. Reseed with native species (broadcast, hydromulch, hand rake, drill)\r\n3. Use of root stock or plugs to re-establish native woody shrubs and trees.\r\n4. Allow natural recruitment where the native community allows.\r\n5. Transplant native woody species from onsite, adjacent public lands, or from\r\nnursenes.\r\nBest Management Practices (BMPs );\r\n\u2022 Post treatment monitoring of revegetation success and to detect re-colonization of\r\nnoxious species.\r\n\u2022 Cultural inventories of all sites where ground disturbing activities would occur prior to\r\ncommencing work.\r\n\u2022 Implementation would occur throughout the year. Cut stump application on salt cedar\r\nand Russian olive would occur throughout the year during optimum weather conditions.\r\n\u2022 See Appendix A for a list of other SOPs.\r\nSalt cedar would be treated with a foliar spray of herbicide applied by ground based\r\nequipment. Triclopyr would be used as a basal bark or cut stump treatment. Treatment\r\napplications would be made primarily by backpack, pickup truck, or ATV mounted spray\r\nequipment. Backpack application is more precise type of application to target Russian\r\nolive and salt cedar plants. Maintenance treatments would also generally be restricted to\r\nthe use of ground spray equipment.\r\n\r\nMitigation Measures/Remarks\r\n1. Herbicide application will conform to procedures found in BLM Handbook H-9011-1,\r\nand the Herbicide Label.\r\n2. An approved Pesticide Use Proposal will be obtained prior to herbicide use.\r\n3. All trash and unused materials will be removed and properly disposed of upon\r\ncompletion of the project.\r\n4. Off-road driving will be kept to a minimum and limited to dry ground, dry weather\r\nconditions.\r\n5. A cultural survey must be conducted prior to any manual or mechanical treatments, or the use of prescribed fire.",Accomplishments\r\nTotal Acres Treated\r\no 195 Sundance\r\no 110 Pompey's Pillar\r\no To date: approximate cost $250 per acre\r\n- Pile Burn Plans for all purposed treatment areas\r\n- GIS work for all treatment areas,NA,Polygon,Confirmed,"Digitized by BLM field office personnel, method unknown",NA,183.6577873,140.8180833,NA,Unknown,"Invasive species, Noxious weeds, Wildland Urban Interface, Habitat quality","Control noxious and invasive woody species through a variety of control methods. In particular,\r\nRussian olive (Elaeagnus angustifolia) and salt cedar (Tamarix ramosissima) would be\r\ntargeted in riparian areas, to assist with the attainment of Proper Functioning Condition\r\nStandards, and to maintain native riparian communities that are healthy.\r\n\r\nThe purpose for the proposed project is to restore native riparian habitat by treating salt\r\ncedar and Russian olive using principals of lntegrated Weed Management (IWM). Areas\r\ntargeted for treatments would be along stream zones or riparian areas on public land\r\nadministered by the Billings Field Office with an emphasis on larger acreages of\r\ninvasion. Monitoring and treatments of herbaceous noxious weeds would also occur to\r\nprevent the introduction and spread.\r\n\r\nThe Bureau is required by specific authorities to manage invasive/noxious weeds. The\r\nNeed is to prevent the spread and further invasion of Russian olive and salt cedar.\r\nSalt Cedar, a federally and state listed noxious weed, and Russian olive, an invasive\r\nspecies, are infesting various watersheds within the Billings Field Office area.\r\n\r\nThe invasion of native plant communities by noxious and invasive plant species is a continuous threat in Montana with ecological and economic consequences. Noxious and invasive weeds spread in many ways: animals (livestock,\r\nbirds, or other wildlife), pets, people hiking, bicycling, and all forms of motorized\r\nequipment, movement down streams, wind, etc. By implementing IWM, existing\r\npopulations of noxious and invasive plants would be contained to the extent practicable.\r\nNew invasive species would be identified early and eradicated or contained through Early\r\nDetection and Rapid Response.\r\n\r\nRiparian vegetation provides in-stream habitat for fish, adds structure to the banks,\r\nreduces erosion, moderates water temperatures, and is a source of organic nutrients for\r\nthe system. Riparian vegetation moderates flows by reducing runoff to the stream and\r\nstores water for later release. As riparian habitats degrade, erosion and sedimentation increase and streams widen and become shallower. Temperature fluctuations increase and oxygen content could reach critically low levels.",Unknown,NA,Unknown,NA,NA,35:02:00,00,00,2009,06,15,00,00,2011,06,15
8961,24425,Herbicide/Weeds/Chemical,Herbicide,Herbicide Application: Brush/Tree Control,15593,401467,100056,2,2009-06-15,2011-06-15,00/00/2009,00/00/2011,estimated month and day,estimated month and day,730,Implemented,Unknown,1,Acres,110,0,NA,NA,NA,NA,NA,NA,NA,NA,"Implement the use of Integrated Pest Management (IPM). IPM applies multiple methods\r\nwhere practicable. These methods would be applied within various salt cedar and\r\nRussian olive infested habitats. Majority of the weed treatments would be applied on\r\npublic lands and would include small acreages of private lands adjacent to public lands.\r\nTreatments would be applied throughout the year, during optimal period of treatments.\r\nThis alternative would combine all of the treatment options available. Primary treatment\r\nmethodologies would include (1) cutting salt cedar and Russian olive trees and shrubs to\r\na height of approximately 16"" inches above ground and immediately applying herbicide\r\nto the cut stumps; (2) use of targeted low volume basal application of herbicide to small\r\ndiameter trees/shrubs, (3) mechanical removal of dense stands, and (4) use of biological\r\ncontrol vectors when they become available in the future.\r\n\r\nIPM methods would include educating staff, cooperators, and the public in prevention,\r\nearly detection and rapid response to all noxious and select invasive plant species. Also,\r\ncontinued inventory of public lands for noxious and invasive plants, control of noxious\r\nand invasive plants by various methods that include cultural, physical, biological, and\r\nchemical controls or other land practices, and monitor treatment areas.\r\n\r\nThe following actions would be employed solely or in combination at infested sites:\r\nPre-treatment where needed:\r\n1. Prescribed fire would be utilized to clear the area of decadent vegetation and to\r\nimprove the efficacy of the applied treatments.\r\n2. Mechanical removal of undergrowth would be utilized to facilitate access for\r\nremoval operations.\r\n\r\nTreatment options include:\r\n1. Mechanical felling of target species, to include: hand removal, chainsaw, tractor\r\nimplement, brush hawg.\r\n2. Pesticide application for Russian olive and salt cedar, including the following\r\nactive ingredients: Triclopyr, (e.g. Garland 3A\xae, Remedy\xae, Tahoe 3A\xae),\r\nGlyphosate (e.g. Rodeo\xae, Aquamaster\xae, Roundup PRO\xae). Follow up\r\ntreatments to prevent reinfestation of other noxious species would include the\r\nfollowing active ingredients Triclopyr (e.g. Habitat\xae, Garland 3A\xae, Remedy\xae,\r\nTahoe 3A\xae), Glyphosate (e.g. Rodeo\xae, Aquamaster\xae, Roundup PRO\xae) and\r\n2,4-D (e.g. Weedar 64\xae).\r\n3. Combination of treatments 1 and 2, where the vegetation is removed\r\nmechanically and the exposed stumps are chemically treated to prevent resprouts.\r\n4. Girdling and chemically treated to prevent re-sprouts of larger trees with follow\r\nup mechanical removal.\r\n\r\nDisposal options include:\r\n1. Pile and burn on site.\r\n2. Haul away to an approved landfill.\r\n3. Chipped and scattered on site.\r\n4. Left in place to act as a protective barrier for post treatment seedlings.\r\n5. Large material could be bucked and used in recreation sites for fire wood.\r\n6. On site incineration.\r\n\r\nPost Treatment Management options include:\r\n1. Seed bed preparation, including: discing, harrowing, and hand preparation.\r\n2. Reseed with native species (broadcast, hydromulch, hand rake, drill)\r\n3. Use of root stock or plugs to re-establish native woody shrubs and trees.\r\n4. Allow natural recruitment where the native community allows.\r\n5. Transplant native woody species from onsite, adjacent public lands, or from\r\nnursenes.\r\nBest Management Practices (BMPs );\r\n\u2022 Post treatment monitoring of revegetation success and to detect re-colonization of\r\nnoxious species.\r\n\u2022 Cultural inventories of all sites where ground disturbing activities would occur prior to\r\ncommencing work.\r\n\u2022 Implementation would occur throughout the year. Cut stump application on salt cedar\r\nand Russian olive would occur throughout the year during optimum weather conditions.\r\n\u2022 See Appendix A for a list of other SOPs.\r\nSalt cedar would be treated with a foliar spray of herbicide applied by ground based\r\nequipment. Triclopyr would be used as a basal bark or cut stump treatment. Treatment\r\napplications would be made primarily by backpack, pickup truck, or ATV mounted spray\r\nequipment. Backpack application is more precise type of application to target Russian\r\nolive and salt cedar plants. Maintenance treatments would also generally be restricted to\r\nthe use of ground spray equipment.",NA,NA,Polygon,Confirmed,"Digitized by BLM field office personnel, method unknown",NA,183.6577873,140.8180833,NA,Unknown,"Invasive species, Noxious weeds, Wildland Urban Interface, Habitat quality","Control noxious and invasive woody species through a variety of control methods. In particular,\r\nRussian olive (Elaeagnus angustifolia) and salt cedar (Tamarix ramosissima) would be\r\ntargeted in riparian areas, to assist with the attainment of Proper Functioning Condition\r\nStandards, and to maintain native riparian communities that are healthy.\r\n\r\nThe purpose for the proposed project is to restore native riparian habitat by treating salt\r\ncedar and Russian olive using principals of lntegrated Weed Management (IWM). Areas\r\ntargeted for treatments would be along stream zones or riparian areas on public land\r\nadministered by the Billings Field Office with an emphasis on larger acreages of\r\ninvasion. Monitoring and treatments of herbaceous noxious weeds would also occur to\r\nprevent the introduction and spread.\r\n\r\nThe Bureau is required by specific authorities to manage invasive/noxious weeds. The\r\nNeed is to prevent the spread and further invasion of Russian olive and salt cedar.\r\nSalt Cedar, a federally and state listed noxious weed, and Russian olive, an invasive\r\nspecies, are infesting various watersheds within the Billings Field Office area.\r\n\r\nThe invasion of native plant communities by noxious and invasive plant species is a continuous threat in Montana with ecological and economic consequences. Noxious and invasive weeds spread in many ways: animals (livestock,\r\nbirds, or other wildlife), pets, people hiking, bicycling, and all forms of motorized\r\nequipment, movement down streams, wind, etc. By implementing IWM, existing\r\npopulations of noxious and invasive plants would be contained to the extent practicable.\r\nNew invasive species would be identified early and eradicated or contained through Early\r\nDetection and Rapid Response.\r\n\r\nRiparian vegetation provides in-stream habitat for fish, adds structure to the banks,\r\nreduces erosion, moderates water temperatures, and is a source of organic nutrients for\r\nthe system. Riparian vegetation moderates flows by reducing runoff to the stream and\r\nstores water for later release. As riparian habitats degrade, erosion and sedimentation increase and streams widen and become shallower. Temperature fluctuations increase and oxygen content could reach critically low levels.",Unknown,NA,Unknown,NA,NA,39:43:00,00,00,2009,06,15,00,00,2011,06,15
14632,37539,Vegetation/Soil Manipulation,Soil Disturbance,Soil Disturbance: Plowing,24454,402098,100060,2,1985-10-01,1986-05-31,10/1/1985,5/31/1986,actual,actual,242,Implemented,Unknown,1,Acres,315,0,NA,NA,NA,NA,NA,NA,NA,NA,"The area to be treated will be flagged by BLM. A 100 yard buffer strip will be left along the east rim. A 50 feet buffer zone will be left around all potholes in the area. There will be two passes. The last pass will be along the contours. The first pass will be 3-4 inches deep, the second will be 6 inches deep. No mechanical treatment will occur without BLM supervision.",The area was two way chiseled,NA,Polygon,Confirmed,Digitized by LTDL data entry personnel using a confirmed map,12/19/2016,429.2504118,423.6628183,NA,Unknown,Unknown,NA,NA,NA,NA,NA,NA,02:14:00,10,1,1985,10,01,5,31,1986,05,31
14632,37540,Seeding,Drill Seeding,Ground Seeding: Drill,24455,402099,100060,2,1985-10-01,1986-05-31,10/1/1985,5/31/1986,actual,actual,242,Implemented,Unknown,1,Acres,315,-1,Confirmed seed list,Upper Canyon Chisel,Seeds,Confirmed on Paper,Unknown,Unknown,NA,NA,Rambler alfalfa at 1/2 pound/acre\r\nGreen needlegrass at 1 pound/acre\r\nYellow sweetclover at 1/4 pound/acre\r\nPubescent wheatgrass at 1/2 pound/acre,"The area was interseeded with green needle grass, alfalfa, sweetclover and pubescent wheat grass.",NA,Polygon,Confirmed,Digitized by LTDL data entry personnel using a confirmed map,12/19/2016,429.2504118,423.6628183,NA,Contractor,Unknown,NA,NA,NA,NA,NA,NA,02:14:00,10,1,1985,10,01,5,31,1986,05,31
14635,37544,Vegetation/Soil Manipulation,Soil Disturbance,Soil Disturbance: Plowing,24459,402102,100062,2,1986-04-20,1987-11-24,4/20/1986,11/24/1987,actual,actual,583,Implemented,Unknown,1,NA,NA,-1,Confirmed seed list,Davison Coulee Chiseling,Seeds,Confirmed on Paper,Unknown,Unknown,"The seed mix did not indicate whether bulk or PLS rates were used, therefore, unknown has been listed and all seed mix information has been entered into the Bulk category.",Improve vegetation production,The area will be chiseled using a 4 inch twisted chisel points on 1 foot centers once over on contour. A soil drag consists of 5 tractor tires provided by BLM will be pulled behind the chisel plow.,Seeded alfalfa,NA,Polygon,Confirmed,Digitized by LTDL data entry personnel using a confirmed map,12/19/2016,767.8972355,464.9841792,NA,BLM,Forage for livestock,"Improve vegetation production from low producing clubmoss-blue grama infested SI, SICP range sites.",NA,NA,NA,NA,NA,25:30:00,4,20,1986,04,20,11,24,1987,11,24
14635,37545,Seeding,Seeding,Seeding,24460,402103,100062,2,1986-04-20,1987-11-24,4/20/1986,11/24/1987,actual,actual,583,Implemented,Unknown,1,NA,NA,-1,Not Determined,NA,NA,NA,NA,NA,NA,NA,The chiseled areas will be seeded approximately 1 pound to the acre of Rambler alfalfa. The area will be seeded by BLM personnel.,NA,NA,Polygon,Confirmed,Digitized by LTDL data entry personnel using a confirmed map,12/19/2016,767.8972355,464.9841792,NA,BLM,Forage for livestock,"Improve vegetation production from low producing clubmoss-blue grama infested SI, SICP range sites.",NA,NA,NA,NA,NA,25:30:00,4,20,1986,04,20,11,24,1987,11,24
14688,37637,Vegetation/Soil Manipulation,Soil Disturbance,Soil Disturbance: Contour Furrowing,24548,402132,100071,2,1965-08-01,1965-10-12,8/1/1965,10/12/1965,actual,actual,72,Implemented,NA,2,Acres,439,0,NA,NA,NA,NA,NA,NA,NA,NA,NA,"439 acres of rangeland was ripped, contour furrowed...\r\nThis was a Model B contour furrower developed by the Arcadia Equipment Center. Heavy duty ripper teeth five feet apart were pulled through the rangeland. The ripping was followed by the furrowing... The ripping was 15 to 18 inches in depth.",NA,Polygon,Confirmed,Digitized by LTDL data entry personnel using a confirmed map,12/29/2016,576.8787864,576.8851766,NA,BLM and Cooperators,Rangeland health,NA,Unknown,NA,NA,NA,NA,24:41:00,8,1,1965,08,01,10,12,1965,10,12
14688,37638,Seeding,Ground Seeding,Ground Seeding: Broadcast,24549,402133,100071,2,1965-08-01,1965-10-12,8/1/1965,10/12/1965,actual,actual,72,Implemented,NA,2,Acres,439,-1,Confirmed seed list,Bell Tower Contour Furrowing,Seeds,Confirmed on Paper,Unknown,NA,NA,NA,NA,"...seeded to Yellow Sweetclover, Western Wheatgrass and Green Needle grass. The seed was broadcast in the furrows.",NA,Polygon,Confirmed,Digitized by LTDL data entry personnel using a confirmed map,12/29/2016,576.8787864,576.8851766,NA,BLM and Cooperators,Rangeland health,NA,Unknown,NA,NA,NA,NA,00:57:00,8,1,1965,08,01,10,12,1965,10,12
14691,37642,Vegetation/Soil Manipulation,Soil Disturbance,Soil Disturbance: Contour Furrowing,24553,402136,100072,2,1965-10-25,1965-11-09,10/25/1965,11/9/1965,actual,actual,15,Implemented,NA,2,Acres,426,0,NA,NA,NA,NA,NA,NA,NA,NA,NA,426 acres of rangeland contoured... \r\nMachine used- Model B contour furrower developed by Arcadia Equipment Center. Ripping was 5 ft. apart & 15 to 18 inches deep.,NA,Polygon,Confirmed,Digitized by LTDL data entry personnel using a confirmed map,12/30/2016,445.9825905,445.9823276,NA,BLM and Cooperators,Rangeland health,NA,Unknown,NA,NA,NA,NA,12:00:00,10,25,1965,10,25,11,9,1965,11,09
14691,37643,Seeding,Drill Seeding,Ground Seeding: Drill,24554,402137,100072,2,1965-10-25,1965-11-09,10/25/1965,11/9/1965,actual,actual,15,Implemented,NA,2,Acres,426,-1,Confirmed seed list,Elmore Contour Furrowing Mix,Seeds,Confirmed on Paper,Unknown,NA,NA,NA,NA,"Seeded at 8 lb. per acre. \r\nSeeded with 1 lb. yellow sweet clover, 1 lb. green needle grass and 6 lbs. western wheat grass.",NA,Polygon,Confirmed,Digitized by LTDL data entry personnel using a confirmed map,12/30/2016,445.9825905,445.9823276,NA,BLM and Cooperators,Rangeland health,NA,Unknown,NA,NA,NA,NA,18:01:00,10,25,1965,10,25,11,9,1965,11,09
14704,37663,Vegetation/Soil Manipulation,Soil Disturbance,Soil Disturbance: Contour Furrowing,24574,402144,100076,2,1966-05-09,1966-05-25,5/9/1966,5/25/1966,actual,actual,16,Implemented,NA,2,Acres,1144,0,NA,NA,NA,NA,NA,NA,NA,NA,NA,Machine pulled by TD-24 Tractor. Heavy duty ripper pulled ahead of machine. 1144 acres.\r\nTreated at cost of $8.43 per acre. Machine A Model B Contour furrowing developed by\r\nArcadia Equipment Co. Piping 5 ft. rows 15 to 18 in. deep.,NA,Polygon,Confirmed,Digitized by LTDL data entry personnel using a confirmed map,1/3/2017,1135.519084,1135.519947,NA,BLM and Cooperators,Unknown,NA,Unknown,NA,NA,NA,NA,40:28:00,5,9,1966,05,09,5,25,1966,05,25
14704,37664,Seeding,Drill Seeding,Ground Seeding: Drill,24575,402145,100076,2,1966-05-09,1966-05-25,5/9/1966,5/25/1966,actual,actual,16,Implemented,NA,2,Acres,1144,-1,No seed list,NA,NA,NA,NA,NA,NA,NA,NA,NA,NA,Polygon,Confirmed,Digitized by LTDL data entry personnel using a confirmed map,1/3/2017,1135.519084,1135.519947,NA,BLM and Cooperators,Unknown,NA,Unknown,NA,NA,NA,NA,41:36:00,5,9,1966,05,09,5,25,1966,05,25
14834,37861,Vegetation/Soil Manipulation,Soil Disturbance,Soil Disturbance: Contour Plowing,24775,402192,100094,2,1987-09-01,1987-09-30,9/1/1987,9/30/1987,actual,actual,29,Implemented,NA,1,Acres,250,0,NA,NA,NA,NA,NA,NA,NA,The proposed action will restore depleted range to top production within\r\na short time increasing forage for livestock and wildlife.,"BLM plans to chisel plow much of Section 21, comprising most\r\nof the flat bench tops and gentle slopes. Stream bottoms, steep slopes and the\r\nrough and broken terrain would not be affected. A total of about 260 acres may be\r\nplowed with one or two passes...",NA,NA,Polygon,Confirmed,Digitized by LTDL data entry personnel using a confirmed map,1/23/2017,278.7419495,278.7421817,NA,BLM and Cooperators,"Forage for livestock, Forage for wildlife, Forage quality, Rangeland health",NA,Unknown,NA,NA,NA,NA,55:34:00,9,1,1987,09,01,9,30,1987,09,30
14834,37862,Seeding,Seeding,Seeding,24776,402193,100094,2,1987-09-01,1987-09-30,9/1/1987,9/30/1987,actual,actual,29,Implemented,NA,1,Acres,250,-1,No seed list,NA,NA,NA,NA,NA,NA,The proposed action will restore depleted range to top production within\r\na short time increasing forage for livestock and wildlife.,...seeded to native grasses.,NA,NA,Polygon,Confirmed,Digitized by LTDL data entry personnel using a confirmed map,1/23/2017,278.7419495,278.7421817,NA,BLM and Cooperators,"Forage for livestock, Forage for wildlife, Forage quality, Rangeland health",NA,Unknown,NA,NA,NA,NA,56:32:00,9,1,1987,09,01,9,30,1987,09,30
15111,38731,Vegetation/Soil Manipulation,Soil Disturbance,Soil Disturbance: Contour Furrowing,24983,402210,100100,2,1968-01-01,1968-11-29,1/1/1968,11/29/1968,actual,actual,333,Implemented,Unknown,1,Acres,1294,0,NA,NA,NA,NA,NA,NA,NA,NA,NA,Type B - contour furrowing - furrows spaced at approximately 5' intervals on the contour with seed.,NA,Polygon,Confirmed,Digitized by LTDL data entry personnel using a confirmed map,1/1/1900 0:00,1269.862943,1248.485006,NA,BLM,"Erosion, Establishment of seeded species, Forage quality, Loss of desirable species, Rangeland health, Vegetal cover","Purpose - to increase the forage resource base - this is dominantly a hard-pan site; the area is producing little forage now. Also, this project will reduce overland flow (which is exceptionally great in this area) and commit more to subsurface flow.",NA,NA,NA,NA,NA,48:40:00,1,1,1968,01,01,11,29,1968,11,29
15111,38732,Seeding,Ground Seeding,Ground Seeding,24984,402211,100100,2,1968-01-01,1968-11-29,1/1/1968,11/29/1968,actual,actual,333,Implemented,Unknown,1,Acres,1294,-1,Confirmed seed list,Milk Pasture,Seeds,Confirmed on Paper,Unknown,Species Specific,NA,NA,NA,NA,NA,Polygon,Confirmed,Digitized by LTDL data entry personnel using a confirmed map,1/1/1900 0:00,1269.862943,1248.485006,NA,BLM,"Erosion, Establishment of seeded species, Forage quality, Loss of desirable species, Rangeland health, Vegetal cover","Purpose - to increase the forage resource base - this is dominantly a hard-pan site; the area is producing little forage now. Also, this project will reduce overland flow (which is exceptionally great in this area) and commit more to subsurface flow.",NA,NA,NA,NA,NA,49:25:00,1,1,1968,01,01,11,29,1968,11,29
15221,38971,Seeding,Drill Seeding,Ground Seeding: Drill,25115,402226,100107,2,1972-10-01,1973-02-28,10/1/1972,2/28/1973,actual,actual,150,Implemented,Unknown,1,Acres,222,-1,Confirmed seed list,Watson,Seeds,Confirmed on Paper,Unknown,Overall,"There was only a general rate listed for all species combined indicated here, specific rates for each species were not possible.",Provide spring feed for livestock.,The crested wheatgrass to be planted to provide spring feed for livestock on land which has high site potential but presently is low producing because of surface pan.,NA,NA,Polygon,Confirmed,Digitized by LTDL data entry personnel using a confirmed map,1/1/1900 0:00,260.8869251,254.8799277,NA,BLM,Forage for livestock,Seeding will help facilitate an AMP,NA,NA,NA,NA,NA,00:19:00,10,1,1972,10,01,2,28,1973,02,28
15221,38972,Vegetation/Soil Manipulation,Soil Disturbance,Soil Disturbance: Plowing,25116,402227,100107,2,1972-10-01,1973-02-28,10/1/1972,2/28/1973,actual,actual,150,Implemented,Unknown,1,Acres,222,0,No seed list,NA,NA,NA,NA,NA,NA,Seed bed Preparation,NA,3 times over w/ chisel plow,NA,Polygon,Confirmed,Digitized by LTDL data entry personnel using a confirmed map,1/1/1900 0:00,260.8869251,254.8799277,NA,BLM,"Establishment of seeded species, Seedbed preparation",Seedbed Preparation,NA,NA,NA,NA,NA,01:23:00,10,1,1972,10,01,2,28,1973,02,28
15240,39028,Vegetation/Soil Manipulation,Soil Disturbance,Soil Disturbance: Plowing,25144,402234,100109,2,1982-03-01,1982-07-31,3/1/1982,7/31/1982,actual,actual,152,Implemented,Unknown,1,Acres,335,0,No seed list,NA,NA,NA,NA,NA,NA,NA,NA,NA,NA,Polygon,Confirmed,Digitized by LTDL data entry personnel using a confirmed map,1/1/1900 0:00,318.4925003,318.4925003,NA,BLM and Cooperators,"Carrying capacity, Establishment of seeded species, Forage for livestock, Forage quality, Vegetal cover","Crested wheatgrass is an introduced species that has very high potential as\r\nearly season forage for livestock. However, crested wheatgrass has to be\r\nmanaged closely to keep a pasture as productive as possible. Over a long\r\nperiod of time an improperly managed crested wheatgrass pasture will show a\r\ncharacteristic pattern of dense bunches of rank crested wheatgrass plants\r\nintermingled with areas of clubmoss or low vigor blue grama. Range productivity\r\nin this situation is considerably lower than a good condition, well managed\r\ncrested wheatgrass pasture. Such a situation exists in Pasture 4 of the Halfway\r\nCoulee Allotment. It is estimated that this pasture is currently producing\r\nabout half of the recognized carrying capacity.",NA,NA,NA,NA,NA,05:05:00,3,1,1982,03,01,7,31,1982,07,31
15240,39029,Seeding,Ground Seeding,Ground Seeding: Broadcast,25145,402235,100109,2,1982-03-01,1982-07-31,3/1/1982,7/31/1982,actual,actual,152,Implemented,Unknown,1,Acres,335,-1,Confirmed seed list,Half-Way,Seeds,Confirmed on Paper,Unknown,Overall,"There was only a general rate listed for all species combined indicated here, specific rates for each species were not possible.",NA,NA,NA,NA,Polygon,Confirmed,Digitized by LTDL data entry personnel using a confirmed map,1/1/1900 0:00,318.4925003,318.4925003,NA,BLM and Cooperators,"Carrying capacity, Establishment of seeded species, Forage for livestock, Forage quality, Vegetal cover","Crested wheatgrass is an introduced species that has very high potential as\r\nearly season forage for livestock. However, crested wheatgrass has to be\r\nmanaged closely to keep a pasture as productive as possible. Over a long\r\nperiod of time an improperly managed crested wheatgrass pasture will show a\r\ncharacteristic pattern of dense bunches of rank crested wheatgrass plants\r\nintermingled with areas of clubmoss or low vigor blue grama. Range productivity\r\nin this situation is considerably lower than a good condition, well managed\r\ncrested wheatgrass pasture. Such a situation exists in Pasture 4 of the Halfway\r\nCoulee Allotment. It is estimated that this pasture is currently producing\r\nabout half of the recognized carrying capacity.",NA,NA,NA,NA,NA,06:02:00,3,1,1982,03,01,7,31,1982,07,31
11831,31976,Vegetation/Soil Manipulation,Soil Disturbance,Soil Disturbance: Chaining,20565,2013,100226,2,1965-07-27,1965-12-30,7/27/1965,12/30/1965,actual,actual,156,Implemented,Little Success,2,Acres,1925,0,NA,NA,NA,NA,NA,NA,NA,Forage improvement,NA,Approximately 1925 acres of Pinon Juniper Sagebrush land was double chained.,1980-Treatment is listed as poor.  There is heavy utilization and encroachment of sagebrush.,Polygon,Confirmed,Digitized by LTDL data entry personnel using a confirmed map,2/19/2015,2152.122385,2150.12054,NA,NA,"Brush control, Forage for livestock, Forage quality, Watershed health",Forage improvement,None,NA,None,NA,"Confirmed cost is for entire project, not broken down by treatment.",44:34:00,7,27,1965,07,27,12,30,1965,12,30
11831,31977,Seeding,Aerial Seeding,Aerial Seeding,20566,2014,100226,2,1965-07-27,1965-12-30,7/27/1965,12/30/1965,actual,actual,156,Implemented,None,2,Acres,1925,-1,Planned seed list,Seed List,Seeds,Plan,Unknown,Species Specific,"The completion report listed ""a mixture of grasses and browse seed was applied at the rate of 8.5 pounds per acre"".  \r\n\r\nThe document used to generate the seed list was the project estimate.  The globemallow was only a trace.",Forage improvement,NA,Approximately 1925 acres of Pinon Juniper Sagebrush land was seeded by air.,1980-Treatment is listed as poor.  There is heavy utilization and encroachment of sagebrush.,Polygon,Confirmed,Digitized by LTDL data entry personnel using a confirmed map,2/19/2015,2152.122385,2150.12054,NA,NA,"Brush control, Forage for livestock, Forage quality, Watershed health",Forage improvement,None,NA,None,NA,NA,51:43:00,7,27,1965,07,27,12,30,1965,12,30
2775,7665,Vegetation/Soil Manipulation,Soil Disturbance,Soil Disturbance: Chaining,4839,1191,100245,2,1963-07-15,1964-11-12,7/00/1963,11/12/1964,estimated day,actual,486,Implemented,Successful,2,Acres,2900,0,NA,NA,NA,NA,NA,NA,NA,unknown,Approximately 2000 acres fpinyon-juniper trees will be chained.,Project area covered with a dense stand of pinyon-juniper which was chained with anchor chains.  Trees were then windrowed with bulldozers and area between windrows was then chained a second time.,NA,Polygon,Confirmed,"Digitized by BLM field office personnel, method unknown",NA,2565.584092,2554.355319,NA,NA,None,NA,None,NA,None,NA,NA,06:53:00,7,00,1963,07,15,11,12,1964,11,12
2775,7666,Seeding,Drill Seeding,Ground Seeding: Drill,4840,1192,100245,2,1963-07-15,1964-11-12,7/00/1963,11/12/1964,estimated day,actual,486,Implemented,Successful,2,Acres,2900,-1,Confirmed seed list,Cottonwood Seeding Drill Mix,Seeds,Confirmed on Paper,Unknown,Species Specific,"The seed mix did not indicate whether bulk or PLS rates were used, therefore, unknown has been listed and all seed mix information has been entered into the Bulk category.",unknown,Approximately 2000 acres will be drilled to pubescent wheatgrass seed at a rate of 8 lbs. per acre.,"Pubescent wheatgrass was drilled at 6 lbs. per acre.  Cost of seed per acre- $1.89; pure seed 97.88%, germination test 91.75%, total cost per acre seeded- $19.91",NA,Polygon,Confirmed,"Digitized by BLM field office personnel, method unknown",NA,2453.562334,2442.406909,NA,NA,None,NA,None,NA,None,NA,NA,09:35:00,7,00,1963,07,15,11,12,1964,11,12
3983,11207,Seeding,Aerial Seeding,Aerial Seeding,6906,1283,100246,2,2002-10-15,2005-03-15,10/00/2002,3/00/2005,estimated day,estimated day,882,Implemented,Successful,1,Acres,812,-1,Confirmed seed list,Elk Springs Aerial Seed Mix,Seeds,Confirmed on Paper,Unknown,Species Specific,"The seed mix did not indicate whether bulk or PLS rates were used, therefore, unknown has been listed and all seed mix information has been entered into the Bulk category.",Apply an even spread of seed over the treatment area at a rate of\r\n \r\n11.72 pounds per acre.,"It is proposed to aerial seed and chain 812 acres of public land that burned in the Elk Spring fire which occurred in early June, 2002.  All seed may be treated with Germ-N-8 or similar product to enhance plant establishment and growth.  Both seeding and chaining would be completed in the fall of 2002 to attempted to stabilize the site as soon as possible.",NA,A even coverage of seed was applied over the treatment area,Polygon,Confirmed,"Digitized by BLM field office personnel, method unknown",NA,812.5314884,811.9825571,NA,NA,None,NA,None,NA,None,NA,NA,26:06:00,10,00,2002,10,15,3,00,2005,03,15
3983,11208,Vegetation/Soil Manipulation,Soil Disturbance,Soil Disturbance: Chaining,6907,1284,100246,2,2002-10-15,2005-03-15,10/00/2002,3/00/2005,estimated day,estimated day,882,Implemented,Successful,1,Acres,812,0,NA,NA,NA,NA,NA,NA,NA,To insure that we had a good seeding in the P-J country that had burned and chaining has been noted to be useful in this area.,"A 390 ft smooth anchor chain was pulled between two D-9 crawler tractors, in a J formation after a mix of grasses, forbs and shrubs had been flown on the treatment area.",NA,The chaining was a very effective manner to insure that we had a good seed-soil \r\ncontact in those areas that were heavily treed and had burned. We found it necessary to have \r\nexperienced PI's on the ground during chaining to ensure protection of archaeological sites and to resolve any issues that arise.,Polygon,Confirmed,"Digitized by BLM field office personnel, method unknown",NA,812.5314884,811.9825571,NA,NA,None,NA,None,NA,None,NA,The entire aerially seeded area was also chained after seeding.,26:06:00,10,00,2002,10,15,3,00,2005,03,15
1841,5086,Vegetation/Soil Manipulation,Soil Disturbance,Soil Disturbance: Rollerchopping,3304,7705,100297,2,1980-10-15,1981-02-15,10/00/1980,2/00/1981,estimated day,estimated day,123,Implemented,None,2,Acres,102,0,NA,NA,NA,NA,NA,NA,NA,The C-B oil shale project will brush cut and seed 102 acres of bottomland sagebrush to increase available forage for mule deer,The sagebrush would be manipulated using a Marden L-7 tandem brush cutter towed by a D-4 Caterpillar type tractor.,NA,NA,Polygon,Confirmed,Digitized by LTDL data entry personnel using a confirmed map,6/23/2016,235.3832873,235.2305132,NA,BLM and Cooperators,"Rangeland health, Habitat for mule deer, Habitat for wildlife","The C-B oil shale project will brush cut and seed 102 acres of bottomland sagebrush to increase available forage for mule deer.  C-b will provide all materials, labor, and equipment.",None,NA,None,NA,NA,17:48:00,10,00,1980,10,15,2,00,1981,02,15
1841,5087,Seeding,Drill Seeding,Ground Seeding: Drill,3307,7706,100297,2,1980-10-15,1981-02-15,10/00/1980,2/00/1981,estimated day,estimated day,123,Implemented,None,1,Acres,102,-1,Planned seed list,NA,Seeds,Plan,Unknown,Species Specific,NA,The C-B oil shale project will brush cut and seed 102 acres of bottomland sagebrush to increase available forage for mule deer,Seeding would be accomplished after sagebrush cutting using a D-4 tractor and rangeland drill.,NA,NA,Polygon,Confirmed,Digitized by LTDL data entry personnel using a confirmed map,6/23/2016,235.3832873,235.2305132,NA,BLM and Cooperators,"Rangeland health, Habitat for mule deer, Habitat for wildlife","The C-B oil shale project will brush cut and seed 102 acres of bottomland sagebrush to increase available forage for mule deer.  C-b will provide all materials, labor, and equipment.",None,NA,None,NA,NA,17:48:00,10,00,1980,10,15,2,00,1981,02,15
3526,9906,Seeding,Ground Seeding,Ground Seeding: Broadcast,6117,415290,100300,2,1942-03-15,1942-04-22,3/15/1942,4/22/1942,actual,actual,38,Implemented,None,2,Acres,2000,-1,Planned seed list,NA,Seeds,Plan,Unknown,Overall,"There was only a general rate listed for all species combined indicated here, specific rates for each species were not possible.","To increase the forage production of practically\r\nworthless land; to retard soil erosion, etc.","The railing or discing of 2,000 acres of heavy sage\r\nbrush land, in strips or patches, and reseeding of same with about 3 # per acre of adapted specie of grass and browse .",NA,NA,Polygon,Confirmed,Digitized by LTDL data entry personnel using a confirmed map,7/6/2016,3969.545192,3577.513831,NA,Contractor,Forage for livestock,"To increase the forage production of practically worthless land&* to retard soil erosion, etc.",None,NA,None,NA,NA,09:45:00,3,15,1942,03,15,4,22,1942,04,22
3526,9907,Vegetation/Soil Manipulation,Soil Disturbance,Soil Disturbance: Railing,6118,415291,100300,2,1942-03-15,1942-04-22,3/15/1942,4/22/1942,actual,actual,38,Implemented,None,2,Acres,2000,0,NA,NA,NA,NA,NA,NA,NA,"To increase the forage production of practically worthless land; to retard soil erosion, etc.","The railing or discing of 2,000 acres of heavy sage\r\nbrush land, in strips or patches, and reseeding of same with about 3 # per acre of adapted specie of grass and browse .",NA,NA,Polygon,Confirmed,Digitized by LTDL data entry personnel using a confirmed map,7/6/2016,3969.545192,3577.513831,NA,NA,Forage for livestock,"To increase the forage production of practically worthless land&* to retard soil erosion, etc.",None,NA,None,NA,NA,09:45:00,3,15,1942,03,15,4,22,1942,04,22
12667,34141,Vegetation/Soil Manipulation,Soil Disturbance,Soil Disturbance: Plowing,21982,415462,100302,2,1961-09-13,1961-11-27,9/13/1961,11/27/1961,actual,actual,75,Implemented,None,2,Acres,1000,0,NA,NA,NA,NA,NA,NA,NA,NA,NA,Plowing of sagebrush and drilling to crested wheatgrass,NA,Polygon,Confirmed,Digitized by LTDL data entry personnel using a planned map,7/5/2016,1130.154156,1104.30336,NA,Contractor,"Rangeland health, Brush control",NA,None,NA,None,NA,NA,03:52:00,9,13,1961,09,13,11,27,1961,11,27
12667,34142,Seeding,Drill Seeding,Ground Seeding: Drill,21983,415463,100302,2,1961-09-30,1961-11-27,9/31/1961,11/27/1961,estimated day,actual,58,Implemented,None,2,Acres,2000,-1,Confirmed seed list,NA,Seeds,Confirmed on Paper,Unknown,Species Specific,NA,NA,NA,Plowing of sagebrush and drilling to crested wheatgrass,NA,Polygon,Confirmed,Digitized by LTDL data entry personnel using a planned map,7/5/2016,1130.154156,1104.30336,NA,Contractor,"Rangeland health, Brush control",NA,None,NA,None,NA,NA,33:07:00,9,31,1961,09,30,11,27,1961,11,27
11572,31380,Seeding,Drill Seeding,Ground Seeding: Drill,20145,271330,104954,2,1963-06-04,1963-11-16,6/4/1963,11/16/1963,actual,actual,165,Implemented,None,2,Acres,5200,-1,Confirmed seed list,NA,Seeds,Confirmed on Paper,Unknown,Species Specific,NA,NA,NA,This area was plowed and seeded in the fall of 1963. Both one-way and killifer-type plows were used with John Deere rubber-tired 5010 tractors. Primary species seeded were standard crested wheatgrass at 3 lbs./acre plus 3lbs. Nordon Crested Wheatgrass and 1lb. of yellow sweet clover. About 1000 acres in the Northeast portion was seeded to Russian wildrye at 1lbs./acre.,NA,Polygon,Confirmed,Digitized by LTDL data entry personnel using a confirmed map,6/17/2013,7289.276878,7288.709743,NA,BLM,Unknown,NA,None,NA,None,NA,NA,10:05:00,6,4,1963,06,04,11,16,1963,11,16
11572,31381,Seeding,Ground Seeding,Ground Seeding,20146,271331,104954,2,1963-06-04,1963-11-16,6/4/1963,11/16/1963,actual,actual,165,Implemented,None,2,Acres,5200,-1,Not Determined,NA,NA,NA,NA,NA,NA,NA,NA,This area was plowed and seeded in the fall of 1963. Both one-way and killifer-type plows were used with John Deere rubber-tired 5010 tractors. P,NA,Polygon,Confirmed,Digitized by LTDL data entry personnel using a confirmed map,6/17/2013,7289.276878,7288.709743,NA,BLM,Unknown,NA,None,NA,None,NA,NA,57:30:00,6,4,1963,06,04,11,16,1963,11,16
12450,33563,Seeding,Drill Seeding,Ground Seeding: Drill,21605,271358,104975,2,1970-06-15,1970-06-15,00/00/1970,00/00/1970,estimated month and day,estimated month and day,0,Implemented,None,2,Acres,1000,-1,Planned seed list,NA,Seeds,Plan,Unknown,Species Specific,NA,NA,NA,NA,NA,Polygon,Confirmed,Digitized by LTDL data entry personnel using a confirmed map,6/20/2013,2065.949536,2065.840458,NA,Contractor,"Watershed degradation, Provide forage for livestock",It is necessary to complete this project in FY1971 as it will be used in conjunction with an allotment management plan (rest rotation). It is located in a fenced field and it is necessary to increase the grazing capacity to a point equal to adjoining fields.,None,NA,None,NA,NA,17:41:00,00,00,1970,06,15,00,00,1970,06,15
12450,33564,Vegetation/Soil Manipulation,Soil Disturbance,Soil Disturbance: Plowing,21606,271359,104975,2,1970-06-15,1970-06-15,00/00/1970,00/00/1970,estimated month and day,estimated month and day,0,Implemented,None,2,Acres,1000,0,NA,NA,NA,NA,NA,NA,NA,NA,NA,NA,NA,Polygon,Confirmed,Digitized by LTDL data entry personnel using a confirmed map,6/20/2013,2065.949536,2065.840458,NA,Contractor,"Watershed degradation, Provide forage for livestock",It is necessary to complete this project in FY1971 as it will be used in conjunction with an allotment management plan (rest rotation). It is located in a fenced field and it is necessary to increase the grazing capacity to a point equal to adjoining fields.,None,NA,None,NA,NA,22:01:00,00,00,1970,06,15,00,00,1970,06,15
1548,4356,Vegetation/Soil Manipulation,Soil Disturbance,Soil Disturbance: Plowing,2787,292099,105710,3,1952-05-29,1952-10-10,5/29/1952,10/10/1952,actual,actual,134,Implemented,See Comments,2,Acres,6576.33,0,NA,NA,NA,NA,NA,NA,NA,To remove 90% brush and prepare the seedbed.,"The BLM will supply funds and materials for brush clearing and seedbed preparation of approximately 4558 acres of Federal Rangeland. The cooperator will pay for brush clearing and seedbed preparation on all private land (approximately 2947.07 acres).\r\n\r\nSeedbed preparation and seeding were awarded on the same contract on November 29, 1951 to Willis Brothers for $4.60 per acre for seedbed preparation. The contract calls for plowing to 90% brush kill.","Work commenced on the job May 29th with two D-7 Cats pulling two 12' John Deere Killefer Disk Harrows each. They completed the area once over on July 3rd. Returned to Brush Creek on September 8, 1952. On the second time over they attached a rotary type broadcaster behind the harrows and followed these with till and pack type toothed cultipackers. Willis completed this job on October 10, 1952.",First over: 65-90% brush kill\r\nSecond time: 90% brush kill,Polygon,Confirmed,"Digitized by BLM field office personnel, using paper map",NA,5992.272122,2871.09682,This shape was edited to better match the provided map.,Contractor,"Noxious Weeds, Livestock in treated area, Overgrazing, Provide forage for livestock",The purpose of these projects is to provide additional forage to relieve the grazing pressure on range badly infested with Halogeton and to provide competition to the Halogeton by a well adapted desirable perennial species. Results expected will practically eliminate halogeton in the reseeded area and provide a degree of natural rehabilitation on adjacent areas where the grazing pressure will be reduced.,None,NA,None,NA,Cost= planned cost per acre (4.60) x acres,42:19:00,5,29,1952,05,29,10,10,1952,10,10
1548,4357,Seeding,Ground Seeding,Ground Seeding: Broadcast,2788,292100,105710,3,1952-09-08,1952-10-10,9/8/1952,10/10/1952,actual,actual,32,Implemented,See Comments,2,Acres,6576.33,-1,Confirmed seed list,Crested wheatgrass seeding,Seeds,Confirmed on Paper,Unknown,Species Specific,NA,The purpose of these projects is to provide additional forage to relieve the grazing pressure on range badly infested with Halogeton and to provide competition to the Halogeton by a well adapted desirable perennial species. Results expected will practically eliminate halogeton in the reseeded area and provide a degree of natural rehabilitation on adjacent areas where the grazing pressure will be reduced.,"The BLM will supply funds and materials for brush clearing, seedbed preparation and seeding of approximately 4548 acres of Federal Rangeland. The cooperator will provided seed for the seeding of all the private land and, in addition, the cooperator will pay for brush clearing, seedbed preparation and seeding of all private land by checks payable to the Treasurer of the United States. Private land within the area totals approximately 2947.07 acre.","One the second time over (plow) they attached a rotary type broadcaster behind the harrows and followed these with till and pack type toothed cultipackers. The seeding was done in a workmanlike manner. The only objection to the operation was in the broadcasters. This type of broadcasters turns the seed loose too high above the ground and in such a manner that the wind has a good chance of blowing it quite a ways. Willis completed this job October 10, 1952. Rate of seeding for the project was determined to be 5.85 lbs. actual seed per acre, or about 5 lbs. viable. This was all crested wheatgrass except for 100 lbs. intermediate wheatgrass that was sowed into the southeast corner. The final figure for seeded area was 6,576.33 acres.","03/25/1953: Checked area for emergence of grass seedlings. Found a few sprouting, but they were in the minority.\r\n\r\n06/09/1954: 1400 acres marked excellent with 52% stand density, 2576 acres marked good with 42% stand density, 1800 acres marked fair with 37% stand density, 600 acres marked poor with 13% stand density, 200 acres marked failure with 5% stand density\r\nThere is a fair release, with 10% total forage at present. \r\n\r\nAlkali spot in the northeast corned and partial strip across north end are failure due to poor soil and rabbit damage. Other spots that were poor had shallow ridges on east edge of project.",Polygon,Confirmed,"Digitized by BLM field office personnel, using paper map",NA,5992.272122,2871.09682,Original shape edited to better match the provided map.,Contractor,"Noxious Weeds, Livestock in treated area, Overgrazing, Provide forage for livestock",The purpose of these projects is to provide additional forage to relieve the grazing pressure on range badly infested with Halogeton and to provide competition to the Halogeton by a well adapted desirable perennial species. Results expected will practically eliminate halogeton in the reseeded area and provide a degree of natural rehabilitation on adjacent areas where the grazing pressure will be reduced.,None,NA,None,NA,cost= cost seeding per acre (0.55) x acres,23:08:00,9,8,1952,09,08,10,10,1952,10,10
1548,4359,Vegetation/Soil Manipulation,Soil Disturbance,Soil Disturbance: Cultipacking,2789,292101,105710,3,1952-09-08,1952-10-10,9/8/1952,10/10/1952,actual,actual,32,Implemented,Unknown,2,Acres,6576.33,0,NA,NA,NA,NA,NA,NA,NA,To cover the seeded species.,"The BLM will supply funds and materials for brush clearing, seedbed preparation and seeding of approximately 4548 acres of Federal Rangeland. The cooperator will provided seed for the seeding of all the private land and, in addition, the cooperator will pay for brush clearing, seedbed preparation and seeding of all private land by checks payable to the Treasurer of the United States. Private land within the area totals approximately 2947.07 acre.","One the second time over (plow) they attached a rotary type broadcaster behind the harrows and followed these with till and pack type toothed cultipackers. The seeding was done in a workmanlike manner. Willis completed this job October 10, 1952.  The final figure for seeded area was 6,576.33 acres.",NA,Polygon,Confirmed,"Digitized by BLM field office personnel, using paper map",NA,5992.272122,2871.09682,Shape edited to better match provided map.,Contractor,"Noxious Weeds, Livestock in treated area, Overgrazing, Provide forage for livestock",The purpose of these projects is to provide additional forage to relieve the grazing pressure on range badly infested with Halogeton and to provide competition to the Halogeton by a well adapted desirable perennial species. Results expected will practically eliminate halogeton in the reseeded area and provide a degree of natural rehabilitation on adjacent areas where the grazing pressure will be reduced.,None,NA,None,NA,NA,40:45:00,9,8,1952,09,08,10,10,1952,10,10
915,2490,Vegetation/Soil Manipulation,Soil Disturbance,Soil Disturbance: Plowing,1620,290136,105834,2,1955-09-01,1955-10-15,9/1/1955,10/15/1955,actual,actual,44,Implemented,None,2,Acres,2500,0,NA,NA,NA,NA,NA,NA,NA,prepare seedbed on range areas surrounding Halogeton infested lands.,NA,Prepared seed bed and seeded to crested wheat grass 2500 acres of Bureau of Land Management land.,NA,Polygon,Confirmed,Digitized by LTDL data entry personnel using a confirmed map,6/8/2012,2360.241408,2349.442559,NA,NA,"Noxious Weeds, Rangeland health",The purpose of this project was to improve range production on depleted lands and to provide a buffer zone against surrounding halogeton infested areas.,None,NA,None,NA,NA,09:33:00,9,1,1955,09,01,10,15,1955,10,15
915,2491,Seeding,Drill Seeding,Ground Seeding: Drill,1621,290137,105834,2,1955-09-01,1955-10-15,9/1/1955,10/15/1955,actual,actual,44,Implemented,None,2,Acres,2500,-1,Confirmed seed list,NA,Seeds,Confirmed on Paper,Unknown,Overall,"There was only a general rate listed for all species combined indicated here, specific rates for each species were not possible.  The rate was",Seed range areas surrounding Halogeton infested lands.,NA,Prepared seed bed and seeded to crested wheat grass 2500 acres of Bureau of Land Management land.,Increased sheet erosion due to lack of ground cover.,Polygon,Confirmed,Digitized by LTDL data entry personnel using a confirmed map,6/8/2012,2360.241408,2349.442559,NA,NA,"Noxious Weeds, Rangeland health",The purpose of this project was to improve range production on depleted lands and to provide a buffer zone against surrounding halogeton infested areas.,Application method could not reach all areas,This area had a great many rock patches which couldn\u2019t be drilled or plowed.  The soil in this area makes it impossible to build earth dams.,None,NA,NA,13:02:00,9,1,1955,09,01,10,15,1955,10,15
9390,25525,Vegetation/Soil Manipulation,Soil Disturbance,Soil Disturbance: Chaining,16293,290894,105984,2,1967-08-28,1967-11-17,8/28/1967,11/17/1967,actual,actual,81,Implemented,None,2,Acres,600,0,NA,NA,NA,NA,NA,NA,NA,NA,Project will consist of chaining 600 acres of juniper and large sage brush.\r\nChaining will be done one way. Crested wheat seed will be flown on chained area\r\nand second chaining will be r eversed to cover seed.,The area was chained and aerial seeded and then chained in the\r\nopposite direction.,NA,Polygon,Confirmed,"Digitized by BLM field office personnel, method unknown",NA,844.7577336,844.293041,NA,NA,Unknown,Project will consist of chaining 600 acres of juniper and large sage brush. Chaining will be done one way. Crested wheat seed will be flown on chained area and second chaining will be reversed to cover seed.,None,NA,None,NA,NA,21:26:00,8,28,1967,08,28,11,17,1967,11,17
9390,25526,Seeding,Aerial Seeding,Aerial Seeding,16294,290895,105984,2,1967-08-28,1967-11-17,8/28/1967,11/17/1967,actual,actual,81,Implemented,None,2,Acres,600,-1,Confirmed seed list,NA,Seeds,Confirmed on Paper,Unknown,Species Specific,NA,NA,NA,The area was chained and aerial seeded and then chained in the opposite direction. Crested Wheat Grass was seeded at 8 Lbs. per acre. The purity was 93% and the germination was 92%.,NA,Polygon,Confirmed,"Digitized by BLM field office personnel, method unknown",NA,844.7577336,844.293041,NA,Contractor,Unknown,Project will consist of chaining 600 acres of juniper and large sage brush. Chaining will be done one way. Crested wheat seed will be flown on chained area and second chaining will be reversed to cover seed.,None,NA,None,NA,NA,21:26:00,8,28,1967,08,28,11,17,1967,11,17
3589,10053,Herbicide/Weeds/Chemical,Herbicide,Herbicide Application: Brush/Tree Control,6230,306032,106243,3,1960-05-19,1960-10-15,5/19/1960,10/15/1960,actual,actual,149,Implemented,None,2,Acres,3136.38,0,NA,NA,NA,NA,NA,NA,NA,NA,NA,A dense stand of sagebrush was sprayed with low volatile iso-octo ester of 2-4D at a rate of 2 pounds per acre in a solution of 1/2 gallon of diesel fuel and four gallons of water for a  total solution of 5 gallons per acre.,NA,Polygon,Confirmed,Digitized by LTDL data entry personnel using a confirmed map,1/4/2011,3157.552868,3157.618774,NA,NA,None,NA,None,NA,None,NA,NA,51:20:00,5,19,1960,05,19,10,15,1960,10,15
3589,10054,Seeding,Aerial Seeding,Aerial Seeding,6231,306033,106243,3,1960-05-19,1960-10-15,5/19/1960,10/15/1960,actual,actual,149,Implemented,None,2,Acres,600,-1,Confirmed seed list,Aerial Broadcast Mix,Seeds,Confirmed on Paper,Unknown,Unknown,NA,NA,NA,Six hundred acres of the project area was aerial broadcast with crested wheatgrass seed,NA,Polygon,Confirmed,Digitized by LTDL data entry personnel using a confirmed map,1/4/2011,623.4472114,623.4479407,NA,NA,None,NA,None,NA,None,NA,NA,54:00:00,5,19,1960,05,19,10,15,1960,10,15
3589,10055,Vegetation/Soil Manipulation,Soil Disturbance,Soil Disturbance: Chaining,6232,306034,106243,3,1960-05-19,1960-10-15,5/19/1960,10/15/1960,actual,actual,149,Implemented,None,2,Acres,600,0,NA,NA,NA,NA,NA,NA,NA,NA,NA,The seeding area was chained with a 90 pound anchor chain to provide seed coverage.,NA,Polygon,Confirmed,Digitized by LTDL data entry personnel using a confirmed map,1/4/2011,623.4472114,623.4479407,NA,NA,None,NA,None,NA,None,NA,NA,56:17:00,5,19,1960,05,19,10,15,1960,10,15
7757,21214,Vegetation/Soil Manipulation,Soil Disturbance,Soil Disturbance: Plowing,13464,301933,106316,2,1966-06-15,1966-06-15,00/00/1966,00/00/1966,estimated month and day,estimated month and day,0,Implemented,None,2,Acres,2238,0,Unknown seed list,NA,NA,Unknown Seed List Origin,NA,NA,NA,NA,NA,NA,NA,Polygon,Confirmed,"Digitized by BLM field office personnel, method unknown",NA,2240.346774,2240.354288,NA,BLM,Unknown,NA,None,NA,None,NA,NA,30:38:00,00,00,1966,06,15,00,00,1966,06,15
7757,21215,Seeding,Drill Seeding,Ground Seeding: Drill,13465,301934,106316,2,1966-06-15,1966-06-15,00/00/1966,00/00/1966,estimated month and day,estimated month and day,0,Implemented,None,2,Acres,2238,-1,Unknown seed list,NA,Seeds,Unknown Seed List Origin,Unknown,Unknown,"The seed mix did not indicate whether bulk or PLS rates were used, therefore, unknown has been listed and all seed mix information has been entered into the Bulk category.",NA,NA,NA,NA,Polygon,Confirmed,"Digitized by BLM field office personnel, method unknown",NA,2240.346774,2240.354288,NA,BLM,Unknown,NA,None,NA,None,NA,NA,31:39:00,00,00,1966,06,15,00,00,1966,06,15
9917,26931,Vegetation/Soil Manipulation,Soil Disturbance,Soil Disturbance: Plowing,17215,350856,107445,2,1967-09-08,1967-11-17,9/8/1967,11/17/1967,actual,actual,70,Implemented,Partially Successful,2,Acres,1601,0,NA,NA,NA,NA,NA,NA,NA,Eliminate existing big sagebrush and to sow crested wheat grass.,Plow and seed 1700 acres of Federal Range.,"Plowed with one HD 21 Allis Chalmers pulling one 16'26"" Towner disc plow.","Majority of the contract area was exceedingly rocky and many of these small areas have been omitted from plowed area.  On these rocky areas that were plowed, a poor sagebrush kill resulted.  The rocks were under the surface a few inches which caused the plows to lift out of the soil, preventing the cutting off of the sagebrush.  On other portions of the project, the soil was excessively sandy.  The plows would sink into the soil to the plows depth bands which was approx. 12"" deep.  Due to the loose soil the sagebrush would give enough to allow the plow discs to go around the brush without damaging the plant.",Polygon,Confirmed,Digitized by LTDL data entry personnel using a confirmed map,7/11/2012,1630.482565,1244.283686,NA,NA,"Erosion, Loss of vegetation, Provide forage for livestock, Provide forage for wildlife, Rangeland health",Project will restore adequate vegetative cover to conserve soil and moisture resources and increase livestock and wildlife forage.  This area when developed will contribute to rehabilitation of the surrounding area because the livestock will be held in this seeding longer in the spring which will defer some  of the high country to the north which is presently being used too early.,None,NA,None,NA,NA,30:54:00,9,8,1967,09,08,11,17,1967,11,17
9917,26932,Seeding,Drill Seeding,Ground Seeding: Drill,17216,350857,107445,2,1967-09-08,1967-11-17,9/8/1967,11/17/1967,actual,actual,70,Implemented,Partially Successful,2,Acres,1601,-1,Confirmed seed list,NA,Seeds,Confirmed on Paper,Unknown,Overall,"There was only a general rate listed for all species combined indicated here, specific rates for each species were not possible.  The rate was",Eliminate existing big sagebrush and to sow crested wheat grass.,Plow and seed 1700 acres of Federal Range.,drilled with standard grain drills which press the seed into the ground.,"Crested wheat grass seedlings had developed two or more leaf blades; some have produced secondary culms.  Others are in the ""boot.&&  Rows are easily defined; reported density is uniform over most of the seeding.",Polygon,Confirmed,Digitized by LTDL data entry personnel using a confirmed map,7/11/2012,1630.482565,1244.283686,NA,NA,"Erosion, Loss of vegetation, Provide forage for livestock, Provide forage for wildlife, Rangeland health",Project will restore adequate vegetative cover to conserve soil and moisture resources and increase livestock and wildlife forage.  This area when developed will contribute to rehabilitation of the surrounding area because the livestock will be held in this seeding longer in the spring which will defer some  of the high country to the north which is presently being used too early.,None,NA,None,NA,NA,42:50:00,9,8,1967,09,08,11,17,1967,11,17
13180,35495,Seeding,Drill Seeding,Ground Seeding: Drill,22905,291388,107772,2,1963-10-31,1964-04-14,10/31/1963,4/14/1964,actual,actual,166,Implemented,None,2,Acres,822,-1,Confirmed seed list,NA,Seeds,Confirmed on Paper,Unknown,Species Specific,NA,The area consisted mostly of Big Sagebrush and was a habitat for rabbits and rodents . By eliminating this brush it will help to reduce some of the rabbit populations within the area,NA,BLM furnished the seed and paid the drilling costs. The seed was drilled at approximately 6 lbs.  per acre. The\r\nseed test indicated 86% purity and 88% germination. Seed costs were $1 . 02 per acre. Total cost of the seeding per acre was $5. 02 .,NA,Polygon,Confirmed,"Digitized by BLM field office personnel, method unknown",NA,919.4745447,904.754233,NA,NA,None,NA,None,NA,None,NA,NA,14:25:00,10,31,1963,10,31,4,14,1964,04,14
13180,35496,Vegetation/Soil Manipulation,Soil Disturbance,Soil Disturbance: Plowing,22906,291389,107772,2,1963-10-31,1964-04-14,10/31/1963,4/14/1964,actual,actual,166,Implemented,None,2,Acres,822,0,NA,NA,NA,NA,NA,NA,NA,"This is an area inside of the Yost Seeding that was never treated. It is a harbor for rabbits and rodents. Therefore, it is planned to plow this area and seed to crested wheat grass . This will help to solve the rabbit problem and also make more livestock forage available.",NA,The users plowed the land as their contribution toward the project .,NA,Polygon,Confirmed,"Digitized by BLM field office personnel, method unknown",NA,919.4745447,904.754233,NA,BLM and Cooperators,Unknown,"This is an area inside of the Yost Seeding that was never treated. It is a harbor for rabbits and rodents. Therefore, it is planned to plow this area and seed to crested wheat grass . This will help to solve the rabbit problem and also make more\r\nlivestock forage available.",None,NA,None,NA,NA,14:25:00,10,31,1963,10,31,4,14,1964,04,14
13177,35489,Seeding,Drill Seeding,Ground Seeding: Drill,22900,293608,107775,3,1952-09-12,1952-10-15,9/12/1952,10/15/1952,actual,actual,33,Implemented,Successful,2,Acres,2446,-1,Confirmed seed list,Crested Wheatgrass,Seeds,Confirmed on Paper,Unknown,Species Specific,"The seed mix did not indicate whether bulk or PLS rates were used, therefore, unknown has been listed and all seed mix information has been entered into the Bulk category. \r\n\r\nCost of seed is planned cost.",Reseeding to Crested Wheatgrass... to control Halogeton.,NA,"The seed was sown by means of Van Brandt grain drills. The seed being placed as shallow in the soil as the equipment would allow, 1 to 2 inches at the most, when possible.\r\n\r\nThe drilling was completed in the early fall with the hope of establishing a stand; however, due to an excessive, long, dry fall no sprouting occurred.",This is one of the most successful reseeding projects known.\r\n\r\nThis project is located within an area entirely surrounded by Halogeton with some invasion of this noxious weed into the area plowed. Inspection of this reseeding in the summer of 1953 showed it to be one of the most successful stands in the state.,Polygon,Confirmed,"Digitized by BLM field office personnel, method unknown",NA,2821.78326,2787.434591,NA,Contractor,Noxious Weeds,...to control Halogeton.,None,NA,Dry,The soil was very dry at seeding time and the seed bed consisted of 3-4 inches of powder dry dust.,Partial cost is for seed only.,30:57:00,9,12,1952,09,12,10,15,1952,10,15
13177,35490,Vegetation/Soil Manipulation,Soil Disturbance,Soil Disturbance: Plowing,22901,293609,107775,3,1952-09-12,1952-10-15,9/12/1952,10/15/1952,actual,actual,33,Implemented,Unknown,2,Acres,2446,0,NA,NA,NA,NA,NA,NA,NA,Preparing seed bed [by] plowing...,Preparing seed bed [by] plowing...,The brush was first plowed by heavy disk plow...,NA,Polygon,Confirmed,"Digitized by BLM field office personnel, method unknown",NA,2821.78326,2787.434591,NA,Unknown,Other (See Trt Notes),...to clear the brush and firm or pack the soil.,None,NA,None,NA,"Total cost of plowing and dragging was $14,400.",30:57:00,9,12,1952,09,12,10,15,1952,10,15
13177,35491,Vegetation/Soil Manipulation,Soil Disturbance,Soil Disturbance: Railing,22902,293610,107775,3,1952-09-12,1952-10-15,9/12/1952,10/15/1952,actual,actual,33,Implemented,Unknown,2,Acres,2446,0,NA,NA,NA,NA,NA,NA,NA,Preparing seed bed [by] ...dragging.,Preparing seed bed [by] ...dragging.,...followed by a heavy rail drag to clear the brush and firm or pack the soil.,NA,Polygon,Confirmed,"Digitized by BLM field office personnel, method unknown",NA,2821.78326,2787.434591,NA,Unknown,Other (See Trt Notes),...to clear the brush and firm or pack the soil.,None,NA,None,NA,"Total cost of plowing and dragging was $14,400.",30:57:00,9,12,1952,09,12,10,15,1952,10,15
